2024-11-18 17:51:09,725 - pyALS-RF - INFO: Performing precision scaling approximation flow
	conf: None
	use espresso: False
	evaluation mode: full
	alpha: 0.07
	beta: 0.5
	gamma: 2.0
2024-11-18 17:51:09,725 - pyALS-RF - INFO: Runing the pruning flow.
2024-11-23 16:08:47,794 - pyALS-RF - INFO: Runing the TMR flow.
2024-11-23 16:08:48,765 - pyALS-RF - INFO: Tree 0: 399 DBs instantiated.
2024-11-23 16:08:48,840 - pyALS-RF - INFO: Tree 1: 392 DBs instantiated.
2024-11-23 16:08:48,908 - pyALS-RF - INFO: Tree 2: 409 DBs instantiated.
2024-11-23 16:08:48,978 - pyALS-RF - INFO: Tree 3: 394 DBs instantiated.
2024-11-23 16:08:49,047 - pyALS-RF - INFO: Tree 4: 396 DBs instantiated.
2024-11-23 16:08:49,113 - pyALS-RF - INFO: Tree 5: 369 DBs instantiated.
2024-11-23 16:08:49,174 - pyALS-RF - INFO: Tree 6: 373 DBs instantiated.
2024-11-23 16:08:49,237 - pyALS-RF - INFO: Tree 7: 389 DBs instantiated.
2024-11-23 16:08:49,302 - pyALS-RF - INFO: Tree 8: 358 DBs instantiated.
2024-11-23 16:08:49,360 - pyALS-RF - INFO: Tree 9: 365 DBs instantiated.
2024-11-23 16:08:49,423 - pyALS-RF - INFO: Tree 10: 407 DBs instantiated.
2024-11-23 16:08:49,494 - pyALS-RF - INFO: Tree 11: 398 DBs instantiated.
2024-11-23 16:08:49,558 - pyALS-RF - INFO: Tree 12: 365 DBs instantiated.
2024-11-23 16:08:49,618 - pyALS-RF - INFO: Tree 13: 370 DBs instantiated.
2024-11-23 16:08:49,684 - pyALS-RF - INFO: Tree 14: 399 DBs instantiated.
2024-11-23 16:08:49,746 - pyALS-RF - INFO: Tree 15: 366 DBs instantiated.
2024-11-23 16:08:49,799 - pyALS-RF - INFO: Tree 16: 364 DBs instantiated.
2024-11-23 16:08:49,857 - pyALS-RF - INFO: Tree 17: 391 DBs instantiated.
2024-11-23 16:08:49,924 - pyALS-RF - INFO: Tree 18: 384 DBs instantiated.
2024-11-23 16:08:49,986 - pyALS-RF - INFO: Tree 19: 372 DBs instantiated.
2024-11-23 16:08:50,047 - pyALS-RF - INFO: Tree 20: 383 DBs instantiated.
2024-11-23 16:08:50,110 - pyALS-RF - INFO: Tree 21: 372 DBs instantiated.
2024-11-23 16:08:50,170 - pyALS-RF - INFO: Tree 22: 366 DBs instantiated.
2024-11-23 16:08:50,244 - pyALS-RF - INFO: Tree 23: 439 DBs instantiated.
2024-11-23 16:08:50,318 - pyALS-RF - INFO: Tree 24: 379 DBs instantiated.
2024-11-23 16:08:50,388 - pyALS-RF - INFO: Tree 25: 434 DBs instantiated.
2024-11-23 16:08:50,464 - pyALS-RF - INFO: Tree 26: 393 DBs instantiated.
2024-11-23 16:08:50,529 - pyALS-RF - INFO: Tree 27: 380 DBs instantiated.
2024-11-23 16:08:50,592 - pyALS-RF - INFO: Tree 28: 386 DBs instantiated.
2024-11-23 16:08:50,652 - pyALS-RF - INFO: Tree 29: 388 DBs instantiated.
2024-11-23 16:08:50,719 - pyALS-RF - INFO: Tree 30: 402 DBs instantiated.
2024-11-23 16:08:50,778 - pyALS-RF - INFO: Tree 31: 347 DBs instantiated.
2024-11-23 16:08:50,829 - pyALS-RF - INFO: Tree 32: 332 DBs instantiated.
2024-11-23 16:08:50,887 - pyALS-RF - INFO: Tree 33: 396 DBs instantiated.
2024-11-23 16:08:50,953 - pyALS-RF - INFO: Tree 34: 389 DBs instantiated.
2024-11-23 16:08:51,015 - pyALS-RF - INFO: Tree 35: 367 DBs instantiated.
2024-11-23 16:08:51,079 - pyALS-RF - INFO: Tree 36: 364 DBs instantiated.
2024-11-23 16:08:51,144 - pyALS-RF - INFO: Tree 37: 385 DBs instantiated.
2024-11-23 16:08:51,215 - pyALS-RF - INFO: Tree 38: 395 DBs instantiated.
2024-11-23 16:08:51,290 - pyALS-RF - INFO: Tree 39: 375 DBs instantiated.
2024-11-23 16:12:13,740 - pyALS-RF - INFO: Runing the TMR flow.
2024-11-23 16:12:14,702 - pyALS-RF - INFO: Tree 0: 399 DBs instantiated.
2024-11-23 16:12:14,777 - pyALS-RF - INFO: Tree 1: 392 DBs instantiated.
2024-11-23 16:12:14,844 - pyALS-RF - INFO: Tree 2: 409 DBs instantiated.
2024-11-23 16:12:14,913 - pyALS-RF - INFO: Tree 3: 394 DBs instantiated.
2024-11-23 16:12:14,981 - pyALS-RF - INFO: Tree 4: 396 DBs instantiated.
2024-11-23 16:12:15,044 - pyALS-RF - INFO: Tree 5: 369 DBs instantiated.
2024-11-23 16:12:15,107 - pyALS-RF - INFO: Tree 6: 373 DBs instantiated.
2024-11-23 16:12:15,167 - pyALS-RF - INFO: Tree 7: 389 DBs instantiated.
2024-11-23 16:12:15,229 - pyALS-RF - INFO: Tree 8: 358 DBs instantiated.
2024-11-23 16:12:15,286 - pyALS-RF - INFO: Tree 9: 365 DBs instantiated.
2024-11-23 16:12:15,349 - pyALS-RF - INFO: Tree 10: 407 DBs instantiated.
2024-11-23 16:12:15,422 - pyALS-RF - INFO: Tree 11: 398 DBs instantiated.
2024-11-23 16:12:15,488 - pyALS-RF - INFO: Tree 12: 365 DBs instantiated.
2024-11-23 16:12:15,547 - pyALS-RF - INFO: Tree 13: 370 DBs instantiated.
2024-11-23 16:12:15,611 - pyALS-RF - INFO: Tree 14: 399 DBs instantiated.
2024-11-23 16:12:15,672 - pyALS-RF - INFO: Tree 15: 366 DBs instantiated.
2024-11-23 16:12:15,725 - pyALS-RF - INFO: Tree 16: 364 DBs instantiated.
2024-11-23 16:12:15,782 - pyALS-RF - INFO: Tree 17: 391 DBs instantiated.
2024-11-23 16:12:15,849 - pyALS-RF - INFO: Tree 18: 384 DBs instantiated.
2024-11-23 16:12:15,910 - pyALS-RF - INFO: Tree 19: 372 DBs instantiated.
2024-11-23 16:12:15,971 - pyALS-RF - INFO: Tree 20: 383 DBs instantiated.
2024-11-23 16:12:16,032 - pyALS-RF - INFO: Tree 21: 372 DBs instantiated.
2024-11-23 16:12:16,091 - pyALS-RF - INFO: Tree 22: 366 DBs instantiated.
2024-11-23 16:12:16,164 - pyALS-RF - INFO: Tree 23: 439 DBs instantiated.
2024-11-23 16:12:16,238 - pyALS-RF - INFO: Tree 24: 379 DBs instantiated.
2024-11-23 16:12:16,309 - pyALS-RF - INFO: Tree 25: 434 DBs instantiated.
2024-11-23 16:12:16,384 - pyALS-RF - INFO: Tree 26: 393 DBs instantiated.
2024-11-23 16:12:16,453 - pyALS-RF - INFO: Tree 27: 380 DBs instantiated.
2024-11-23 16:12:16,514 - pyALS-RF - INFO: Tree 28: 386 DBs instantiated.
2024-11-23 16:12:16,575 - pyALS-RF - INFO: Tree 29: 388 DBs instantiated.
2024-11-23 16:12:16,641 - pyALS-RF - INFO: Tree 30: 402 DBs instantiated.
2024-11-23 16:12:16,699 - pyALS-RF - INFO: Tree 31: 347 DBs instantiated.
2024-11-23 16:12:16,750 - pyALS-RF - INFO: Tree 32: 332 DBs instantiated.
2024-11-23 16:12:16,809 - pyALS-RF - INFO: Tree 33: 396 DBs instantiated.
2024-11-23 16:12:16,874 - pyALS-RF - INFO: Tree 34: 389 DBs instantiated.
2024-11-23 16:12:16,935 - pyALS-RF - INFO: Tree 35: 367 DBs instantiated.
2024-11-23 16:12:16,998 - pyALS-RF - INFO: Tree 36: 364 DBs instantiated.
2024-11-23 16:12:17,063 - pyALS-RF - INFO: Tree 37: 385 DBs instantiated.
2024-11-23 16:12:17,133 - pyALS-RF - INFO: Tree 38: 395 DBs instantiated.
2024-11-23 16:12:17,205 - pyALS-RF - INFO: Tree 39: 375 DBs instantiated.
2024-11-23 16:13:10,012 - pyALS-RF - INFO: Runing the TMR flow.
2024-11-23 16:13:10,980 - pyALS-RF - INFO: Tree 0: 399 DBs instantiated.
2024-11-23 16:13:11,055 - pyALS-RF - INFO: Tree 1: 392 DBs instantiated.
2024-11-23 16:13:11,122 - pyALS-RF - INFO: Tree 2: 409 DBs instantiated.
2024-11-23 16:13:11,192 - pyALS-RF - INFO: Tree 3: 394 DBs instantiated.
2024-11-23 16:13:11,262 - pyALS-RF - INFO: Tree 4: 396 DBs instantiated.
2024-11-23 16:13:11,326 - pyALS-RF - INFO: Tree 5: 369 DBs instantiated.
2024-11-23 16:13:11,387 - pyALS-RF - INFO: Tree 6: 373 DBs instantiated.
2024-11-23 16:13:11,450 - pyALS-RF - INFO: Tree 7: 389 DBs instantiated.
2024-11-23 16:13:11,513 - pyALS-RF - INFO: Tree 8: 358 DBs instantiated.
2024-11-23 16:13:11,570 - pyALS-RF - INFO: Tree 9: 365 DBs instantiated.
2024-11-23 16:13:11,633 - pyALS-RF - INFO: Tree 10: 407 DBs instantiated.
2024-11-23 16:13:11,706 - pyALS-RF - INFO: Tree 11: 398 DBs instantiated.
2024-11-23 16:13:11,770 - pyALS-RF - INFO: Tree 12: 365 DBs instantiated.
2024-11-23 16:13:11,829 - pyALS-RF - INFO: Tree 13: 370 DBs instantiated.
2024-11-23 16:13:11,894 - pyALS-RF - INFO: Tree 14: 399 DBs instantiated.
2024-11-23 16:13:11,956 - pyALS-RF - INFO: Tree 15: 366 DBs instantiated.
2024-11-23 16:13:12,010 - pyALS-RF - INFO: Tree 16: 364 DBs instantiated.
2024-11-23 16:13:12,067 - pyALS-RF - INFO: Tree 17: 391 DBs instantiated.
2024-11-23 16:13:12,134 - pyALS-RF - INFO: Tree 18: 384 DBs instantiated.
2024-11-23 16:13:12,195 - pyALS-RF - INFO: Tree 19: 372 DBs instantiated.
2024-11-23 16:13:12,256 - pyALS-RF - INFO: Tree 20: 383 DBs instantiated.
2024-11-23 16:13:12,320 - pyALS-RF - INFO: Tree 21: 372 DBs instantiated.
2024-11-23 16:13:12,380 - pyALS-RF - INFO: Tree 22: 366 DBs instantiated.
2024-11-23 16:13:12,453 - pyALS-RF - INFO: Tree 23: 439 DBs instantiated.
2024-11-23 16:13:12,526 - pyALS-RF - INFO: Tree 24: 379 DBs instantiated.
2024-11-23 16:13:12,598 - pyALS-RF - INFO: Tree 25: 434 DBs instantiated.
2024-11-23 16:13:12,673 - pyALS-RF - INFO: Tree 26: 393 DBs instantiated.
2024-11-23 16:13:12,737 - pyALS-RF - INFO: Tree 27: 380 DBs instantiated.
2024-11-23 16:13:12,798 - pyALS-RF - INFO: Tree 28: 386 DBs instantiated.
2024-11-23 16:13:12,858 - pyALS-RF - INFO: Tree 29: 388 DBs instantiated.
2024-11-23 16:13:12,924 - pyALS-RF - INFO: Tree 30: 402 DBs instantiated.
2024-11-23 16:13:12,983 - pyALS-RF - INFO: Tree 31: 347 DBs instantiated.
2024-11-23 16:13:13,034 - pyALS-RF - INFO: Tree 32: 332 DBs instantiated.
2024-11-23 16:13:13,093 - pyALS-RF - INFO: Tree 33: 396 DBs instantiated.
2024-11-23 16:13:13,158 - pyALS-RF - INFO: Tree 34: 389 DBs instantiated.
2024-11-23 16:13:13,219 - pyALS-RF - INFO: Tree 35: 367 DBs instantiated.
2024-11-23 16:13:13,283 - pyALS-RF - INFO: Tree 36: 364 DBs instantiated.
2024-11-23 16:13:13,349 - pyALS-RF - INFO: Tree 37: 385 DBs instantiated.
2024-11-23 16:13:13,419 - pyALS-RF - INFO: Tree 38: 395 DBs instantiated.
2024-11-23 16:13:13,489 - pyALS-RF - INFO: Tree 39: 375 DBs instantiated.
2024-11-23 16:13:30,000 - pyALS-RF - INFO: Runing the TMR flow.
2024-11-23 16:13:30,967 - pyALS-RF - INFO: Tree 0: 399 DBs instantiated.
2024-11-23 16:13:31,044 - pyALS-RF - INFO: Tree 1: 392 DBs instantiated.
2024-11-23 16:13:31,112 - pyALS-RF - INFO: Tree 2: 409 DBs instantiated.
2024-11-23 16:13:31,182 - pyALS-RF - INFO: Tree 3: 394 DBs instantiated.
2024-11-23 16:13:31,256 - pyALS-RF - INFO: Tree 4: 396 DBs instantiated.
2024-11-23 16:13:31,321 - pyALS-RF - INFO: Tree 5: 369 DBs instantiated.
2024-11-23 16:13:31,383 - pyALS-RF - INFO: Tree 6: 373 DBs instantiated.
2024-11-23 16:13:31,444 - pyALS-RF - INFO: Tree 7: 389 DBs instantiated.
2024-11-23 16:13:31,507 - pyALS-RF - INFO: Tree 8: 358 DBs instantiated.
2024-11-23 16:13:31,565 - pyALS-RF - INFO: Tree 9: 365 DBs instantiated.
2024-11-23 16:13:31,627 - pyALS-RF - INFO: Tree 10: 407 DBs instantiated.
2024-11-23 16:13:31,699 - pyALS-RF - INFO: Tree 11: 398 DBs instantiated.
2024-11-23 16:13:31,763 - pyALS-RF - INFO: Tree 12: 365 DBs instantiated.
2024-11-23 16:13:31,822 - pyALS-RF - INFO: Tree 13: 370 DBs instantiated.
2024-11-23 16:13:31,887 - pyALS-RF - INFO: Tree 14: 399 DBs instantiated.
2024-11-23 16:13:31,949 - pyALS-RF - INFO: Tree 15: 366 DBs instantiated.
2024-11-23 16:13:32,003 - pyALS-RF - INFO: Tree 16: 364 DBs instantiated.
2024-11-23 16:13:32,060 - pyALS-RF - INFO: Tree 17: 391 DBs instantiated.
2024-11-23 16:13:32,128 - pyALS-RF - INFO: Tree 18: 384 DBs instantiated.
2024-11-23 16:13:32,191 - pyALS-RF - INFO: Tree 19: 372 DBs instantiated.
2024-11-23 16:13:32,255 - pyALS-RF - INFO: Tree 20: 383 DBs instantiated.
2024-11-23 16:13:32,318 - pyALS-RF - INFO: Tree 21: 372 DBs instantiated.
2024-11-23 16:13:32,378 - pyALS-RF - INFO: Tree 22: 366 DBs instantiated.
2024-11-23 16:13:32,453 - pyALS-RF - INFO: Tree 23: 439 DBs instantiated.
2024-11-23 16:13:32,525 - pyALS-RF - INFO: Tree 24: 379 DBs instantiated.
2024-11-23 16:13:32,597 - pyALS-RF - INFO: Tree 25: 434 DBs instantiated.
2024-11-23 16:13:32,675 - pyALS-RF - INFO: Tree 26: 393 DBs instantiated.
2024-11-23 16:13:32,740 - pyALS-RF - INFO: Tree 27: 380 DBs instantiated.
2024-11-23 16:13:32,801 - pyALS-RF - INFO: Tree 28: 386 DBs instantiated.
2024-11-23 16:13:32,862 - pyALS-RF - INFO: Tree 29: 388 DBs instantiated.
2024-11-23 16:13:32,929 - pyALS-RF - INFO: Tree 30: 402 DBs instantiated.
2024-11-23 16:13:32,988 - pyALS-RF - INFO: Tree 31: 347 DBs instantiated.
2024-11-23 16:13:33,039 - pyALS-RF - INFO: Tree 32: 332 DBs instantiated.
2024-11-23 16:13:33,097 - pyALS-RF - INFO: Tree 33: 396 DBs instantiated.
2024-11-23 16:13:33,162 - pyALS-RF - INFO: Tree 34: 389 DBs instantiated.
2024-11-23 16:13:33,224 - pyALS-RF - INFO: Tree 35: 367 DBs instantiated.
2024-11-23 16:13:33,287 - pyALS-RF - INFO: Tree 36: 364 DBs instantiated.
2024-11-23 16:13:33,358 - pyALS-RF - INFO: Tree 37: 385 DBs instantiated.
2024-11-23 16:13:33,429 - pyALS-RF - INFO: Tree 38: 395 DBs instantiated.
2024-11-23 16:13:33,501 - pyALS-RF - INFO: Tree 39: 375 DBs instantiated.
2024-11-23 16:13:51,067 - pyALS-RF - INFO: Runing the TMR flow.
2024-11-23 16:13:52,026 - pyALS-RF - INFO: Tree 0: 399 DBs instantiated.
2024-11-23 16:13:52,102 - pyALS-RF - INFO: Tree 1: 392 DBs instantiated.
2024-11-23 16:13:52,169 - pyALS-RF - INFO: Tree 2: 409 DBs instantiated.
2024-11-23 16:13:52,242 - pyALS-RF - INFO: Tree 3: 394 DBs instantiated.
2024-11-23 16:13:52,312 - pyALS-RF - INFO: Tree 4: 396 DBs instantiated.
2024-11-23 16:13:52,375 - pyALS-RF - INFO: Tree 5: 369 DBs instantiated.
2024-11-23 16:13:52,437 - pyALS-RF - INFO: Tree 6: 373 DBs instantiated.
2024-11-23 16:13:52,498 - pyALS-RF - INFO: Tree 7: 389 DBs instantiated.
2024-11-23 16:13:52,560 - pyALS-RF - INFO: Tree 8: 358 DBs instantiated.
2024-11-23 16:13:52,618 - pyALS-RF - INFO: Tree 9: 365 DBs instantiated.
2024-11-23 16:13:52,680 - pyALS-RF - INFO: Tree 10: 407 DBs instantiated.
2024-11-23 16:13:52,752 - pyALS-RF - INFO: Tree 11: 398 DBs instantiated.
2024-11-23 16:13:52,815 - pyALS-RF - INFO: Tree 12: 365 DBs instantiated.
2024-11-23 16:13:52,874 - pyALS-RF - INFO: Tree 13: 370 DBs instantiated.
2024-11-23 16:13:52,938 - pyALS-RF - INFO: Tree 14: 399 DBs instantiated.
2024-11-23 16:13:52,999 - pyALS-RF - INFO: Tree 15: 366 DBs instantiated.
2024-11-23 16:13:53,053 - pyALS-RF - INFO: Tree 16: 364 DBs instantiated.
2024-11-23 16:13:53,110 - pyALS-RF - INFO: Tree 17: 391 DBs instantiated.
2024-11-23 16:13:53,176 - pyALS-RF - INFO: Tree 18: 384 DBs instantiated.
2024-11-23 16:13:53,237 - pyALS-RF - INFO: Tree 19: 372 DBs instantiated.
2024-11-23 16:13:53,297 - pyALS-RF - INFO: Tree 20: 383 DBs instantiated.
2024-11-23 16:13:53,358 - pyALS-RF - INFO: Tree 21: 372 DBs instantiated.
2024-11-23 16:13:53,418 - pyALS-RF - INFO: Tree 22: 366 DBs instantiated.
2024-11-23 16:13:53,491 - pyALS-RF - INFO: Tree 23: 439 DBs instantiated.
2024-11-23 16:13:53,564 - pyALS-RF - INFO: Tree 24: 379 DBs instantiated.
2024-11-23 16:13:53,634 - pyALS-RF - INFO: Tree 25: 434 DBs instantiated.
2024-11-23 16:13:53,708 - pyALS-RF - INFO: Tree 26: 393 DBs instantiated.
2024-11-23 16:13:53,772 - pyALS-RF - INFO: Tree 27: 380 DBs instantiated.
2024-11-23 16:13:53,832 - pyALS-RF - INFO: Tree 28: 386 DBs instantiated.
2024-11-23 16:13:53,894 - pyALS-RF - INFO: Tree 29: 388 DBs instantiated.
2024-11-23 16:13:53,960 - pyALS-RF - INFO: Tree 30: 402 DBs instantiated.
2024-11-23 16:13:54,018 - pyALS-RF - INFO: Tree 31: 347 DBs instantiated.
2024-11-23 16:13:54,069 - pyALS-RF - INFO: Tree 32: 332 DBs instantiated.
2024-11-23 16:13:54,126 - pyALS-RF - INFO: Tree 33: 396 DBs instantiated.
2024-11-23 16:13:54,191 - pyALS-RF - INFO: Tree 34: 389 DBs instantiated.
2024-11-23 16:13:54,252 - pyALS-RF - INFO: Tree 35: 367 DBs instantiated.
2024-11-23 16:13:54,315 - pyALS-RF - INFO: Tree 36: 364 DBs instantiated.
2024-11-23 16:13:54,381 - pyALS-RF - INFO: Tree 37: 385 DBs instantiated.
2024-11-23 16:13:54,452 - pyALS-RF - INFO: Tree 38: 395 DBs instantiated.
2024-11-23 16:13:54,522 - pyALS-RF - INFO: Tree 39: 375 DBs instantiated.
2024-11-23 16:15:11,205 - pyALS-RF - INFO: Runing the TMR flow.
2024-11-23 16:15:11,334 - pyALS-RF - INFO: Tree 0: 125 DBs instantiated.
2024-11-23 16:15:11,343 - pyALS-RF - INFO: Tree 1: 104 DBs instantiated.
2024-11-23 16:15:11,351 - pyALS-RF - INFO: Tree 2: 134 DBs instantiated.
2024-11-23 16:15:11,360 - pyALS-RF - INFO: Tree 3: 113 DBs instantiated.
2024-11-23 16:15:11,369 - pyALS-RF - INFO: Tree 4: 133 DBs instantiated.
2024-11-23 16:15:11,377 - pyALS-RF - INFO: Tree 5: 106 DBs instantiated.
2024-11-23 16:15:11,385 - pyALS-RF - INFO: Tree 6: 127 DBs instantiated.
2024-11-23 16:15:11,395 - pyALS-RF - INFO: Tree 7: 114 DBs instantiated.
2024-11-23 16:15:11,404 - pyALS-RF - INFO: Tree 8: 138 DBs instantiated.
2024-11-23 16:15:11,413 - pyALS-RF - INFO: Tree 9: 132 DBs instantiated.
2024-11-23 16:15:11,423 - pyALS-RF - INFO: Tree 10: 124 DBs instantiated.
2024-11-23 16:15:11,432 - pyALS-RF - INFO: Tree 11: 123 DBs instantiated.
2024-11-23 16:15:11,442 - pyALS-RF - INFO: Tree 12: 145 DBs instantiated.
2024-11-23 16:15:11,452 - pyALS-RF - INFO: Tree 13: 118 DBs instantiated.
2024-11-23 16:15:11,460 - pyALS-RF - INFO: Tree 14: 109 DBs instantiated.
2024-11-23 16:15:11,468 - pyALS-RF - INFO: Tree 15: 90 DBs instantiated.
2024-11-23 16:15:11,476 - pyALS-RF - INFO: Tree 16: 121 DBs instantiated.
2024-11-23 16:15:11,486 - pyALS-RF - INFO: Tree 17: 120 DBs instantiated.
2024-11-23 16:15:11,495 - pyALS-RF - INFO: Tree 18: 122 DBs instantiated.
2024-11-23 16:15:11,503 - pyALS-RF - INFO: Tree 19: 112 DBs instantiated.
2024-11-23 16:15:11,512 - pyALS-RF - INFO: Tree 20: 124 DBs instantiated.
2024-11-23 16:15:11,520 - pyALS-RF - INFO: Tree 21: 113 DBs instantiated.
2024-11-23 16:15:11,529 - pyALS-RF - INFO: Tree 22: 119 DBs instantiated.
2024-11-23 16:15:11,536 - pyALS-RF - INFO: Tree 23: 107 DBs instantiated.
2024-11-23 16:15:11,545 - pyALS-RF - INFO: Tree 24: 133 DBs instantiated.
2024-11-23 16:15:11,553 - pyALS-RF - INFO: Tree 25: 102 DBs instantiated.
2024-11-23 16:15:11,561 - pyALS-RF - INFO: Tree 26: 120 DBs instantiated.
2024-11-23 16:15:11,568 - pyALS-RF - INFO: Tree 27: 114 DBs instantiated.
2024-11-23 16:15:11,576 - pyALS-RF - INFO: Tree 28: 127 DBs instantiated.
2024-11-23 16:15:11,584 - pyALS-RF - INFO: Tree 29: 94 DBs instantiated.
2024-11-23 16:15:11,593 - pyALS-RF - INFO: Tree 30: 143 DBs instantiated.
2024-11-23 16:15:11,603 - pyALS-RF - INFO: Tree 31: 107 DBs instantiated.
2024-11-23 16:15:11,610 - pyALS-RF - INFO: Tree 32: 117 DBs instantiated.
2024-11-23 16:15:11,618 - pyALS-RF - INFO: Tree 33: 108 DBs instantiated.
2024-11-23 16:15:11,624 - pyALS-RF - INFO: Tree 34: 92 DBs instantiated.
2024-11-23 16:15:11,633 - pyALS-RF - INFO: Tree 35: 140 DBs instantiated.
2024-11-23 16:15:11,644 - pyALS-RF - INFO: Tree 36: 134 DBs instantiated.
2024-11-23 16:15:11,656 - pyALS-RF - INFO: Tree 37: 158 DBs instantiated.
2024-11-23 16:15:11,666 - pyALS-RF - INFO: Tree 38: 117 DBs instantiated.
2024-11-23 16:15:11,674 - pyALS-RF - INFO: Tree 39: 118 DBs instantiated.
2024-11-23 16:17:35,533 - pyALS-RF - INFO: Runing the TMR flow.
2024-11-23 16:17:35,656 - pyALS-RF - INFO: Tree 0: 125 DBs instantiated.
2024-11-23 16:17:35,665 - pyALS-RF - INFO: Tree 1: 104 DBs instantiated.
2024-11-23 16:17:35,673 - pyALS-RF - INFO: Tree 2: 134 DBs instantiated.
2024-11-23 16:17:35,682 - pyALS-RF - INFO: Tree 3: 113 DBs instantiated.
2024-11-23 16:17:35,692 - pyALS-RF - INFO: Tree 4: 133 DBs instantiated.
2024-11-23 16:17:35,701 - pyALS-RF - INFO: Tree 5: 106 DBs instantiated.
2024-11-23 16:17:35,709 - pyALS-RF - INFO: Tree 6: 127 DBs instantiated.
2024-11-23 16:17:35,718 - pyALS-RF - INFO: Tree 7: 114 DBs instantiated.
2024-11-23 16:17:35,727 - pyALS-RF - INFO: Tree 8: 138 DBs instantiated.
2024-11-23 16:17:35,736 - pyALS-RF - INFO: Tree 9: 132 DBs instantiated.
2024-11-23 16:17:35,747 - pyALS-RF - INFO: Tree 10: 124 DBs instantiated.
2024-11-23 16:17:35,756 - pyALS-RF - INFO: Tree 11: 123 DBs instantiated.
2024-11-23 16:17:35,766 - pyALS-RF - INFO: Tree 12: 145 DBs instantiated.
2024-11-23 16:17:35,777 - pyALS-RF - INFO: Tree 13: 118 DBs instantiated.
2024-11-23 16:17:35,785 - pyALS-RF - INFO: Tree 14: 109 DBs instantiated.
2024-11-23 16:17:35,792 - pyALS-RF - INFO: Tree 15: 90 DBs instantiated.
2024-11-23 16:17:35,800 - pyALS-RF - INFO: Tree 16: 121 DBs instantiated.
2024-11-23 16:17:35,809 - pyALS-RF - INFO: Tree 17: 120 DBs instantiated.
2024-11-23 16:17:35,817 - pyALS-RF - INFO: Tree 18: 122 DBs instantiated.
2024-11-23 16:17:35,826 - pyALS-RF - INFO: Tree 19: 112 DBs instantiated.
2024-11-23 16:17:35,835 - pyALS-RF - INFO: Tree 20: 124 DBs instantiated.
2024-11-23 16:17:35,844 - pyALS-RF - INFO: Tree 21: 113 DBs instantiated.
2024-11-23 16:17:35,853 - pyALS-RF - INFO: Tree 22: 119 DBs instantiated.
2024-11-23 16:17:35,860 - pyALS-RF - INFO: Tree 23: 107 DBs instantiated.
2024-11-23 16:17:35,870 - pyALS-RF - INFO: Tree 24: 133 DBs instantiated.
2024-11-23 16:17:35,878 - pyALS-RF - INFO: Tree 25: 102 DBs instantiated.
2024-11-23 16:17:35,885 - pyALS-RF - INFO: Tree 26: 120 DBs instantiated.
2024-11-23 16:17:35,893 - pyALS-RF - INFO: Tree 27: 114 DBs instantiated.
2024-11-23 16:17:35,901 - pyALS-RF - INFO: Tree 28: 127 DBs instantiated.
2024-11-23 16:17:35,909 - pyALS-RF - INFO: Tree 29: 94 DBs instantiated.
2024-11-23 16:17:35,918 - pyALS-RF - INFO: Tree 30: 143 DBs instantiated.
2024-11-23 16:17:35,928 - pyALS-RF - INFO: Tree 31: 107 DBs instantiated.
2024-11-23 16:17:35,936 - pyALS-RF - INFO: Tree 32: 117 DBs instantiated.
2024-11-23 16:17:35,944 - pyALS-RF - INFO: Tree 33: 108 DBs instantiated.
2024-11-23 16:17:35,952 - pyALS-RF - INFO: Tree 34: 92 DBs instantiated.
2024-11-23 16:17:35,960 - pyALS-RF - INFO: Tree 35: 140 DBs instantiated.
2024-11-23 16:17:35,971 - pyALS-RF - INFO: Tree 36: 134 DBs instantiated.
2024-11-23 16:17:35,983 - pyALS-RF - INFO: Tree 37: 158 DBs instantiated.
2024-11-23 16:17:35,993 - pyALS-RF - INFO: Tree 38: 117 DBs instantiated.
2024-11-23 16:17:36,001 - pyALS-RF - INFO: Tree 39: 118 DBs instantiated.
2024-11-23 16:21:30,934 - pyALS-RF - INFO: Runing the TMR flow.
2024-11-23 16:21:31,915 - pyALS-RF - INFO: Tree 0: 399 DBs instantiated.
2024-11-23 16:21:31,992 - pyALS-RF - INFO: Tree 1: 392 DBs instantiated.
2024-11-23 16:21:32,059 - pyALS-RF - INFO: Tree 2: 409 DBs instantiated.
2024-11-23 16:21:32,128 - pyALS-RF - INFO: Tree 3: 394 DBs instantiated.
2024-11-23 16:21:32,197 - pyALS-RF - INFO: Tree 4: 396 DBs instantiated.
2024-11-23 16:21:32,261 - pyALS-RF - INFO: Tree 5: 369 DBs instantiated.
2024-11-23 16:21:32,322 - pyALS-RF - INFO: Tree 6: 373 DBs instantiated.
2024-11-23 16:21:32,385 - pyALS-RF - INFO: Tree 7: 389 DBs instantiated.
2024-11-23 16:21:32,450 - pyALS-RF - INFO: Tree 8: 358 DBs instantiated.
2024-11-23 16:21:32,509 - pyALS-RF - INFO: Tree 9: 365 DBs instantiated.
2024-11-23 16:21:32,573 - pyALS-RF - INFO: Tree 10: 407 DBs instantiated.
2024-11-23 16:21:32,645 - pyALS-RF - INFO: Tree 11: 398 DBs instantiated.
2024-11-23 16:21:32,710 - pyALS-RF - INFO: Tree 12: 365 DBs instantiated.
2024-11-23 16:21:32,770 - pyALS-RF - INFO: Tree 13: 370 DBs instantiated.
2024-11-23 16:21:32,835 - pyALS-RF - INFO: Tree 14: 399 DBs instantiated.
2024-11-23 16:21:32,899 - pyALS-RF - INFO: Tree 15: 366 DBs instantiated.
2024-11-23 16:21:32,953 - pyALS-RF - INFO: Tree 16: 364 DBs instantiated.
2024-11-23 16:21:33,012 - pyALS-RF - INFO: Tree 17: 391 DBs instantiated.
2024-11-23 16:21:33,083 - pyALS-RF - INFO: Tree 18: 384 DBs instantiated.
2024-11-23 16:21:33,153 - pyALS-RF - INFO: Tree 19: 372 DBs instantiated.
2024-11-23 16:21:33,213 - pyALS-RF - INFO: Tree 20: 383 DBs instantiated.
2024-11-23 16:21:33,274 - pyALS-RF - INFO: Tree 21: 372 DBs instantiated.
2024-11-23 16:21:33,333 - pyALS-RF - INFO: Tree 22: 366 DBs instantiated.
2024-11-23 16:21:33,408 - pyALS-RF - INFO: Tree 23: 439 DBs instantiated.
2024-11-23 16:21:33,484 - pyALS-RF - INFO: Tree 24: 379 DBs instantiated.
2024-11-23 16:21:33,557 - pyALS-RF - INFO: Tree 25: 434 DBs instantiated.
2024-11-23 16:21:33,633 - pyALS-RF - INFO: Tree 26: 393 DBs instantiated.
2024-11-23 16:21:33,698 - pyALS-RF - INFO: Tree 27: 380 DBs instantiated.
2024-11-23 16:21:33,760 - pyALS-RF - INFO: Tree 28: 386 DBs instantiated.
2024-11-23 16:21:33,821 - pyALS-RF - INFO: Tree 29: 388 DBs instantiated.
2024-11-23 16:21:33,888 - pyALS-RF - INFO: Tree 30: 402 DBs instantiated.
2024-11-23 16:21:33,946 - pyALS-RF - INFO: Tree 31: 347 DBs instantiated.
2024-11-23 16:21:33,998 - pyALS-RF - INFO: Tree 32: 332 DBs instantiated.
2024-11-23 16:21:34,058 - pyALS-RF - INFO: Tree 33: 396 DBs instantiated.
2024-11-23 16:21:34,125 - pyALS-RF - INFO: Tree 34: 389 DBs instantiated.
2024-11-23 16:21:34,188 - pyALS-RF - INFO: Tree 35: 367 DBs instantiated.
2024-11-23 16:21:34,252 - pyALS-RF - INFO: Tree 36: 364 DBs instantiated.
2024-11-23 16:21:34,317 - pyALS-RF - INFO: Tree 37: 385 DBs instantiated.
2024-11-23 16:21:34,387 - pyALS-RF - INFO: Tree 38: 395 DBs instantiated.
2024-11-23 16:21:34,458 - pyALS-RF - INFO: Tree 39: 375 DBs instantiated.
2024-11-23 16:24:03,277 - pyALS-RF - INFO: Runing the TMR flow.
2024-11-23 16:24:04,219 - pyALS-RF - INFO: Tree 0: 399 DBs instantiated.
2024-11-23 16:24:04,294 - pyALS-RF - INFO: Tree 1: 392 DBs instantiated.
2024-11-23 16:24:04,361 - pyALS-RF - INFO: Tree 2: 409 DBs instantiated.
2024-11-23 16:24:04,430 - pyALS-RF - INFO: Tree 3: 394 DBs instantiated.
2024-11-23 16:24:04,504 - pyALS-RF - INFO: Tree 4: 396 DBs instantiated.
2024-11-23 16:24:04,570 - pyALS-RF - INFO: Tree 5: 369 DBs instantiated.
2024-11-23 16:24:04,631 - pyALS-RF - INFO: Tree 6: 373 DBs instantiated.
2024-11-23 16:24:04,690 - pyALS-RF - INFO: Tree 7: 389 DBs instantiated.
2024-11-23 16:24:04,752 - pyALS-RF - INFO: Tree 8: 358 DBs instantiated.
2024-11-23 16:24:04,810 - pyALS-RF - INFO: Tree 9: 365 DBs instantiated.
2024-11-23 16:24:04,872 - pyALS-RF - INFO: Tree 10: 407 DBs instantiated.
2024-11-23 16:24:04,943 - pyALS-RF - INFO: Tree 11: 398 DBs instantiated.
2024-11-23 16:24:05,006 - pyALS-RF - INFO: Tree 12: 365 DBs instantiated.
2024-11-23 16:24:05,065 - pyALS-RF - INFO: Tree 13: 370 DBs instantiated.
2024-11-23 16:24:05,129 - pyALS-RF - INFO: Tree 14: 399 DBs instantiated.
2024-11-23 16:24:05,191 - pyALS-RF - INFO: Tree 15: 366 DBs instantiated.
2024-11-23 16:24:05,245 - pyALS-RF - INFO: Tree 16: 364 DBs instantiated.
2024-11-23 16:24:05,302 - pyALS-RF - INFO: Tree 17: 391 DBs instantiated.
2024-11-23 16:24:05,369 - pyALS-RF - INFO: Tree 18: 384 DBs instantiated.
2024-11-23 16:24:05,429 - pyALS-RF - INFO: Tree 19: 372 DBs instantiated.
2024-11-23 16:24:05,488 - pyALS-RF - INFO: Tree 20: 383 DBs instantiated.
2024-11-23 16:24:05,551 - pyALS-RF - INFO: Tree 21: 372 DBs instantiated.
2024-11-23 16:24:05,612 - pyALS-RF - INFO: Tree 22: 366 DBs instantiated.
2024-11-23 16:24:05,686 - pyALS-RF - INFO: Tree 23: 439 DBs instantiated.
2024-11-23 16:24:05,759 - pyALS-RF - INFO: Tree 24: 379 DBs instantiated.
2024-11-23 16:24:05,829 - pyALS-RF - INFO: Tree 25: 434 DBs instantiated.
2024-11-23 16:24:05,903 - pyALS-RF - INFO: Tree 26: 393 DBs instantiated.
2024-11-23 16:24:05,968 - pyALS-RF - INFO: Tree 27: 380 DBs instantiated.
2024-11-23 16:24:06,030 - pyALS-RF - INFO: Tree 28: 386 DBs instantiated.
2024-11-23 16:24:06,090 - pyALS-RF - INFO: Tree 29: 388 DBs instantiated.
2024-11-23 16:24:06,158 - pyALS-RF - INFO: Tree 30: 402 DBs instantiated.
2024-11-23 16:24:06,216 - pyALS-RF - INFO: Tree 31: 347 DBs instantiated.
2024-11-23 16:24:06,266 - pyALS-RF - INFO: Tree 32: 332 DBs instantiated.
2024-11-23 16:24:06,325 - pyALS-RF - INFO: Tree 33: 396 DBs instantiated.
2024-11-23 16:24:06,390 - pyALS-RF - INFO: Tree 34: 389 DBs instantiated.
2024-11-23 16:24:06,450 - pyALS-RF - INFO: Tree 35: 367 DBs instantiated.
2024-11-23 16:24:06,513 - pyALS-RF - INFO: Tree 36: 364 DBs instantiated.
2024-11-23 16:24:06,578 - pyALS-RF - INFO: Tree 37: 385 DBs instantiated.
2024-11-23 16:24:06,653 - pyALS-RF - INFO: Tree 38: 395 DBs instantiated.
2024-11-23 16:24:06,727 - pyALS-RF - INFO: Tree 39: 375 DBs instantiated.
2024-11-23 16:32:06,295 - pyALS-RF - INFO: Runing the TMR flow.
2024-11-23 16:32:07,232 - pyALS-RF - INFO: Tree 0: 399 DBs instantiated.
2024-11-23 16:32:07,307 - pyALS-RF - INFO: Tree 1: 392 DBs instantiated.
2024-11-23 16:32:07,374 - pyALS-RF - INFO: Tree 2: 409 DBs instantiated.
2024-11-23 16:32:07,442 - pyALS-RF - INFO: Tree 3: 394 DBs instantiated.
2024-11-23 16:32:07,510 - pyALS-RF - INFO: Tree 4: 396 DBs instantiated.
2024-11-23 16:32:07,574 - pyALS-RF - INFO: Tree 5: 369 DBs instantiated.
2024-11-23 16:32:07,635 - pyALS-RF - INFO: Tree 6: 373 DBs instantiated.
2024-11-23 16:32:07,696 - pyALS-RF - INFO: Tree 7: 389 DBs instantiated.
2024-11-23 16:32:07,759 - pyALS-RF - INFO: Tree 8: 358 DBs instantiated.
2024-11-23 16:32:07,817 - pyALS-RF - INFO: Tree 9: 365 DBs instantiated.
2024-11-23 16:32:07,880 - pyALS-RF - INFO: Tree 10: 407 DBs instantiated.
2024-11-23 16:32:07,950 - pyALS-RF - INFO: Tree 11: 398 DBs instantiated.
2024-11-23 16:32:08,013 - pyALS-RF - INFO: Tree 12: 365 DBs instantiated.
2024-11-23 16:32:08,073 - pyALS-RF - INFO: Tree 13: 370 DBs instantiated.
2024-11-23 16:32:08,137 - pyALS-RF - INFO: Tree 14: 399 DBs instantiated.
2024-11-23 16:32:08,198 - pyALS-RF - INFO: Tree 15: 366 DBs instantiated.
2024-11-23 16:32:08,252 - pyALS-RF - INFO: Tree 16: 364 DBs instantiated.
2024-11-23 16:32:08,309 - pyALS-RF - INFO: Tree 17: 391 DBs instantiated.
2024-11-23 16:32:08,376 - pyALS-RF - INFO: Tree 18: 384 DBs instantiated.
2024-11-23 16:32:08,437 - pyALS-RF - INFO: Tree 19: 372 DBs instantiated.
2024-11-23 16:32:08,498 - pyALS-RF - INFO: Tree 20: 383 DBs instantiated.
2024-11-23 16:32:08,560 - pyALS-RF - INFO: Tree 21: 372 DBs instantiated.
2024-11-23 16:32:08,620 - pyALS-RF - INFO: Tree 22: 366 DBs instantiated.
2024-11-23 16:32:08,694 - pyALS-RF - INFO: Tree 23: 439 DBs instantiated.
2024-11-23 16:32:08,770 - pyALS-RF - INFO: Tree 24: 379 DBs instantiated.
2024-11-23 16:32:08,841 - pyALS-RF - INFO: Tree 25: 434 DBs instantiated.
2024-11-23 16:32:08,916 - pyALS-RF - INFO: Tree 26: 393 DBs instantiated.
2024-11-23 16:32:08,981 - pyALS-RF - INFO: Tree 27: 380 DBs instantiated.
2024-11-23 16:32:09,043 - pyALS-RF - INFO: Tree 28: 386 DBs instantiated.
2024-11-23 16:32:09,104 - pyALS-RF - INFO: Tree 29: 388 DBs instantiated.
2024-11-23 16:32:09,171 - pyALS-RF - INFO: Tree 30: 402 DBs instantiated.
2024-11-23 16:32:09,229 - pyALS-RF - INFO: Tree 31: 347 DBs instantiated.
2024-11-23 16:32:09,280 - pyALS-RF - INFO: Tree 32: 332 DBs instantiated.
2024-11-23 16:32:09,338 - pyALS-RF - INFO: Tree 33: 396 DBs instantiated.
2024-11-23 16:32:09,402 - pyALS-RF - INFO: Tree 34: 389 DBs instantiated.
2024-11-23 16:32:09,463 - pyALS-RF - INFO: Tree 35: 367 DBs instantiated.
2024-11-23 16:32:09,525 - pyALS-RF - INFO: Tree 36: 364 DBs instantiated.
2024-11-23 16:32:09,589 - pyALS-RF - INFO: Tree 37: 385 DBs instantiated.
2024-11-23 16:32:09,659 - pyALS-RF - INFO: Tree 38: 395 DBs instantiated.
2024-11-23 16:32:09,730 - pyALS-RF - INFO: Tree 39: 375 DBs instantiated.
2024-11-23 16:32:24,632 - pyALS-RF - INFO: Runing the TMR flow.
2024-11-23 16:32:25,553 - pyALS-RF - INFO: Tree 0: 399 DBs instantiated.
2024-11-23 16:32:25,633 - pyALS-RF - INFO: Tree 1: 392 DBs instantiated.
2024-11-23 16:32:25,700 - pyALS-RF - INFO: Tree 2: 409 DBs instantiated.
2024-11-23 16:32:25,768 - pyALS-RF - INFO: Tree 3: 394 DBs instantiated.
2024-11-23 16:32:25,838 - pyALS-RF - INFO: Tree 4: 396 DBs instantiated.
2024-11-23 16:32:25,901 - pyALS-RF - INFO: Tree 5: 369 DBs instantiated.
2024-11-23 16:32:25,962 - pyALS-RF - INFO: Tree 6: 373 DBs instantiated.
2024-11-23 16:32:26,022 - pyALS-RF - INFO: Tree 7: 389 DBs instantiated.
2024-11-23 16:32:26,084 - pyALS-RF - INFO: Tree 8: 358 DBs instantiated.
2024-11-23 16:32:26,141 - pyALS-RF - INFO: Tree 9: 365 DBs instantiated.
2024-11-23 16:32:26,203 - pyALS-RF - INFO: Tree 10: 407 DBs instantiated.
2024-11-23 16:32:26,274 - pyALS-RF - INFO: Tree 11: 398 DBs instantiated.
2024-11-23 16:32:26,338 - pyALS-RF - INFO: Tree 12: 365 DBs instantiated.
2024-11-23 16:32:26,397 - pyALS-RF - INFO: Tree 13: 370 DBs instantiated.
2024-11-23 16:32:26,461 - pyALS-RF - INFO: Tree 14: 399 DBs instantiated.
2024-11-23 16:32:26,524 - pyALS-RF - INFO: Tree 15: 366 DBs instantiated.
2024-11-23 16:32:26,592 - pyALS-RF - INFO: Tree 16: 364 DBs instantiated.
2024-11-23 16:32:26,649 - pyALS-RF - INFO: Tree 17: 391 DBs instantiated.
2024-11-23 16:32:26,715 - pyALS-RF - INFO: Tree 18: 384 DBs instantiated.
2024-11-23 16:32:26,776 - pyALS-RF - INFO: Tree 19: 372 DBs instantiated.
2024-11-23 16:32:26,836 - pyALS-RF - INFO: Tree 20: 383 DBs instantiated.
2024-11-23 16:32:26,896 - pyALS-RF - INFO: Tree 21: 372 DBs instantiated.
2024-11-23 16:32:26,955 - pyALS-RF - INFO: Tree 22: 366 DBs instantiated.
2024-11-23 16:32:27,029 - pyALS-RF - INFO: Tree 23: 439 DBs instantiated.
2024-11-23 16:32:27,103 - pyALS-RF - INFO: Tree 24: 379 DBs instantiated.
2024-11-23 16:32:27,173 - pyALS-RF - INFO: Tree 25: 434 DBs instantiated.
2024-11-23 16:32:27,248 - pyALS-RF - INFO: Tree 26: 393 DBs instantiated.
2024-11-23 16:32:27,313 - pyALS-RF - INFO: Tree 27: 380 DBs instantiated.
2024-11-23 16:32:27,373 - pyALS-RF - INFO: Tree 28: 386 DBs instantiated.
2024-11-23 16:32:27,434 - pyALS-RF - INFO: Tree 29: 388 DBs instantiated.
2024-11-23 16:32:27,501 - pyALS-RF - INFO: Tree 30: 402 DBs instantiated.
2024-11-23 16:32:27,560 - pyALS-RF - INFO: Tree 31: 347 DBs instantiated.
2024-11-23 16:32:27,610 - pyALS-RF - INFO: Tree 32: 332 DBs instantiated.
2024-11-23 16:32:27,672 - pyALS-RF - INFO: Tree 33: 396 DBs instantiated.
2024-11-23 16:32:27,738 - pyALS-RF - INFO: Tree 34: 389 DBs instantiated.
2024-11-23 16:32:27,799 - pyALS-RF - INFO: Tree 35: 367 DBs instantiated.
2024-11-23 16:32:27,862 - pyALS-RF - INFO: Tree 36: 364 DBs instantiated.
2024-11-23 16:32:27,928 - pyALS-RF - INFO: Tree 37: 385 DBs instantiated.
2024-11-23 16:32:27,998 - pyALS-RF - INFO: Tree 38: 395 DBs instantiated.
2024-11-23 16:32:28,069 - pyALS-RF - INFO: Tree 39: 375 DBs instantiated.
2024-11-23 16:32:52,814 - pyALS-RF - INFO: Runing the TMR flow.
2024-11-23 16:32:53,752 - pyALS-RF - INFO: Tree 0: 399 DBs instantiated.
2024-11-23 16:32:53,828 - pyALS-RF - INFO: Tree 1: 392 DBs instantiated.
2024-11-23 16:32:53,896 - pyALS-RF - INFO: Tree 2: 409 DBs instantiated.
2024-11-23 16:32:53,965 - pyALS-RF - INFO: Tree 3: 394 DBs instantiated.
2024-11-23 16:32:54,034 - pyALS-RF - INFO: Tree 4: 396 DBs instantiated.
2024-11-23 16:32:54,101 - pyALS-RF - INFO: Tree 5: 369 DBs instantiated.
2024-11-23 16:32:54,166 - pyALS-RF - INFO: Tree 6: 373 DBs instantiated.
2024-11-23 16:32:54,226 - pyALS-RF - INFO: Tree 7: 389 DBs instantiated.
2024-11-23 16:32:54,291 - pyALS-RF - INFO: Tree 8: 358 DBs instantiated.
2024-11-23 16:32:54,349 - pyALS-RF - INFO: Tree 9: 365 DBs instantiated.
2024-11-23 16:32:54,411 - pyALS-RF - INFO: Tree 10: 407 DBs instantiated.
2024-11-23 16:32:54,484 - pyALS-RF - INFO: Tree 11: 398 DBs instantiated.
2024-11-23 16:32:54,548 - pyALS-RF - INFO: Tree 12: 365 DBs instantiated.
2024-11-23 16:32:54,607 - pyALS-RF - INFO: Tree 13: 370 DBs instantiated.
2024-11-23 16:32:54,672 - pyALS-RF - INFO: Tree 14: 399 DBs instantiated.
2024-11-23 16:32:54,733 - pyALS-RF - INFO: Tree 15: 366 DBs instantiated.
2024-11-23 16:32:54,788 - pyALS-RF - INFO: Tree 16: 364 DBs instantiated.
2024-11-23 16:32:54,846 - pyALS-RF - INFO: Tree 17: 391 DBs instantiated.
2024-11-23 16:32:54,912 - pyALS-RF - INFO: Tree 18: 384 DBs instantiated.
2024-11-23 16:32:54,973 - pyALS-RF - INFO: Tree 19: 372 DBs instantiated.
2024-11-23 16:32:55,035 - pyALS-RF - INFO: Tree 20: 383 DBs instantiated.
2024-11-23 16:32:55,099 - pyALS-RF - INFO: Tree 21: 372 DBs instantiated.
2024-11-23 16:32:55,161 - pyALS-RF - INFO: Tree 22: 366 DBs instantiated.
2024-11-23 16:32:55,235 - pyALS-RF - INFO: Tree 23: 439 DBs instantiated.
2024-11-23 16:32:55,308 - pyALS-RF - INFO: Tree 24: 379 DBs instantiated.
2024-11-23 16:32:55,379 - pyALS-RF - INFO: Tree 25: 434 DBs instantiated.
2024-11-23 16:32:55,455 - pyALS-RF - INFO: Tree 26: 393 DBs instantiated.
2024-11-23 16:32:55,520 - pyALS-RF - INFO: Tree 27: 380 DBs instantiated.
2024-11-23 16:32:55,581 - pyALS-RF - INFO: Tree 28: 386 DBs instantiated.
2024-11-23 16:32:55,644 - pyALS-RF - INFO: Tree 29: 388 DBs instantiated.
2024-11-23 16:32:55,712 - pyALS-RF - INFO: Tree 30: 402 DBs instantiated.
2024-11-23 16:32:55,771 - pyALS-RF - INFO: Tree 31: 347 DBs instantiated.
2024-11-23 16:32:55,823 - pyALS-RF - INFO: Tree 32: 332 DBs instantiated.
2024-11-23 16:32:55,883 - pyALS-RF - INFO: Tree 33: 396 DBs instantiated.
2024-11-23 16:32:55,948 - pyALS-RF - INFO: Tree 34: 389 DBs instantiated.
2024-11-23 16:32:56,010 - pyALS-RF - INFO: Tree 35: 367 DBs instantiated.
2024-11-23 16:32:56,073 - pyALS-RF - INFO: Tree 36: 364 DBs instantiated.
2024-11-23 16:32:56,139 - pyALS-RF - INFO: Tree 37: 385 DBs instantiated.
2024-11-23 16:32:56,211 - pyALS-RF - INFO: Tree 38: 395 DBs instantiated.
2024-11-23 16:32:56,282 - pyALS-RF - INFO: Tree 39: 375 DBs instantiated.
2024-11-23 16:33:26,703 - pyALS-RF - INFO: Runing the TMR flow.
2024-11-23 16:33:27,627 - pyALS-RF - INFO: Tree 0: 399 DBs instantiated.
2024-11-23 16:33:27,702 - pyALS-RF - INFO: Tree 1: 392 DBs instantiated.
2024-11-23 16:33:27,771 - pyALS-RF - INFO: Tree 2: 409 DBs instantiated.
2024-11-23 16:33:27,839 - pyALS-RF - INFO: Tree 3: 394 DBs instantiated.
2024-11-23 16:33:27,906 - pyALS-RF - INFO: Tree 4: 396 DBs instantiated.
2024-11-23 16:33:27,970 - pyALS-RF - INFO: Tree 5: 369 DBs instantiated.
2024-11-23 16:33:28,036 - pyALS-RF - INFO: Tree 6: 373 DBs instantiated.
2024-11-23 16:33:28,096 - pyALS-RF - INFO: Tree 7: 389 DBs instantiated.
2024-11-23 16:33:28,159 - pyALS-RF - INFO: Tree 8: 358 DBs instantiated.
2024-11-23 16:33:28,216 - pyALS-RF - INFO: Tree 9: 365 DBs instantiated.
2024-11-23 16:33:28,279 - pyALS-RF - INFO: Tree 10: 407 DBs instantiated.
2024-11-23 16:33:28,349 - pyALS-RF - INFO: Tree 11: 398 DBs instantiated.
2024-11-23 16:33:28,412 - pyALS-RF - INFO: Tree 12: 365 DBs instantiated.
2024-11-23 16:33:28,471 - pyALS-RF - INFO: Tree 13: 370 DBs instantiated.
2024-11-23 16:33:28,535 - pyALS-RF - INFO: Tree 14: 399 DBs instantiated.
2024-11-23 16:33:28,596 - pyALS-RF - INFO: Tree 15: 366 DBs instantiated.
2024-11-23 16:33:28,650 - pyALS-RF - INFO: Tree 16: 364 DBs instantiated.
2024-11-23 16:33:28,708 - pyALS-RF - INFO: Tree 17: 391 DBs instantiated.
2024-11-23 16:33:28,775 - pyALS-RF - INFO: Tree 18: 384 DBs instantiated.
2024-11-23 16:33:28,843 - pyALS-RF - INFO: Tree 19: 372 DBs instantiated.
2024-11-23 16:33:28,904 - pyALS-RF - INFO: Tree 20: 383 DBs instantiated.
2024-11-23 16:33:28,965 - pyALS-RF - INFO: Tree 21: 372 DBs instantiated.
2024-11-23 16:33:29,025 - pyALS-RF - INFO: Tree 22: 366 DBs instantiated.
2024-11-23 16:33:29,098 - pyALS-RF - INFO: Tree 23: 439 DBs instantiated.
2024-11-23 16:33:29,171 - pyALS-RF - INFO: Tree 24: 379 DBs instantiated.
2024-11-23 16:33:29,242 - pyALS-RF - INFO: Tree 25: 434 DBs instantiated.
2024-11-23 16:33:29,319 - pyALS-RF - INFO: Tree 26: 393 DBs instantiated.
2024-11-23 16:33:29,383 - pyALS-RF - INFO: Tree 27: 380 DBs instantiated.
2024-11-23 16:33:29,444 - pyALS-RF - INFO: Tree 28: 386 DBs instantiated.
2024-11-23 16:33:29,504 - pyALS-RF - INFO: Tree 29: 388 DBs instantiated.
2024-11-23 16:33:29,571 - pyALS-RF - INFO: Tree 30: 402 DBs instantiated.
2024-11-23 16:33:29,630 - pyALS-RF - INFO: Tree 31: 347 DBs instantiated.
2024-11-23 16:33:29,682 - pyALS-RF - INFO: Tree 32: 332 DBs instantiated.
2024-11-23 16:33:29,741 - pyALS-RF - INFO: Tree 33: 396 DBs instantiated.
2024-11-23 16:33:29,808 - pyALS-RF - INFO: Tree 34: 389 DBs instantiated.
2024-11-23 16:33:29,869 - pyALS-RF - INFO: Tree 35: 367 DBs instantiated.
2024-11-23 16:33:29,932 - pyALS-RF - INFO: Tree 36: 364 DBs instantiated.
2024-11-23 16:33:29,995 - pyALS-RF - INFO: Tree 37: 385 DBs instantiated.
2024-11-23 16:33:30,086 - pyALS-RF - INFO: Tree 38: 395 DBs instantiated.
2024-11-23 16:33:30,171 - pyALS-RF - INFO: Tree 39: 375 DBs instantiated.
2024-11-23 16:46:11,661 - pyALS-RF - INFO: Runing the TMR flow.
2024-11-23 16:46:12,616 - pyALS-RF - INFO: Tree 0: 399 DBs instantiated.
2024-11-23 16:46:12,692 - pyALS-RF - INFO: Tree 1: 392 DBs instantiated.
2024-11-23 16:46:12,760 - pyALS-RF - INFO: Tree 2: 409 DBs instantiated.
2024-11-23 16:46:12,829 - pyALS-RF - INFO: Tree 3: 394 DBs instantiated.
2024-11-23 16:46:12,897 - pyALS-RF - INFO: Tree 4: 396 DBs instantiated.
2024-11-23 16:46:12,961 - pyALS-RF - INFO: Tree 5: 369 DBs instantiated.
2024-11-23 16:46:13,023 - pyALS-RF - INFO: Tree 6: 373 DBs instantiated.
2024-11-23 16:46:13,083 - pyALS-RF - INFO: Tree 7: 389 DBs instantiated.
2024-11-23 16:46:13,148 - pyALS-RF - INFO: Tree 8: 358 DBs instantiated.
2024-11-23 16:46:13,205 - pyALS-RF - INFO: Tree 9: 365 DBs instantiated.
2024-11-23 16:46:13,268 - pyALS-RF - INFO: Tree 10: 407 DBs instantiated.
2024-11-23 16:46:13,342 - pyALS-RF - INFO: Tree 11: 398 DBs instantiated.
2024-11-23 16:46:13,409 - pyALS-RF - INFO: Tree 12: 365 DBs instantiated.
2024-11-23 16:46:13,469 - pyALS-RF - INFO: Tree 13: 370 DBs instantiated.
2024-11-23 16:46:13,533 - pyALS-RF - INFO: Tree 14: 399 DBs instantiated.
2024-11-23 16:46:13,596 - pyALS-RF - INFO: Tree 15: 366 DBs instantiated.
2024-11-23 16:46:13,650 - pyALS-RF - INFO: Tree 16: 364 DBs instantiated.
2024-11-23 16:46:13,707 - pyALS-RF - INFO: Tree 17: 391 DBs instantiated.
2024-11-23 16:46:13,773 - pyALS-RF - INFO: Tree 18: 384 DBs instantiated.
2024-11-23 16:46:13,833 - pyALS-RF - INFO: Tree 19: 372 DBs instantiated.
2024-11-23 16:46:13,894 - pyALS-RF - INFO: Tree 20: 383 DBs instantiated.
2024-11-23 16:46:13,956 - pyALS-RF - INFO: Tree 21: 372 DBs instantiated.
2024-11-23 16:46:14,014 - pyALS-RF - INFO: Tree 22: 366 DBs instantiated.
2024-11-23 16:46:14,087 - pyALS-RF - INFO: Tree 23: 439 DBs instantiated.
2024-11-23 16:46:14,160 - pyALS-RF - INFO: Tree 24: 379 DBs instantiated.
2024-11-23 16:46:14,230 - pyALS-RF - INFO: Tree 25: 434 DBs instantiated.
2024-11-23 16:46:14,307 - pyALS-RF - INFO: Tree 26: 393 DBs instantiated.
2024-11-23 16:46:14,372 - pyALS-RF - INFO: Tree 27: 380 DBs instantiated.
2024-11-23 16:46:14,432 - pyALS-RF - INFO: Tree 28: 386 DBs instantiated.
2024-11-23 16:46:14,493 - pyALS-RF - INFO: Tree 29: 388 DBs instantiated.
2024-11-23 16:46:14,560 - pyALS-RF - INFO: Tree 30: 402 DBs instantiated.
2024-11-23 16:46:14,618 - pyALS-RF - INFO: Tree 31: 347 DBs instantiated.
2024-11-23 16:46:14,670 - pyALS-RF - INFO: Tree 32: 332 DBs instantiated.
2024-11-23 16:46:14,727 - pyALS-RF - INFO: Tree 33: 396 DBs instantiated.
2024-11-23 16:46:14,792 - pyALS-RF - INFO: Tree 34: 389 DBs instantiated.
2024-11-23 16:46:14,853 - pyALS-RF - INFO: Tree 35: 367 DBs instantiated.
2024-11-23 16:46:14,915 - pyALS-RF - INFO: Tree 36: 364 DBs instantiated.
2024-11-23 16:46:14,979 - pyALS-RF - INFO: Tree 37: 385 DBs instantiated.
2024-11-23 16:46:15,050 - pyALS-RF - INFO: Tree 38: 395 DBs instantiated.
2024-11-23 16:46:15,121 - pyALS-RF - INFO: Tree 39: 375 DBs instantiated.
2024-11-23 16:48:12,017 - pyALS-RF - INFO: Runing the TMR flow.
2024-11-23 16:48:12,037 - pyALS-RF - INFO: Tree 0: 23 DBs instantiated.
2024-11-23 16:48:12,039 - pyALS-RF - INFO: Tree 1: 22 DBs instantiated.
2024-11-23 16:48:12,040 - pyALS-RF - INFO: Tree 2: 24 DBs instantiated.
2024-11-23 16:48:12,042 - pyALS-RF - INFO: Tree 3: 21 DBs instantiated.
2024-11-23 16:48:12,043 - pyALS-RF - INFO: Tree 4: 25 DBs instantiated.
2024-11-23 16:48:38,843 - pyALS-RF - INFO: Runing the TMR flow.
2024-11-23 16:48:38,861 - pyALS-RF - INFO: Tree 0: 23 DBs instantiated.
2024-11-23 16:48:38,863 - pyALS-RF - INFO: Tree 1: 22 DBs instantiated.
2024-11-23 16:48:38,864 - pyALS-RF - INFO: Tree 2: 24 DBs instantiated.
2024-11-23 16:48:38,866 - pyALS-RF - INFO: Tree 3: 21 DBs instantiated.
2024-11-23 16:48:38,867 - pyALS-RF - INFO: Tree 4: 25 DBs instantiated.
2024-11-23 16:48:57,376 - pyALS-RF - INFO: Runing the TMR flow.
2024-11-23 16:48:57,394 - pyALS-RF - INFO: Tree 0: 23 DBs instantiated.
2024-11-23 16:48:57,396 - pyALS-RF - INFO: Tree 1: 22 DBs instantiated.
2024-11-23 16:48:57,398 - pyALS-RF - INFO: Tree 2: 24 DBs instantiated.
2024-11-23 16:48:57,399 - pyALS-RF - INFO: Tree 3: 21 DBs instantiated.
2024-11-23 16:48:57,400 - pyALS-RF - INFO: Tree 4: 25 DBs instantiated.
2024-11-23 16:49:17,285 - pyALS-RF - INFO: Runing the TMR flow.
2024-11-23 16:49:17,303 - pyALS-RF - INFO: Tree 0: 23 DBs instantiated.
2024-11-23 16:49:17,305 - pyALS-RF - INFO: Tree 1: 22 DBs instantiated.
2024-11-23 16:49:17,306 - pyALS-RF - INFO: Tree 2: 24 DBs instantiated.
2024-11-23 16:49:17,308 - pyALS-RF - INFO: Tree 3: 21 DBs instantiated.
2024-11-23 16:49:17,309 - pyALS-RF - INFO: Tree 4: 25 DBs instantiated.
2024-11-23 16:49:53,389 - pyALS-RF - INFO: Runing the TMR flow.
2024-11-23 16:49:53,407 - pyALS-RF - INFO: Tree 0: 23 DBs instantiated.
2024-11-23 16:49:53,410 - pyALS-RF - INFO: Tree 1: 22 DBs instantiated.
2024-11-23 16:49:53,411 - pyALS-RF - INFO: Tree 2: 24 DBs instantiated.
2024-11-23 16:49:53,412 - pyALS-RF - INFO: Tree 3: 21 DBs instantiated.
2024-11-23 16:49:53,414 - pyALS-RF - INFO: Tree 4: 25 DBs instantiated.
2024-11-23 16:50:00,510 - pyALS-RF - INFO: Runing the TMR flow.
2024-11-23 16:50:00,542 - pyALS-RF - INFO: Tree 0: 20 DBs instantiated.
2024-11-23 16:50:00,546 - pyALS-RF - INFO: Tree 1: 21 DBs instantiated.
2024-11-23 16:50:00,547 - pyALS-RF - INFO: Tree 2: 23 DBs instantiated.
2024-11-23 16:50:00,548 - pyALS-RF - INFO: Tree 3: 17 DBs instantiated.
2024-11-23 16:50:00,550 - pyALS-RF - INFO: Tree 4: 23 DBs instantiated.
2024-11-23 16:50:00,551 - pyALS-RF - INFO: Tree 5: 20 DBs instantiated.
2024-11-23 16:50:00,552 - pyALS-RF - INFO: Tree 6: 22 DBs instantiated.
2024-11-23 16:50:00,553 - pyALS-RF - INFO: Tree 7: 17 DBs instantiated.
2024-11-23 16:50:00,555 - pyALS-RF - INFO: Tree 8: 23 DBs instantiated.
2024-11-23 16:50:00,556 - pyALS-RF - INFO: Tree 9: 21 DBs instantiated.
2024-11-23 16:50:00,558 - pyALS-RF - INFO: Tree 10: 25 DBs instantiated.
2024-11-23 16:50:00,560 - pyALS-RF - INFO: Tree 11: 27 DBs instantiated.
2024-11-23 16:50:00,561 - pyALS-RF - INFO: Tree 12: 26 DBs instantiated.
2024-11-23 16:50:00,563 - pyALS-RF - INFO: Tree 13: 24 DBs instantiated.
2024-11-23 16:50:00,564 - pyALS-RF - INFO: Tree 14: 21 DBs instantiated.
2024-11-23 16:50:00,566 - pyALS-RF - INFO: Tree 15: 23 DBs instantiated.
2024-11-23 16:50:00,567 - pyALS-RF - INFO: Tree 16: 18 DBs instantiated.
2024-11-23 16:50:00,568 - pyALS-RF - INFO: Tree 17: 16 DBs instantiated.
2024-11-23 16:50:00,569 - pyALS-RF - INFO: Tree 18: 20 DBs instantiated.
2024-11-23 16:50:00,571 - pyALS-RF - INFO: Tree 19: 22 DBs instantiated.
2024-11-23 16:50:00,572 - pyALS-RF - INFO: Tree 20: 19 DBs instantiated.
2024-11-23 16:50:00,574 - pyALS-RF - INFO: Tree 21: 19 DBs instantiated.
2024-11-23 16:50:00,575 - pyALS-RF - INFO: Tree 22: 19 DBs instantiated.
2024-11-23 16:50:00,576 - pyALS-RF - INFO: Tree 23: 18 DBs instantiated.
2024-11-23 16:50:00,577 - pyALS-RF - INFO: Tree 24: 18 DBs instantiated.
2024-11-23 16:50:00,579 - pyALS-RF - INFO: Tree 25: 22 DBs instantiated.
2024-11-23 16:50:00,580 - pyALS-RF - INFO: Tree 26: 24 DBs instantiated.
2024-11-23 16:50:00,582 - pyALS-RF - INFO: Tree 27: 21 DBs instantiated.
2024-11-23 16:50:00,583 - pyALS-RF - INFO: Tree 28: 24 DBs instantiated.
2024-11-23 16:50:00,584 - pyALS-RF - INFO: Tree 29: 15 DBs instantiated.
2024-11-23 16:50:00,585 - pyALS-RF - INFO: Tree 30: 17 DBs instantiated.
2024-11-23 16:50:00,587 - pyALS-RF - INFO: Tree 31: 21 DBs instantiated.
2024-11-23 16:50:00,589 - pyALS-RF - INFO: Tree 32: 25 DBs instantiated.
2024-11-23 16:50:00,591 - pyALS-RF - INFO: Tree 33: 24 DBs instantiated.
2024-11-23 16:50:00,592 - pyALS-RF - INFO: Tree 34: 17 DBs instantiated.
2024-11-23 16:50:00,593 - pyALS-RF - INFO: Tree 35: 21 DBs instantiated.
2024-11-23 16:50:00,594 - pyALS-RF - INFO: Tree 36: 24 DBs instantiated.
2024-11-23 16:50:00,596 - pyALS-RF - INFO: Tree 37: 19 DBs instantiated.
2024-11-23 16:50:00,598 - pyALS-RF - INFO: Tree 38: 27 DBs instantiated.
2024-11-23 16:50:00,599 - pyALS-RF - INFO: Tree 39: 22 DBs instantiated.
2024-11-23 16:50:08,947 - pyALS-RF - INFO: Runing the TMR flow.
2024-11-23 16:50:09,901 - pyALS-RF - INFO: Tree 0: 399 DBs instantiated.
2024-11-23 16:50:09,981 - pyALS-RF - INFO: Tree 1: 392 DBs instantiated.
2024-11-23 16:50:10,052 - pyALS-RF - INFO: Tree 2: 409 DBs instantiated.
2024-11-23 16:50:10,124 - pyALS-RF - INFO: Tree 3: 394 DBs instantiated.
2024-11-23 16:50:10,197 - pyALS-RF - INFO: Tree 4: 396 DBs instantiated.
2024-11-23 16:50:10,265 - pyALS-RF - INFO: Tree 5: 369 DBs instantiated.
2024-11-23 16:50:10,329 - pyALS-RF - INFO: Tree 6: 373 DBs instantiated.
2024-11-23 16:50:10,393 - pyALS-RF - INFO: Tree 7: 389 DBs instantiated.
2024-11-23 16:50:10,460 - pyALS-RF - INFO: Tree 8: 358 DBs instantiated.
2024-11-23 16:50:10,521 - pyALS-RF - INFO: Tree 9: 365 DBs instantiated.
2024-11-23 16:50:10,587 - pyALS-RF - INFO: Tree 10: 407 DBs instantiated.
2024-11-23 16:50:10,662 - pyALS-RF - INFO: Tree 11: 398 DBs instantiated.
2024-11-23 16:50:10,731 - pyALS-RF - INFO: Tree 12: 365 DBs instantiated.
2024-11-23 16:50:10,794 - pyALS-RF - INFO: Tree 13: 370 DBs instantiated.
2024-11-23 16:50:10,864 - pyALS-RF - INFO: Tree 14: 399 DBs instantiated.
2024-11-23 16:50:10,928 - pyALS-RF - INFO: Tree 15: 366 DBs instantiated.
2024-11-23 16:50:10,985 - pyALS-RF - INFO: Tree 16: 364 DBs instantiated.
2024-11-23 16:50:11,046 - pyALS-RF - INFO: Tree 17: 391 DBs instantiated.
2024-11-23 16:50:11,116 - pyALS-RF - INFO: Tree 18: 384 DBs instantiated.
2024-11-23 16:50:11,181 - pyALS-RF - INFO: Tree 19: 372 DBs instantiated.
2024-11-23 16:50:11,245 - pyALS-RF - INFO: Tree 20: 383 DBs instantiated.
2024-11-23 16:50:11,311 - pyALS-RF - INFO: Tree 21: 372 DBs instantiated.
2024-11-23 16:50:11,375 - pyALS-RF - INFO: Tree 22: 366 DBs instantiated.
2024-11-23 16:50:11,454 - pyALS-RF - INFO: Tree 23: 439 DBs instantiated.
2024-11-23 16:50:11,531 - pyALS-RF - INFO: Tree 24: 379 DBs instantiated.
2024-11-23 16:50:11,606 - pyALS-RF - INFO: Tree 25: 434 DBs instantiated.
2024-11-23 16:50:11,686 - pyALS-RF - INFO: Tree 26: 393 DBs instantiated.
2024-11-23 16:50:11,755 - pyALS-RF - INFO: Tree 27: 380 DBs instantiated.
2024-11-23 16:50:11,819 - pyALS-RF - INFO: Tree 28: 386 DBs instantiated.
2024-11-23 16:50:11,886 - pyALS-RF - INFO: Tree 29: 388 DBs instantiated.
2024-11-23 16:50:11,958 - pyALS-RF - INFO: Tree 30: 402 DBs instantiated.
2024-11-23 16:50:12,020 - pyALS-RF - INFO: Tree 31: 347 DBs instantiated.
2024-11-23 16:50:12,074 - pyALS-RF - INFO: Tree 32: 332 DBs instantiated.
2024-11-23 16:50:12,136 - pyALS-RF - INFO: Tree 33: 396 DBs instantiated.
2024-11-23 16:50:12,205 - pyALS-RF - INFO: Tree 34: 389 DBs instantiated.
2024-11-23 16:50:12,269 - pyALS-RF - INFO: Tree 35: 367 DBs instantiated.
2024-11-23 16:50:12,337 - pyALS-RF - INFO: Tree 36: 364 DBs instantiated.
2024-11-23 16:50:12,406 - pyALS-RF - INFO: Tree 37: 385 DBs instantiated.
2024-11-23 16:50:12,480 - pyALS-RF - INFO: Tree 38: 395 DBs instantiated.
2024-11-23 16:50:12,557 - pyALS-RF - INFO: Tree 39: 375 DBs instantiated.
2024-11-23 16:51:13,236 - pyALS-RF - INFO: Runing the TMR flow.
2024-11-23 16:51:14,227 - pyALS-RF - INFO: Tree 0: 399 DBs instantiated.
2024-11-23 16:51:14,302 - pyALS-RF - INFO: Tree 1: 392 DBs instantiated.
2024-11-23 16:51:14,371 - pyALS-RF - INFO: Tree 2: 409 DBs instantiated.
2024-11-23 16:51:14,442 - pyALS-RF - INFO: Tree 3: 394 DBs instantiated.
2024-11-23 16:51:14,521 - pyALS-RF - INFO: Tree 4: 396 DBs instantiated.
2024-11-23 16:51:14,587 - pyALS-RF - INFO: Tree 5: 369 DBs instantiated.
2024-11-23 16:51:14,647 - pyALS-RF - INFO: Tree 6: 373 DBs instantiated.
2024-11-23 16:51:14,708 - pyALS-RF - INFO: Tree 7: 389 DBs instantiated.
2024-11-23 16:51:14,771 - pyALS-RF - INFO: Tree 8: 358 DBs instantiated.
2024-11-23 16:51:14,829 - pyALS-RF - INFO: Tree 9: 365 DBs instantiated.
2024-11-23 16:51:14,893 - pyALS-RF - INFO: Tree 10: 407 DBs instantiated.
2024-11-23 16:51:14,964 - pyALS-RF - INFO: Tree 11: 398 DBs instantiated.
2024-11-23 16:51:15,027 - pyALS-RF - INFO: Tree 12: 365 DBs instantiated.
2024-11-23 16:51:15,086 - pyALS-RF - INFO: Tree 13: 370 DBs instantiated.
2024-11-23 16:51:15,150 - pyALS-RF - INFO: Tree 14: 399 DBs instantiated.
2024-11-23 16:51:15,211 - pyALS-RF - INFO: Tree 15: 366 DBs instantiated.
2024-11-23 16:51:15,265 - pyALS-RF - INFO: Tree 16: 364 DBs instantiated.
2024-11-23 16:51:15,322 - pyALS-RF - INFO: Tree 17: 391 DBs instantiated.
2024-11-23 16:51:15,388 - pyALS-RF - INFO: Tree 18: 384 DBs instantiated.
2024-11-23 16:51:15,449 - pyALS-RF - INFO: Tree 19: 372 DBs instantiated.
2024-11-23 16:51:15,510 - pyALS-RF - INFO: Tree 20: 383 DBs instantiated.
2024-11-23 16:51:15,572 - pyALS-RF - INFO: Tree 21: 372 DBs instantiated.
2024-11-23 16:51:15,631 - pyALS-RF - INFO: Tree 22: 366 DBs instantiated.
2024-11-23 16:51:15,704 - pyALS-RF - INFO: Tree 23: 439 DBs instantiated.
2024-11-23 16:51:15,778 - pyALS-RF - INFO: Tree 24: 379 DBs instantiated.
2024-11-23 16:51:15,849 - pyALS-RF - INFO: Tree 25: 434 DBs instantiated.
2024-11-23 16:51:15,923 - pyALS-RF - INFO: Tree 26: 393 DBs instantiated.
2024-11-23 16:51:15,987 - pyALS-RF - INFO: Tree 27: 380 DBs instantiated.
2024-11-23 16:51:16,048 - pyALS-RF - INFO: Tree 28: 386 DBs instantiated.
2024-11-23 16:51:16,110 - pyALS-RF - INFO: Tree 29: 388 DBs instantiated.
2024-11-23 16:51:16,176 - pyALS-RF - INFO: Tree 30: 402 DBs instantiated.
2024-11-23 16:51:16,235 - pyALS-RF - INFO: Tree 31: 347 DBs instantiated.
2024-11-23 16:51:16,286 - pyALS-RF - INFO: Tree 32: 332 DBs instantiated.
2024-11-23 16:51:16,345 - pyALS-RF - INFO: Tree 33: 396 DBs instantiated.
2024-11-23 16:51:16,410 - pyALS-RF - INFO: Tree 34: 389 DBs instantiated.
2024-11-23 16:51:16,470 - pyALS-RF - INFO: Tree 35: 367 DBs instantiated.
2024-11-23 16:51:16,534 - pyALS-RF - INFO: Tree 36: 364 DBs instantiated.
2024-11-23 16:51:16,601 - pyALS-RF - INFO: Tree 37: 385 DBs instantiated.
2024-11-23 16:51:16,677 - pyALS-RF - INFO: Tree 38: 395 DBs instantiated.
2024-11-23 16:51:16,747 - pyALS-RF - INFO: Tree 39: 375 DBs instantiated.
2024-11-23 17:49:25,647 - pyALS-RF - INFO: Runing the TMR flow.
2024-11-23 17:49:25,680 - pyALS-RF - INFO: Tree 0: 20 DBs instantiated.
2024-11-23 17:49:25,683 - pyALS-RF - INFO: Tree 1: 21 DBs instantiated.
2024-11-23 17:49:25,684 - pyALS-RF - INFO: Tree 2: 23 DBs instantiated.
2024-11-23 17:49:25,685 - pyALS-RF - INFO: Tree 3: 17 DBs instantiated.
2024-11-23 17:49:25,686 - pyALS-RF - INFO: Tree 4: 23 DBs instantiated.
2024-11-23 17:49:25,688 - pyALS-RF - INFO: Tree 5: 20 DBs instantiated.
2024-11-23 17:49:25,689 - pyALS-RF - INFO: Tree 6: 22 DBs instantiated.
2024-11-23 17:49:25,690 - pyALS-RF - INFO: Tree 7: 17 DBs instantiated.
2024-11-23 17:49:25,692 - pyALS-RF - INFO: Tree 8: 23 DBs instantiated.
2024-11-23 17:49:25,693 - pyALS-RF - INFO: Tree 9: 21 DBs instantiated.
2024-11-23 17:49:25,694 - pyALS-RF - INFO: Tree 10: 25 DBs instantiated.
2024-11-23 17:49:25,696 - pyALS-RF - INFO: Tree 11: 27 DBs instantiated.
2024-11-23 17:49:25,698 - pyALS-RF - INFO: Tree 12: 26 DBs instantiated.
2024-11-23 17:49:25,700 - pyALS-RF - INFO: Tree 13: 24 DBs instantiated.
2024-11-23 17:49:25,702 - pyALS-RF - INFO: Tree 14: 21 DBs instantiated.
2024-11-23 17:49:25,703 - pyALS-RF - INFO: Tree 15: 23 DBs instantiated.
2024-11-23 17:49:25,705 - pyALS-RF - INFO: Tree 16: 18 DBs instantiated.
2024-11-23 17:49:25,707 - pyALS-RF - INFO: Tree 17: 16 DBs instantiated.
2024-11-23 17:49:25,708 - pyALS-RF - INFO: Tree 18: 20 DBs instantiated.
2024-11-23 17:49:25,709 - pyALS-RF - INFO: Tree 19: 22 DBs instantiated.
2024-11-23 17:49:25,710 - pyALS-RF - INFO: Tree 20: 19 DBs instantiated.
2024-11-23 17:49:25,712 - pyALS-RF - INFO: Tree 21: 19 DBs instantiated.
2024-11-23 17:49:25,713 - pyALS-RF - INFO: Tree 22: 19 DBs instantiated.
2024-11-23 17:49:25,714 - pyALS-RF - INFO: Tree 23: 18 DBs instantiated.
2024-11-23 17:49:25,715 - pyALS-RF - INFO: Tree 24: 18 DBs instantiated.
2024-11-23 17:49:25,717 - pyALS-RF - INFO: Tree 25: 22 DBs instantiated.
2024-11-23 17:49:25,718 - pyALS-RF - INFO: Tree 26: 24 DBs instantiated.
2024-11-23 17:49:25,719 - pyALS-RF - INFO: Tree 27: 21 DBs instantiated.
2024-11-23 17:49:25,721 - pyALS-RF - INFO: Tree 28: 24 DBs instantiated.
2024-11-23 17:49:25,722 - pyALS-RF - INFO: Tree 29: 15 DBs instantiated.
2024-11-23 17:49:25,723 - pyALS-RF - INFO: Tree 30: 17 DBs instantiated.
2024-11-23 17:49:25,724 - pyALS-RF - INFO: Tree 31: 21 DBs instantiated.
2024-11-23 17:49:25,726 - pyALS-RF - INFO: Tree 32: 25 DBs instantiated.
2024-11-23 17:49:25,727 - pyALS-RF - INFO: Tree 33: 24 DBs instantiated.
2024-11-23 17:49:25,729 - pyALS-RF - INFO: Tree 34: 17 DBs instantiated.
2024-11-23 17:49:25,730 - pyALS-RF - INFO: Tree 35: 21 DBs instantiated.
2024-11-23 17:49:25,732 - pyALS-RF - INFO: Tree 36: 24 DBs instantiated.
2024-11-23 17:49:25,733 - pyALS-RF - INFO: Tree 37: 19 DBs instantiated.
2024-11-23 17:49:25,736 - pyALS-RF - INFO: Tree 38: 27 DBs instantiated.
2024-11-23 17:49:25,737 - pyALS-RF - INFO: Tree 39: 22 DBs instantiated.
2024-11-23 17:51:03,129 - pyALS-RF - INFO: Runing the TMR flow.
2024-11-23 17:51:03,161 - pyALS-RF - INFO: Tree 0: 20 DBs instantiated.
2024-11-23 17:51:03,163 - pyALS-RF - INFO: Tree 1: 21 DBs instantiated.
2024-11-23 17:51:03,165 - pyALS-RF - INFO: Tree 2: 23 DBs instantiated.
2024-11-23 17:51:03,166 - pyALS-RF - INFO: Tree 3: 17 DBs instantiated.
2024-11-23 17:51:03,167 - pyALS-RF - INFO: Tree 4: 23 DBs instantiated.
2024-11-23 17:51:03,169 - pyALS-RF - INFO: Tree 5: 20 DBs instantiated.
2024-11-23 17:51:03,170 - pyALS-RF - INFO: Tree 6: 22 DBs instantiated.
2024-11-23 17:51:03,171 - pyALS-RF - INFO: Tree 7: 17 DBs instantiated.
2024-11-23 17:51:03,173 - pyALS-RF - INFO: Tree 8: 23 DBs instantiated.
2024-11-23 17:51:03,174 - pyALS-RF - INFO: Tree 9: 21 DBs instantiated.
2024-11-23 17:51:03,175 - pyALS-RF - INFO: Tree 10: 25 DBs instantiated.
2024-11-23 17:51:03,177 - pyALS-RF - INFO: Tree 11: 27 DBs instantiated.
2024-11-23 17:51:03,179 - pyALS-RF - INFO: Tree 12: 26 DBs instantiated.
2024-11-23 17:51:03,180 - pyALS-RF - INFO: Tree 13: 24 DBs instantiated.
2024-11-23 17:51:03,182 - pyALS-RF - INFO: Tree 14: 21 DBs instantiated.
2024-11-23 17:51:03,183 - pyALS-RF - INFO: Tree 15: 23 DBs instantiated.
2024-11-23 17:51:03,184 - pyALS-RF - INFO: Tree 16: 18 DBs instantiated.
2024-11-23 17:51:03,185 - pyALS-RF - INFO: Tree 17: 16 DBs instantiated.
2024-11-23 17:51:03,187 - pyALS-RF - INFO: Tree 18: 20 DBs instantiated.
2024-11-23 17:51:03,188 - pyALS-RF - INFO: Tree 19: 22 DBs instantiated.
2024-11-23 17:51:03,189 - pyALS-RF - INFO: Tree 20: 19 DBs instantiated.
2024-11-23 17:51:03,191 - pyALS-RF - INFO: Tree 21: 19 DBs instantiated.
2024-11-23 17:51:03,192 - pyALS-RF - INFO: Tree 22: 19 DBs instantiated.
2024-11-23 17:51:03,194 - pyALS-RF - INFO: Tree 23: 18 DBs instantiated.
2024-11-23 17:51:03,195 - pyALS-RF - INFO: Tree 24: 18 DBs instantiated.
2024-11-23 17:51:03,197 - pyALS-RF - INFO: Tree 25: 22 DBs instantiated.
2024-11-23 17:51:03,198 - pyALS-RF - INFO: Tree 26: 24 DBs instantiated.
2024-11-23 17:51:03,199 - pyALS-RF - INFO: Tree 27: 21 DBs instantiated.
2024-11-23 17:51:03,201 - pyALS-RF - INFO: Tree 28: 24 DBs instantiated.
2024-11-23 17:51:03,202 - pyALS-RF - INFO: Tree 29: 15 DBs instantiated.
2024-11-23 17:51:03,203 - pyALS-RF - INFO: Tree 30: 17 DBs instantiated.
2024-11-23 17:51:03,204 - pyALS-RF - INFO: Tree 31: 21 DBs instantiated.
2024-11-23 17:51:03,206 - pyALS-RF - INFO: Tree 32: 25 DBs instantiated.
2024-11-23 17:51:03,207 - pyALS-RF - INFO: Tree 33: 24 DBs instantiated.
2024-11-23 17:51:03,209 - pyALS-RF - INFO: Tree 34: 17 DBs instantiated.
2024-11-23 17:51:03,210 - pyALS-RF - INFO: Tree 35: 21 DBs instantiated.
2024-11-23 17:51:03,211 - pyALS-RF - INFO: Tree 36: 24 DBs instantiated.
2024-11-23 17:51:03,213 - pyALS-RF - INFO: Tree 37: 19 DBs instantiated.
2024-11-23 17:51:03,215 - pyALS-RF - INFO: Tree 38: 27 DBs instantiated.
2024-11-23 17:51:03,216 - pyALS-RF - INFO: Tree 39: 22 DBs instantiated.
2024-11-23 17:52:23,494 - pyALS-RF - INFO: Runing the TMR flow.
2024-11-23 17:52:23,525 - pyALS-RF - INFO: Tree 0: 20 DBs instantiated.
2024-11-23 17:52:23,527 - pyALS-RF - INFO: Tree 1: 21 DBs instantiated.
2024-11-23 17:52:23,529 - pyALS-RF - INFO: Tree 2: 23 DBs instantiated.
2024-11-23 17:52:23,530 - pyALS-RF - INFO: Tree 3: 17 DBs instantiated.
2024-11-23 17:52:23,532 - pyALS-RF - INFO: Tree 4: 23 DBs instantiated.
2024-11-23 17:52:23,533 - pyALS-RF - INFO: Tree 5: 20 DBs instantiated.
2024-11-23 17:52:23,535 - pyALS-RF - INFO: Tree 6: 22 DBs instantiated.
2024-11-23 17:52:23,536 - pyALS-RF - INFO: Tree 7: 17 DBs instantiated.
2024-11-23 17:52:23,538 - pyALS-RF - INFO: Tree 8: 23 DBs instantiated.
2024-11-23 17:52:23,539 - pyALS-RF - INFO: Tree 9: 21 DBs instantiated.
2024-11-23 17:52:23,541 - pyALS-RF - INFO: Tree 10: 25 DBs instantiated.
2024-11-23 17:52:23,542 - pyALS-RF - INFO: Tree 11: 27 DBs instantiated.
2024-11-23 17:52:23,544 - pyALS-RF - INFO: Tree 12: 26 DBs instantiated.
2024-11-23 17:52:23,545 - pyALS-RF - INFO: Tree 13: 24 DBs instantiated.
2024-11-23 17:52:23,547 - pyALS-RF - INFO: Tree 14: 21 DBs instantiated.
2024-11-23 17:52:23,548 - pyALS-RF - INFO: Tree 15: 23 DBs instantiated.
2024-11-23 17:52:23,550 - pyALS-RF - INFO: Tree 16: 18 DBs instantiated.
2024-11-23 17:52:23,551 - pyALS-RF - INFO: Tree 17: 16 DBs instantiated.
2024-11-23 17:52:23,552 - pyALS-RF - INFO: Tree 18: 20 DBs instantiated.
2024-11-23 17:52:23,553 - pyALS-RF - INFO: Tree 19: 22 DBs instantiated.
2024-11-23 17:52:23,555 - pyALS-RF - INFO: Tree 20: 19 DBs instantiated.
2024-11-23 17:52:23,556 - pyALS-RF - INFO: Tree 21: 19 DBs instantiated.
2024-11-23 17:52:23,558 - pyALS-RF - INFO: Tree 22: 19 DBs instantiated.
2024-11-23 17:52:23,559 - pyALS-RF - INFO: Tree 23: 18 DBs instantiated.
2024-11-23 17:52:23,560 - pyALS-RF - INFO: Tree 24: 18 DBs instantiated.
2024-11-23 17:52:23,561 - pyALS-RF - INFO: Tree 25: 22 DBs instantiated.
2024-11-23 17:52:23,563 - pyALS-RF - INFO: Tree 26: 24 DBs instantiated.
2024-11-23 17:52:23,564 - pyALS-RF - INFO: Tree 27: 21 DBs instantiated.
2024-11-23 17:52:23,566 - pyALS-RF - INFO: Tree 28: 24 DBs instantiated.
2024-11-23 17:52:23,567 - pyALS-RF - INFO: Tree 29: 15 DBs instantiated.
2024-11-23 17:52:23,568 - pyALS-RF - INFO: Tree 30: 17 DBs instantiated.
2024-11-23 17:52:23,570 - pyALS-RF - INFO: Tree 31: 21 DBs instantiated.
2024-11-23 17:52:23,571 - pyALS-RF - INFO: Tree 32: 25 DBs instantiated.
2024-11-23 17:52:23,573 - pyALS-RF - INFO: Tree 33: 24 DBs instantiated.
2024-11-23 17:52:23,574 - pyALS-RF - INFO: Tree 34: 17 DBs instantiated.
2024-11-23 17:52:23,575 - pyALS-RF - INFO: Tree 35: 21 DBs instantiated.
2024-11-23 17:52:23,576 - pyALS-RF - INFO: Tree 36: 24 DBs instantiated.
2024-11-23 17:52:23,578 - pyALS-RF - INFO: Tree 37: 19 DBs instantiated.
2024-11-23 17:52:23,580 - pyALS-RF - INFO: Tree 38: 27 DBs instantiated.
2024-11-23 17:52:23,581 - pyALS-RF - INFO: Tree 39: 22 DBs instantiated.
2024-11-23 17:52:53,209 - pyALS-RF - INFO: Runing the TMR flow.
2024-11-23 17:52:53,240 - pyALS-RF - INFO: Tree 0: 20 DBs instantiated.
2024-11-23 17:52:53,242 - pyALS-RF - INFO: Tree 1: 21 DBs instantiated.
2024-11-23 17:52:53,244 - pyALS-RF - INFO: Tree 2: 23 DBs instantiated.
2024-11-23 17:52:53,245 - pyALS-RF - INFO: Tree 3: 17 DBs instantiated.
2024-11-23 17:52:53,246 - pyALS-RF - INFO: Tree 4: 23 DBs instantiated.
2024-11-23 17:52:53,247 - pyALS-RF - INFO: Tree 5: 20 DBs instantiated.
2024-11-23 17:52:53,249 - pyALS-RF - INFO: Tree 6: 22 DBs instantiated.
2024-11-23 17:52:53,250 - pyALS-RF - INFO: Tree 7: 17 DBs instantiated.
2024-11-23 17:52:53,251 - pyALS-RF - INFO: Tree 8: 23 DBs instantiated.
2024-11-23 17:52:53,253 - pyALS-RF - INFO: Tree 9: 21 DBs instantiated.
2024-11-23 17:52:53,254 - pyALS-RF - INFO: Tree 10: 25 DBs instantiated.
2024-11-23 17:52:53,256 - pyALS-RF - INFO: Tree 11: 27 DBs instantiated.
2024-11-23 17:52:53,258 - pyALS-RF - INFO: Tree 12: 26 DBs instantiated.
2024-11-23 17:52:53,259 - pyALS-RF - INFO: Tree 13: 24 DBs instantiated.
2024-11-23 17:52:53,261 - pyALS-RF - INFO: Tree 14: 21 DBs instantiated.
2024-11-23 17:52:53,262 - pyALS-RF - INFO: Tree 15: 23 DBs instantiated.
2024-11-23 17:52:53,263 - pyALS-RF - INFO: Tree 16: 18 DBs instantiated.
2024-11-23 17:52:53,265 - pyALS-RF - INFO: Tree 17: 16 DBs instantiated.
2024-11-23 17:52:53,266 - pyALS-RF - INFO: Tree 18: 20 DBs instantiated.
2024-11-23 17:52:53,267 - pyALS-RF - INFO: Tree 19: 22 DBs instantiated.
2024-11-23 17:52:53,269 - pyALS-RF - INFO: Tree 20: 19 DBs instantiated.
2024-11-23 17:52:53,270 - pyALS-RF - INFO: Tree 21: 19 DBs instantiated.
2024-11-23 17:52:53,272 - pyALS-RF - INFO: Tree 22: 19 DBs instantiated.
2024-11-23 17:52:53,273 - pyALS-RF - INFO: Tree 23: 18 DBs instantiated.
2024-11-23 17:52:53,275 - pyALS-RF - INFO: Tree 24: 18 DBs instantiated.
2024-11-23 17:52:53,276 - pyALS-RF - INFO: Tree 25: 22 DBs instantiated.
2024-11-23 17:52:53,277 - pyALS-RF - INFO: Tree 26: 24 DBs instantiated.
2024-11-23 17:52:53,279 - pyALS-RF - INFO: Tree 27: 21 DBs instantiated.
2024-11-23 17:52:53,280 - pyALS-RF - INFO: Tree 28: 24 DBs instantiated.
2024-11-23 17:52:53,281 - pyALS-RF - INFO: Tree 29: 15 DBs instantiated.
2024-11-23 17:52:53,282 - pyALS-RF - INFO: Tree 30: 17 DBs instantiated.
2024-11-23 17:52:53,284 - pyALS-RF - INFO: Tree 31: 21 DBs instantiated.
2024-11-23 17:52:53,286 - pyALS-RF - INFO: Tree 32: 25 DBs instantiated.
2024-11-23 17:52:53,287 - pyALS-RF - INFO: Tree 33: 24 DBs instantiated.
2024-11-23 17:52:53,288 - pyALS-RF - INFO: Tree 34: 17 DBs instantiated.
2024-11-23 17:52:53,289 - pyALS-RF - INFO: Tree 35: 21 DBs instantiated.
2024-11-23 17:52:53,291 - pyALS-RF - INFO: Tree 36: 24 DBs instantiated.
2024-11-23 17:52:53,292 - pyALS-RF - INFO: Tree 37: 19 DBs instantiated.
2024-11-23 17:52:53,294 - pyALS-RF - INFO: Tree 38: 27 DBs instantiated.
2024-11-23 17:52:53,295 - pyALS-RF - INFO: Tree 39: 22 DBs instantiated.
2024-11-23 17:53:04,827 - pyALS-RF - INFO: Runing the TMR flow.
2024-11-23 17:53:04,859 - pyALS-RF - INFO: Tree 0: 20 DBs instantiated.
2024-11-23 17:53:04,861 - pyALS-RF - INFO: Tree 1: 21 DBs instantiated.
2024-11-23 17:53:04,863 - pyALS-RF - INFO: Tree 2: 23 DBs instantiated.
2024-11-23 17:53:04,864 - pyALS-RF - INFO: Tree 3: 17 DBs instantiated.
2024-11-23 17:53:04,865 - pyALS-RF - INFO: Tree 4: 23 DBs instantiated.
2024-11-23 17:53:04,867 - pyALS-RF - INFO: Tree 5: 20 DBs instantiated.
2024-11-23 17:53:04,868 - pyALS-RF - INFO: Tree 6: 22 DBs instantiated.
2024-11-23 17:53:04,869 - pyALS-RF - INFO: Tree 7: 17 DBs instantiated.
2024-11-23 17:53:04,871 - pyALS-RF - INFO: Tree 8: 23 DBs instantiated.
2024-11-23 17:53:04,872 - pyALS-RF - INFO: Tree 9: 21 DBs instantiated.
2024-11-23 17:53:04,873 - pyALS-RF - INFO: Tree 10: 25 DBs instantiated.
2024-11-23 17:53:04,875 - pyALS-RF - INFO: Tree 11: 27 DBs instantiated.
2024-11-23 17:53:04,877 - pyALS-RF - INFO: Tree 12: 26 DBs instantiated.
2024-11-23 17:53:04,878 - pyALS-RF - INFO: Tree 13: 24 DBs instantiated.
2024-11-23 17:53:04,880 - pyALS-RF - INFO: Tree 14: 21 DBs instantiated.
2024-11-23 17:53:04,881 - pyALS-RF - INFO: Tree 15: 23 DBs instantiated.
2024-11-23 17:53:04,882 - pyALS-RF - INFO: Tree 16: 18 DBs instantiated.
2024-11-23 17:53:04,884 - pyALS-RF - INFO: Tree 17: 16 DBs instantiated.
2024-11-23 17:53:04,886 - pyALS-RF - INFO: Tree 18: 20 DBs instantiated.
2024-11-23 17:53:04,887 - pyALS-RF - INFO: Tree 19: 22 DBs instantiated.
2024-11-23 17:53:04,888 - pyALS-RF - INFO: Tree 20: 19 DBs instantiated.
2024-11-23 17:53:04,890 - pyALS-RF - INFO: Tree 21: 19 DBs instantiated.
2024-11-23 17:53:04,891 - pyALS-RF - INFO: Tree 22: 19 DBs instantiated.
2024-11-23 17:53:04,893 - pyALS-RF - INFO: Tree 23: 18 DBs instantiated.
2024-11-23 17:53:04,894 - pyALS-RF - INFO: Tree 24: 18 DBs instantiated.
2024-11-23 17:53:04,895 - pyALS-RF - INFO: Tree 25: 22 DBs instantiated.
2024-11-23 17:53:04,897 - pyALS-RF - INFO: Tree 26: 24 DBs instantiated.
2024-11-23 17:53:04,898 - pyALS-RF - INFO: Tree 27: 21 DBs instantiated.
2024-11-23 17:53:04,899 - pyALS-RF - INFO: Tree 28: 24 DBs instantiated.
2024-11-23 17:53:04,901 - pyALS-RF - INFO: Tree 29: 15 DBs instantiated.
2024-11-23 17:53:04,902 - pyALS-RF - INFO: Tree 30: 17 DBs instantiated.
2024-11-23 17:53:04,903 - pyALS-RF - INFO: Tree 31: 21 DBs instantiated.
2024-11-23 17:53:04,905 - pyALS-RF - INFO: Tree 32: 25 DBs instantiated.
2024-11-23 17:53:04,906 - pyALS-RF - INFO: Tree 33: 24 DBs instantiated.
2024-11-23 17:53:04,907 - pyALS-RF - INFO: Tree 34: 17 DBs instantiated.
2024-11-23 17:53:04,909 - pyALS-RF - INFO: Tree 35: 21 DBs instantiated.
2024-11-23 17:53:04,910 - pyALS-RF - INFO: Tree 36: 24 DBs instantiated.
2024-11-23 17:53:04,911 - pyALS-RF - INFO: Tree 37: 19 DBs instantiated.
2024-11-23 17:53:04,913 - pyALS-RF - INFO: Tree 38: 27 DBs instantiated.
2024-11-23 17:53:04,915 - pyALS-RF - INFO: Tree 39: 22 DBs instantiated.
2024-11-23 18:06:21,634 - pyALS-RF - INFO: Runing the TMR flow.
2024-11-23 18:06:21,654 - pyALS-RF - INFO: Tree 0: 23 DBs instantiated.
2024-11-23 18:06:21,657 - pyALS-RF - INFO: Tree 1: 22 DBs instantiated.
2024-11-23 18:06:21,658 - pyALS-RF - INFO: Tree 2: 24 DBs instantiated.
2024-11-23 18:06:21,660 - pyALS-RF - INFO: Tree 3: 21 DBs instantiated.
2024-11-23 18:06:21,661 - pyALS-RF - INFO: Tree 4: 25 DBs instantiated.
2024-11-23 18:06:38,891 - pyALS-RF - INFO: Runing the TMR flow.
2024-11-23 18:06:38,909 - pyALS-RF - INFO: Tree 0: 23 DBs instantiated.
2024-11-23 18:06:38,911 - pyALS-RF - INFO: Tree 1: 22 DBs instantiated.
2024-11-23 18:06:38,913 - pyALS-RF - INFO: Tree 2: 24 DBs instantiated.
2024-11-23 18:06:38,914 - pyALS-RF - INFO: Tree 3: 21 DBs instantiated.
2024-11-23 18:06:38,916 - pyALS-RF - INFO: Tree 4: 25 DBs instantiated.
2024-11-23 18:07:12,151 - pyALS-RF - INFO: Runing the TMR flow.
2024-11-23 18:07:12,170 - pyALS-RF - INFO: Tree 0: 23 DBs instantiated.
2024-11-23 18:07:12,172 - pyALS-RF - INFO: Tree 1: 22 DBs instantiated.
2024-11-23 18:07:12,174 - pyALS-RF - INFO: Tree 2: 24 DBs instantiated.
2024-11-23 18:07:12,175 - pyALS-RF - INFO: Tree 3: 21 DBs instantiated.
2024-11-23 18:07:12,177 - pyALS-RF - INFO: Tree 4: 25 DBs instantiated.
2024-11-23 18:07:45,726 - pyALS-RF - INFO: Runing the TMR flow.
2024-11-23 18:07:45,746 - pyALS-RF - INFO: Tree 0: 23 DBs instantiated.
2024-11-23 18:07:45,748 - pyALS-RF - INFO: Tree 1: 22 DBs instantiated.
2024-11-23 18:07:45,750 - pyALS-RF - INFO: Tree 2: 24 DBs instantiated.
2024-11-23 18:07:45,751 - pyALS-RF - INFO: Tree 3: 21 DBs instantiated.
2024-11-23 18:07:45,753 - pyALS-RF - INFO: Tree 4: 25 DBs instantiated.
2024-11-23 18:08:55,231 - pyALS-RF - INFO: Runing the TMR flow.
2024-11-23 18:08:55,250 - pyALS-RF - INFO: Tree 0: 23 DBs instantiated.
2024-11-23 18:08:55,252 - pyALS-RF - INFO: Tree 1: 22 DBs instantiated.
2024-11-23 18:08:55,254 - pyALS-RF - INFO: Tree 2: 24 DBs instantiated.
2024-11-23 18:08:55,255 - pyALS-RF - INFO: Tree 3: 21 DBs instantiated.
2024-11-23 18:08:55,256 - pyALS-RF - INFO: Tree 4: 25 DBs instantiated.
2024-11-23 18:10:11,139 - pyALS-RF - INFO: Runing the TMR flow.
2024-11-23 18:10:11,158 - pyALS-RF - INFO: Tree 0: 23 DBs instantiated.
2024-11-23 18:10:11,160 - pyALS-RF - INFO: Tree 1: 22 DBs instantiated.
2024-11-23 18:10:11,161 - pyALS-RF - INFO: Tree 2: 24 DBs instantiated.
2024-11-23 18:10:11,163 - pyALS-RF - INFO: Tree 3: 21 DBs instantiated.
2024-11-23 18:10:11,164 - pyALS-RF - INFO: Tree 4: 25 DBs instantiated.
2024-11-23 18:10:37,483 - pyALS-RF - INFO: Runing the TMR flow.
2024-11-23 18:10:37,501 - pyALS-RF - INFO: Tree 0: 23 DBs instantiated.
2024-11-23 18:10:37,503 - pyALS-RF - INFO: Tree 1: 22 DBs instantiated.
2024-11-23 18:10:37,505 - pyALS-RF - INFO: Tree 2: 24 DBs instantiated.
2024-11-23 18:10:37,506 - pyALS-RF - INFO: Tree 3: 21 DBs instantiated.
2024-11-23 18:10:37,508 - pyALS-RF - INFO: Tree 4: 25 DBs instantiated.
2024-11-23 18:10:54,881 - pyALS-RF - INFO: Runing the TMR flow.
2024-11-23 18:10:54,899 - pyALS-RF - INFO: Tree 0: 23 DBs instantiated.
2024-11-23 18:10:54,902 - pyALS-RF - INFO: Tree 1: 22 DBs instantiated.
2024-11-23 18:10:54,903 - pyALS-RF - INFO: Tree 2: 24 DBs instantiated.
2024-11-23 18:10:54,904 - pyALS-RF - INFO: Tree 3: 21 DBs instantiated.
2024-11-23 18:10:54,906 - pyALS-RF - INFO: Tree 4: 25 DBs instantiated.
2024-11-23 18:12:49,890 - pyALS-RF - INFO: Runing the TMR flow.
2024-11-23 18:12:49,908 - pyALS-RF - INFO: Tree 0: 23 DBs instantiated.
2024-11-23 18:12:49,911 - pyALS-RF - INFO: Tree 1: 22 DBs instantiated.
2024-11-23 18:12:49,912 - pyALS-RF - INFO: Tree 2: 24 DBs instantiated.
2024-11-23 18:12:49,914 - pyALS-RF - INFO: Tree 3: 21 DBs instantiated.
2024-11-23 18:12:49,915 - pyALS-RF - INFO: Tree 4: 25 DBs instantiated.
2024-11-23 18:13:14,347 - pyALS-RF - INFO: Runing the TMR flow.
2024-11-23 18:13:14,366 - pyALS-RF - INFO: Tree 0: 23 DBs instantiated.
2024-11-23 18:13:14,368 - pyALS-RF - INFO: Tree 1: 22 DBs instantiated.
2024-11-23 18:13:14,370 - pyALS-RF - INFO: Tree 2: 24 DBs instantiated.
2024-11-23 18:13:14,371 - pyALS-RF - INFO: Tree 3: 21 DBs instantiated.
2024-11-23 18:13:14,373 - pyALS-RF - INFO: Tree 4: 25 DBs instantiated.
2024-11-23 18:14:00,851 - pyALS-RF - INFO: Runing the TMR flow.
2024-11-23 18:14:00,870 - pyALS-RF - INFO: Tree 0: 23 DBs instantiated.
2024-11-23 18:14:00,873 - pyALS-RF - INFO: Tree 1: 22 DBs instantiated.
2024-11-23 18:14:00,874 - pyALS-RF - INFO: Tree 2: 24 DBs instantiated.
2024-11-23 18:14:00,876 - pyALS-RF - INFO: Tree 3: 21 DBs instantiated.
2024-11-23 18:14:00,878 - pyALS-RF - INFO: Tree 4: 25 DBs instantiated.
2024-11-23 18:14:24,232 - pyALS-RF - INFO: Runing the TMR flow.
2024-11-23 18:14:24,250 - pyALS-RF - INFO: Tree 0: 23 DBs instantiated.
2024-11-23 18:14:24,252 - pyALS-RF - INFO: Tree 1: 22 DBs instantiated.
2024-11-23 18:14:24,254 - pyALS-RF - INFO: Tree 2: 24 DBs instantiated.
2024-11-23 18:14:24,255 - pyALS-RF - INFO: Tree 3: 21 DBs instantiated.
2024-11-23 18:14:24,257 - pyALS-RF - INFO: Tree 4: 25 DBs instantiated.
2024-11-23 18:14:33,276 - pyALS-RF - INFO: Runing the TMR flow.
2024-11-23 18:14:33,294 - pyALS-RF - INFO: Tree 0: 23 DBs instantiated.
2024-11-23 18:14:33,297 - pyALS-RF - INFO: Tree 1: 22 DBs instantiated.
2024-11-23 18:14:33,298 - pyALS-RF - INFO: Tree 2: 24 DBs instantiated.
2024-11-23 18:14:33,300 - pyALS-RF - INFO: Tree 3: 21 DBs instantiated.
2024-11-23 18:14:33,301 - pyALS-RF - INFO: Tree 4: 25 DBs instantiated.
2024-11-23 18:14:49,216 - pyALS-RF - INFO: Runing the TMR flow.
2024-11-23 18:14:49,234 - pyALS-RF - INFO: Tree 0: 23 DBs instantiated.
2024-11-23 18:14:49,237 - pyALS-RF - INFO: Tree 1: 22 DBs instantiated.
2024-11-23 18:14:49,238 - pyALS-RF - INFO: Tree 2: 24 DBs instantiated.
2024-11-23 18:14:49,239 - pyALS-RF - INFO: Tree 3: 21 DBs instantiated.
2024-11-23 18:14:49,241 - pyALS-RF - INFO: Tree 4: 25 DBs instantiated.
2024-11-23 18:16:16,341 - pyALS-RF - INFO: Runing the TMR flow.
2024-11-23 18:16:16,359 - pyALS-RF - INFO: Tree 0: 23 DBs instantiated.
2024-11-23 18:16:16,361 - pyALS-RF - INFO: Tree 1: 22 DBs instantiated.
2024-11-23 18:16:16,363 - pyALS-RF - INFO: Tree 2: 24 DBs instantiated.
2024-11-23 18:16:16,364 - pyALS-RF - INFO: Tree 3: 21 DBs instantiated.
2024-11-23 18:16:16,365 - pyALS-RF - INFO: Tree 4: 25 DBs instantiated.
2024-11-23 18:19:07,644 - pyALS-RF - INFO: Runing the TMR flow.
2024-11-23 18:19:07,662 - pyALS-RF - INFO: Tree 0: 23 DBs instantiated.
2024-11-23 18:19:07,664 - pyALS-RF - INFO: Tree 1: 22 DBs instantiated.
2024-11-23 18:19:07,666 - pyALS-RF - INFO: Tree 2: 24 DBs instantiated.
2024-11-23 18:19:07,667 - pyALS-RF - INFO: Tree 3: 21 DBs instantiated.
2024-11-23 18:19:07,669 - pyALS-RF - INFO: Tree 4: 25 DBs instantiated.
2024-11-23 18:19:28,817 - pyALS-RF - INFO: Runing the TMR flow.
2024-11-23 18:19:28,835 - pyALS-RF - INFO: Tree 0: 23 DBs instantiated.
2024-11-23 18:19:28,838 - pyALS-RF - INFO: Tree 1: 22 DBs instantiated.
2024-11-23 18:19:28,839 - pyALS-RF - INFO: Tree 2: 24 DBs instantiated.
2024-11-23 18:19:28,840 - pyALS-RF - INFO: Tree 3: 21 DBs instantiated.
2024-11-23 18:19:28,842 - pyALS-RF - INFO: Tree 4: 25 DBs instantiated.
2024-11-23 18:20:55,424 - pyALS-RF - INFO: Runing the TMR flow.
2024-11-23 18:20:55,442 - pyALS-RF - INFO: Tree 0: 23 DBs instantiated.
2024-11-23 18:20:55,445 - pyALS-RF - INFO: Tree 1: 22 DBs instantiated.
2024-11-23 18:20:55,446 - pyALS-RF - INFO: Tree 2: 24 DBs instantiated.
2024-11-23 18:20:55,447 - pyALS-RF - INFO: Tree 3: 21 DBs instantiated.
2024-11-23 18:20:55,449 - pyALS-RF - INFO: Tree 4: 25 DBs instantiated.
2024-11-23 18:21:55,958 - pyALS-RF - INFO: Runing the TMR flow.
2024-11-23 18:21:55,977 - pyALS-RF - INFO: Tree 0: 23 DBs instantiated.
2024-11-23 18:21:55,979 - pyALS-RF - INFO: Tree 1: 22 DBs instantiated.
2024-11-23 18:21:55,981 - pyALS-RF - INFO: Tree 2: 24 DBs instantiated.
2024-11-23 18:21:55,982 - pyALS-RF - INFO: Tree 3: 21 DBs instantiated.
2024-11-23 18:21:55,984 - pyALS-RF - INFO: Tree 4: 25 DBs instantiated.
2024-11-23 18:22:03,253 - pyALS-RF - INFO: Runing the TMR flow.
2024-11-23 18:22:03,271 - pyALS-RF - INFO: Tree 0: 23 DBs instantiated.
2024-11-23 18:22:03,273 - pyALS-RF - INFO: Tree 1: 22 DBs instantiated.
2024-11-23 18:22:03,275 - pyALS-RF - INFO: Tree 2: 24 DBs instantiated.
2024-11-23 18:22:03,276 - pyALS-RF - INFO: Tree 3: 21 DBs instantiated.
2024-11-23 18:22:03,278 - pyALS-RF - INFO: Tree 4: 25 DBs instantiated.
2024-11-23 18:22:31,253 - pyALS-RF - INFO: Runing the TMR flow.
2024-11-23 18:22:31,272 - pyALS-RF - INFO: Tree 0: 23 DBs instantiated.
2024-11-23 18:22:31,274 - pyALS-RF - INFO: Tree 1: 22 DBs instantiated.
2024-11-23 18:22:31,276 - pyALS-RF - INFO: Tree 2: 24 DBs instantiated.
2024-11-23 18:22:31,277 - pyALS-RF - INFO: Tree 3: 21 DBs instantiated.
2024-11-23 18:22:31,279 - pyALS-RF - INFO: Tree 4: 25 DBs instantiated.
2024-11-23 18:24:29,172 - pyALS-RF - INFO: Runing the TMR flow.
2024-11-23 18:24:29,190 - pyALS-RF - INFO: Tree 0: 23 DBs instantiated.
2024-11-23 18:24:29,192 - pyALS-RF - INFO: Tree 1: 22 DBs instantiated.
2024-11-23 18:24:29,193 - pyALS-RF - INFO: Tree 2: 24 DBs instantiated.
2024-11-23 18:24:29,195 - pyALS-RF - INFO: Tree 3: 21 DBs instantiated.
2024-11-23 18:24:29,196 - pyALS-RF - INFO: Tree 4: 25 DBs instantiated.
2024-11-23 18:25:08,313 - pyALS-RF - INFO: Runing the TMR flow.
2024-11-23 18:25:08,332 - pyALS-RF - INFO: Tree 0: 23 DBs instantiated.
2024-11-23 18:25:08,334 - pyALS-RF - INFO: Tree 1: 22 DBs instantiated.
2024-11-23 18:25:08,336 - pyALS-RF - INFO: Tree 2: 24 DBs instantiated.
2024-11-23 18:25:08,337 - pyALS-RF - INFO: Tree 3: 21 DBs instantiated.
2024-11-23 18:25:08,339 - pyALS-RF - INFO: Tree 4: 25 DBs instantiated.
2024-11-23 18:25:18,973 - pyALS-RF - INFO: Runing the TMR flow.
2024-11-23 18:25:18,991 - pyALS-RF - INFO: Tree 0: 23 DBs instantiated.
2024-11-23 18:25:18,994 - pyALS-RF - INFO: Tree 1: 22 DBs instantiated.
2024-11-23 18:25:18,995 - pyALS-RF - INFO: Tree 2: 24 DBs instantiated.
2024-11-23 18:25:18,996 - pyALS-RF - INFO: Tree 3: 21 DBs instantiated.
2024-11-23 18:25:18,998 - pyALS-RF - INFO: Tree 4: 25 DBs instantiated.
2024-11-23 18:25:26,537 - pyALS-RF - INFO: Runing the TMR flow.
2024-11-23 18:25:26,554 - pyALS-RF - INFO: Tree 0: 23 DBs instantiated.
2024-11-23 18:25:26,556 - pyALS-RF - INFO: Tree 1: 22 DBs instantiated.
2024-11-23 18:25:26,558 - pyALS-RF - INFO: Tree 2: 24 DBs instantiated.
2024-11-23 18:25:26,559 - pyALS-RF - INFO: Tree 3: 21 DBs instantiated.
2024-11-23 18:25:26,561 - pyALS-RF - INFO: Tree 4: 25 DBs instantiated.
2024-11-23 18:25:52,501 - pyALS-RF - INFO: Runing the TMR flow.
2024-11-23 18:25:52,686 - pyALS-RF - INFO: Tree 0: 509 DBs instantiated.
2024-11-23 18:25:52,789 - pyALS-RF - INFO: Tree 1: 475 DBs instantiated.
2024-11-23 18:25:52,883 - pyALS-RF - INFO: Tree 2: 525 DBs instantiated.
2024-11-23 18:25:52,976 - pyALS-RF - INFO: Tree 3: 451 DBs instantiated.
2024-11-23 18:25:53,070 - pyALS-RF - INFO: Tree 4: 508 DBs instantiated.
2024-11-23 18:26:20,223 - pyALS-RF - INFO: Runing the TMR flow.
2024-11-23 18:26:20,415 - pyALS-RF - INFO: Tree 0: 509 DBs instantiated.
2024-11-23 18:26:20,522 - pyALS-RF - INFO: Tree 1: 475 DBs instantiated.
2024-11-23 18:26:20,620 - pyALS-RF - INFO: Tree 2: 525 DBs instantiated.
2024-11-23 18:26:20,714 - pyALS-RF - INFO: Tree 3: 451 DBs instantiated.
2024-11-23 18:26:20,810 - pyALS-RF - INFO: Tree 4: 508 DBs instantiated.
2024-11-23 18:26:58,858 - pyALS-RF - INFO: Runing the TMR flow.
2024-11-23 18:26:59,066 - pyALS-RF - INFO: Tree 0: 509 DBs instantiated.
2024-11-23 18:26:59,175 - pyALS-RF - INFO: Tree 1: 475 DBs instantiated.
2024-11-23 18:26:59,270 - pyALS-RF - INFO: Tree 2: 525 DBs instantiated.
2024-11-23 18:26:59,367 - pyALS-RF - INFO: Tree 3: 451 DBs instantiated.
2024-11-23 18:26:59,464 - pyALS-RF - INFO: Tree 4: 508 DBs instantiated.
2024-11-23 18:28:04,510 - pyALS-RF - INFO: Runing the TMR flow.
2024-11-23 18:28:04,701 - pyALS-RF - INFO: Tree 0: 509 DBs instantiated.
2024-11-23 18:28:04,805 - pyALS-RF - INFO: Tree 1: 475 DBs instantiated.
2024-11-23 18:28:04,899 - pyALS-RF - INFO: Tree 2: 525 DBs instantiated.
2024-11-23 18:28:04,992 - pyALS-RF - INFO: Tree 3: 451 DBs instantiated.
2024-11-23 18:28:05,087 - pyALS-RF - INFO: Tree 4: 508 DBs instantiated.
2024-11-23 18:28:28,498 - pyALS-RF - INFO: Runing the TMR flow.
2024-11-23 18:28:28,690 - pyALS-RF - INFO: Tree 0: 509 DBs instantiated.
2024-11-23 18:28:28,800 - pyALS-RF - INFO: Tree 1: 475 DBs instantiated.
2024-11-23 18:28:28,900 - pyALS-RF - INFO: Tree 2: 525 DBs instantiated.
2024-11-23 18:28:29,007 - pyALS-RF - INFO: Tree 3: 451 DBs instantiated.
2024-11-23 18:28:29,104 - pyALS-RF - INFO: Tree 4: 508 DBs instantiated.
2024-11-23 18:28:42,618 - pyALS-RF - INFO: Runing the TMR flow.
2024-11-23 18:28:42,806 - pyALS-RF - INFO: Tree 0: 509 DBs instantiated.
2024-11-23 18:28:42,913 - pyALS-RF - INFO: Tree 1: 475 DBs instantiated.
2024-11-23 18:28:43,006 - pyALS-RF - INFO: Tree 2: 525 DBs instantiated.
2024-11-23 18:28:43,099 - pyALS-RF - INFO: Tree 3: 451 DBs instantiated.
2024-11-23 18:28:43,199 - pyALS-RF - INFO: Tree 4: 508 DBs instantiated.
2024-11-23 18:28:52,738 - pyALS-RF - INFO: Runing the TMR flow.
2024-11-23 18:28:52,921 - pyALS-RF - INFO: Tree 0: 509 DBs instantiated.
2024-11-23 18:28:53,030 - pyALS-RF - INFO: Tree 1: 475 DBs instantiated.
2024-11-23 18:28:53,124 - pyALS-RF - INFO: Tree 2: 525 DBs instantiated.
2024-11-23 18:28:53,216 - pyALS-RF - INFO: Tree 3: 451 DBs instantiated.
2024-11-23 18:28:53,312 - pyALS-RF - INFO: Tree 4: 508 DBs instantiated.
2024-11-23 18:29:11,379 - pyALS-RF - INFO: Runing the TMR flow.
2024-11-23 18:29:11,564 - pyALS-RF - INFO: Tree 0: 509 DBs instantiated.
2024-11-23 18:29:11,673 - pyALS-RF - INFO: Tree 1: 475 DBs instantiated.
2024-11-23 18:29:11,769 - pyALS-RF - INFO: Tree 2: 525 DBs instantiated.
2024-11-23 18:29:11,862 - pyALS-RF - INFO: Tree 3: 451 DBs instantiated.
2024-11-23 18:29:11,955 - pyALS-RF - INFO: Tree 4: 508 DBs instantiated.
2024-11-23 18:30:45,066 - pyALS-RF - INFO: Runing the TMR flow.
2024-11-23 18:30:45,252 - pyALS-RF - INFO: Tree 0: 509 DBs instantiated.
2024-11-23 18:30:45,359 - pyALS-RF - INFO: Tree 1: 475 DBs instantiated.
2024-11-23 18:30:45,455 - pyALS-RF - INFO: Tree 2: 525 DBs instantiated.
2024-11-23 18:30:45,551 - pyALS-RF - INFO: Tree 3: 451 DBs instantiated.
2024-11-23 18:30:45,647 - pyALS-RF - INFO: Tree 4: 508 DBs instantiated.
2024-11-23 18:31:19,954 - pyALS-RF - INFO: Runing the TMR flow.
2024-11-23 18:31:19,976 - pyALS-RF - INFO: Tree 0: 23 DBs instantiated.
2024-11-23 18:31:19,979 - pyALS-RF - INFO: Tree 1: 22 DBs instantiated.
2024-11-23 18:31:19,981 - pyALS-RF - INFO: Tree 2: 24 DBs instantiated.
2024-11-23 18:31:19,983 - pyALS-RF - INFO: Tree 3: 21 DBs instantiated.
2024-11-23 18:31:19,984 - pyALS-RF - INFO: Tree 4: 25 DBs instantiated.
2024-11-23 18:31:27,398 - pyALS-RF - INFO: Runing the TMR flow.
2024-11-23 18:31:27,428 - pyALS-RF - INFO: Tree 0: 20 DBs instantiated.
2024-11-23 18:31:27,430 - pyALS-RF - INFO: Tree 1: 21 DBs instantiated.
2024-11-23 18:31:27,432 - pyALS-RF - INFO: Tree 2: 23 DBs instantiated.
2024-11-23 18:31:27,433 - pyALS-RF - INFO: Tree 3: 17 DBs instantiated.
2024-11-23 18:31:27,434 - pyALS-RF - INFO: Tree 4: 23 DBs instantiated.
2024-11-23 18:31:27,435 - pyALS-RF - INFO: Tree 5: 20 DBs instantiated.
2024-11-23 18:31:27,437 - pyALS-RF - INFO: Tree 6: 22 DBs instantiated.
2024-11-23 18:31:27,438 - pyALS-RF - INFO: Tree 7: 17 DBs instantiated.
2024-11-23 18:31:27,440 - pyALS-RF - INFO: Tree 8: 23 DBs instantiated.
2024-11-23 18:31:27,441 - pyALS-RF - INFO: Tree 9: 21 DBs instantiated.
2024-11-23 18:31:27,442 - pyALS-RF - INFO: Tree 10: 25 DBs instantiated.
2024-11-23 18:31:27,444 - pyALS-RF - INFO: Tree 11: 27 DBs instantiated.
2024-11-23 18:31:27,445 - pyALS-RF - INFO: Tree 12: 26 DBs instantiated.
2024-11-23 18:31:27,447 - pyALS-RF - INFO: Tree 13: 24 DBs instantiated.
2024-11-23 18:31:27,448 - pyALS-RF - INFO: Tree 14: 21 DBs instantiated.
2024-11-23 18:31:27,450 - pyALS-RF - INFO: Tree 15: 23 DBs instantiated.
2024-11-23 18:31:27,451 - pyALS-RF - INFO: Tree 16: 18 DBs instantiated.
2024-11-23 18:31:27,452 - pyALS-RF - INFO: Tree 17: 16 DBs instantiated.
2024-11-23 18:31:27,453 - pyALS-RF - INFO: Tree 18: 20 DBs instantiated.
2024-11-23 18:31:27,455 - pyALS-RF - INFO: Tree 19: 22 DBs instantiated.
2024-11-23 18:31:27,456 - pyALS-RF - INFO: Tree 20: 19 DBs instantiated.
2024-11-23 18:31:27,458 - pyALS-RF - INFO: Tree 21: 19 DBs instantiated.
2024-11-23 18:31:27,459 - pyALS-RF - INFO: Tree 22: 19 DBs instantiated.
2024-11-23 18:31:27,460 - pyALS-RF - INFO: Tree 23: 18 DBs instantiated.
2024-11-23 18:31:27,461 - pyALS-RF - INFO: Tree 24: 18 DBs instantiated.
2024-11-23 18:31:27,463 - pyALS-RF - INFO: Tree 25: 22 DBs instantiated.
2024-11-23 18:31:27,464 - pyALS-RF - INFO: Tree 26: 24 DBs instantiated.
2024-11-23 18:31:27,465 - pyALS-RF - INFO: Tree 27: 21 DBs instantiated.
2024-11-23 18:31:27,467 - pyALS-RF - INFO: Tree 28: 24 DBs instantiated.
2024-11-23 18:31:27,468 - pyALS-RF - INFO: Tree 29: 15 DBs instantiated.
2024-11-23 18:31:27,469 - pyALS-RF - INFO: Tree 30: 17 DBs instantiated.
2024-11-23 18:31:27,470 - pyALS-RF - INFO: Tree 31: 21 DBs instantiated.
2024-11-23 18:31:27,472 - pyALS-RF - INFO: Tree 32: 25 DBs instantiated.
2024-11-23 18:31:27,473 - pyALS-RF - INFO: Tree 33: 24 DBs instantiated.
2024-11-23 18:31:27,474 - pyALS-RF - INFO: Tree 34: 17 DBs instantiated.
2024-11-23 18:31:27,476 - pyALS-RF - INFO: Tree 35: 21 DBs instantiated.
2024-11-23 18:31:27,477 - pyALS-RF - INFO: Tree 36: 24 DBs instantiated.
2024-11-23 18:31:27,479 - pyALS-RF - INFO: Tree 37: 19 DBs instantiated.
2024-11-23 18:31:27,481 - pyALS-RF - INFO: Tree 38: 27 DBs instantiated.
2024-11-23 18:31:27,482 - pyALS-RF - INFO: Tree 39: 22 DBs instantiated.
2024-11-23 18:31:38,347 - pyALS-RF - INFO: Runing the TMR flow.
2024-11-23 18:31:38,700 - pyALS-RF - INFO: Tree 0: 245 DBs instantiated.
2024-11-23 18:31:38,723 - pyALS-RF - INFO: Tree 1: 240 DBs instantiated.
2024-11-23 18:31:38,744 - pyALS-RF - INFO: Tree 2: 249 DBs instantiated.
2024-11-23 18:31:38,765 - pyALS-RF - INFO: Tree 3: 232 DBs instantiated.
2024-11-23 18:31:38,785 - pyALS-RF - INFO: Tree 4: 226 DBs instantiated.
2024-11-23 18:31:38,805 - pyALS-RF - INFO: Tree 5: 241 DBs instantiated.
2024-11-23 18:31:38,825 - pyALS-RF - INFO: Tree 6: 229 DBs instantiated.
2024-11-23 18:31:38,846 - pyALS-RF - INFO: Tree 7: 241 DBs instantiated.
2024-11-23 18:31:38,870 - pyALS-RF - INFO: Tree 8: 256 DBs instantiated.
2024-11-23 18:31:38,893 - pyALS-RF - INFO: Tree 9: 241 DBs instantiated.
2024-11-23 18:31:38,917 - pyALS-RF - INFO: Tree 10: 240 DBs instantiated.
2024-11-23 18:31:38,941 - pyALS-RF - INFO: Tree 11: 242 DBs instantiated.
2024-11-23 18:31:38,962 - pyALS-RF - INFO: Tree 12: 235 DBs instantiated.
2024-11-23 18:31:38,984 - pyALS-RF - INFO: Tree 13: 253 DBs instantiated.
2024-11-23 18:31:39,006 - pyALS-RF - INFO: Tree 14: 244 DBs instantiated.
2024-11-23 18:31:39,027 - pyALS-RF - INFO: Tree 15: 237 DBs instantiated.
2024-11-23 18:31:39,048 - pyALS-RF - INFO: Tree 16: 234 DBs instantiated.
2024-11-23 18:31:39,073 - pyALS-RF - INFO: Tree 17: 275 DBs instantiated.
2024-11-23 18:31:39,096 - pyALS-RF - INFO: Tree 18: 220 DBs instantiated.
2024-11-23 18:31:39,115 - pyALS-RF - INFO: Tree 19: 245 DBs instantiated.
2024-11-23 18:31:39,137 - pyALS-RF - INFO: Tree 20: 230 DBs instantiated.
2024-11-23 18:31:39,158 - pyALS-RF - INFO: Tree 21: 249 DBs instantiated.
2024-11-23 18:31:39,180 - pyALS-RF - INFO: Tree 22: 242 DBs instantiated.
2024-11-23 18:31:39,203 - pyALS-RF - INFO: Tree 23: 254 DBs instantiated.
2024-11-23 18:31:39,224 - pyALS-RF - INFO: Tree 24: 226 DBs instantiated.
2024-11-23 18:31:39,245 - pyALS-RF - INFO: Tree 25: 257 DBs instantiated.
2024-11-23 18:31:39,267 - pyALS-RF - INFO: Tree 26: 219 DBs instantiated.
2024-11-23 18:31:39,286 - pyALS-RF - INFO: Tree 27: 239 DBs instantiated.
2024-11-23 18:31:39,308 - pyALS-RF - INFO: Tree 28: 250 DBs instantiated.
2024-11-23 18:31:39,332 - pyALS-RF - INFO: Tree 29: 243 DBs instantiated.
2024-11-23 18:31:39,355 - pyALS-RF - INFO: Tree 30: 241 DBs instantiated.
2024-11-23 18:31:39,375 - pyALS-RF - INFO: Tree 31: 226 DBs instantiated.
2024-11-23 18:31:39,394 - pyALS-RF - INFO: Tree 32: 228 DBs instantiated.
2024-11-23 18:31:39,413 - pyALS-RF - INFO: Tree 33: 219 DBs instantiated.
2024-11-23 18:31:39,433 - pyALS-RF - INFO: Tree 34: 228 DBs instantiated.
2024-11-23 18:31:39,454 - pyALS-RF - INFO: Tree 35: 245 DBs instantiated.
2024-11-23 18:31:39,476 - pyALS-RF - INFO: Tree 36: 236 DBs instantiated.
2024-11-23 18:31:39,494 - pyALS-RF - INFO: Tree 37: 213 DBs instantiated.
2024-11-23 18:31:39,513 - pyALS-RF - INFO: Tree 38: 230 DBs instantiated.
2024-11-23 18:31:39,534 - pyALS-RF - INFO: Tree 39: 238 DBs instantiated.
2024-11-23 18:32:29,452 - pyALS-RF - INFO: Runing the TMR flow.
2024-11-23 18:32:29,580 - pyALS-RF - INFO: Tree 0: 125 DBs instantiated.
2024-11-23 18:32:29,589 - pyALS-RF - INFO: Tree 1: 104 DBs instantiated.
2024-11-23 18:32:29,597 - pyALS-RF - INFO: Tree 2: 134 DBs instantiated.
2024-11-23 18:32:29,607 - pyALS-RF - INFO: Tree 3: 113 DBs instantiated.
2024-11-23 18:32:29,616 - pyALS-RF - INFO: Tree 4: 133 DBs instantiated.
2024-11-23 18:32:29,625 - pyALS-RF - INFO: Tree 5: 106 DBs instantiated.
2024-11-23 18:32:29,633 - pyALS-RF - INFO: Tree 6: 127 DBs instantiated.
2024-11-23 18:32:29,641 - pyALS-RF - INFO: Tree 7: 114 DBs instantiated.
2024-11-23 18:32:29,650 - pyALS-RF - INFO: Tree 8: 138 DBs instantiated.
2024-11-23 18:32:29,660 - pyALS-RF - INFO: Tree 9: 132 DBs instantiated.
2024-11-23 18:32:29,670 - pyALS-RF - INFO: Tree 10: 124 DBs instantiated.
2024-11-23 18:32:29,679 - pyALS-RF - INFO: Tree 11: 123 DBs instantiated.
2024-11-23 18:32:29,690 - pyALS-RF - INFO: Tree 12: 145 DBs instantiated.
2024-11-23 18:32:29,700 - pyALS-RF - INFO: Tree 13: 118 DBs instantiated.
2024-11-23 18:32:29,708 - pyALS-RF - INFO: Tree 14: 109 DBs instantiated.
2024-11-23 18:32:29,715 - pyALS-RF - INFO: Tree 15: 90 DBs instantiated.
2024-11-23 18:32:29,723 - pyALS-RF - INFO: Tree 16: 121 DBs instantiated.
2024-11-23 18:32:29,732 - pyALS-RF - INFO: Tree 17: 120 DBs instantiated.
2024-11-23 18:32:29,741 - pyALS-RF - INFO: Tree 18: 122 DBs instantiated.
2024-11-23 18:32:29,750 - pyALS-RF - INFO: Tree 19: 112 DBs instantiated.
2024-11-23 18:32:29,758 - pyALS-RF - INFO: Tree 20: 124 DBs instantiated.
2024-11-23 18:32:29,767 - pyALS-RF - INFO: Tree 21: 113 DBs instantiated.
2024-11-23 18:32:29,775 - pyALS-RF - INFO: Tree 22: 119 DBs instantiated.
2024-11-23 18:32:29,783 - pyALS-RF - INFO: Tree 23: 107 DBs instantiated.
2024-11-23 18:32:29,793 - pyALS-RF - INFO: Tree 24: 133 DBs instantiated.
2024-11-23 18:32:29,801 - pyALS-RF - INFO: Tree 25: 102 DBs instantiated.
2024-11-23 18:32:29,808 - pyALS-RF - INFO: Tree 26: 120 DBs instantiated.
2024-11-23 18:32:29,816 - pyALS-RF - INFO: Tree 27: 114 DBs instantiated.
2024-11-23 18:32:29,824 - pyALS-RF - INFO: Tree 28: 127 DBs instantiated.
2024-11-23 18:32:29,831 - pyALS-RF - INFO: Tree 29: 94 DBs instantiated.
2024-11-23 18:32:29,840 - pyALS-RF - INFO: Tree 30: 143 DBs instantiated.
2024-11-23 18:32:29,850 - pyALS-RF - INFO: Tree 31: 107 DBs instantiated.
2024-11-23 18:32:29,857 - pyALS-RF - INFO: Tree 32: 117 DBs instantiated.
2024-11-23 18:32:29,865 - pyALS-RF - INFO: Tree 33: 108 DBs instantiated.
2024-11-23 18:32:29,872 - pyALS-RF - INFO: Tree 34: 92 DBs instantiated.
2024-11-23 18:32:29,880 - pyALS-RF - INFO: Tree 35: 140 DBs instantiated.
2024-11-23 18:32:29,891 - pyALS-RF - INFO: Tree 36: 134 DBs instantiated.
2024-11-23 18:32:29,902 - pyALS-RF - INFO: Tree 37: 158 DBs instantiated.
2024-11-23 18:32:29,913 - pyALS-RF - INFO: Tree 38: 117 DBs instantiated.
2024-11-23 18:32:29,921 - pyALS-RF - INFO: Tree 39: 118 DBs instantiated.
2024-11-23 20:10:35,797 - pyALS-RF - INFO: Runing the TMR flow.
2024-11-23 20:10:35,918 - pyALS-RF - INFO: Tree 0: 125 DBs instantiated.
2024-11-23 20:10:35,927 - pyALS-RF - INFO: Tree 1: 104 DBs instantiated.
2024-11-23 20:10:35,935 - pyALS-RF - INFO: Tree 2: 134 DBs instantiated.
2024-11-23 20:10:35,944 - pyALS-RF - INFO: Tree 3: 113 DBs instantiated.
2024-11-23 20:10:35,953 - pyALS-RF - INFO: Tree 4: 133 DBs instantiated.
2024-11-23 20:10:35,962 - pyALS-RF - INFO: Tree 5: 106 DBs instantiated.
2024-11-23 20:10:35,970 - pyALS-RF - INFO: Tree 6: 127 DBs instantiated.
2024-11-23 20:10:35,978 - pyALS-RF - INFO: Tree 7: 114 DBs instantiated.
2024-11-23 20:10:35,987 - pyALS-RF - INFO: Tree 8: 138 DBs instantiated.
2024-11-23 20:10:35,998 - pyALS-RF - INFO: Tree 9: 132 DBs instantiated.
2024-11-23 20:10:36,008 - pyALS-RF - INFO: Tree 10: 124 DBs instantiated.
2024-11-23 20:10:36,017 - pyALS-RF - INFO: Tree 11: 123 DBs instantiated.
2024-11-23 20:10:36,028 - pyALS-RF - INFO: Tree 12: 145 DBs instantiated.
2024-11-23 20:10:36,038 - pyALS-RF - INFO: Tree 13: 118 DBs instantiated.
2024-11-23 20:10:36,046 - pyALS-RF - INFO: Tree 14: 109 DBs instantiated.
2024-11-23 20:10:36,053 - pyALS-RF - INFO: Tree 15: 90 DBs instantiated.
2024-11-23 20:10:36,060 - pyALS-RF - INFO: Tree 16: 121 DBs instantiated.
2024-11-23 20:10:36,070 - pyALS-RF - INFO: Tree 17: 120 DBs instantiated.
2024-11-23 20:10:36,078 - pyALS-RF - INFO: Tree 18: 122 DBs instantiated.
2024-11-23 20:10:36,086 - pyALS-RF - INFO: Tree 19: 112 DBs instantiated.
2024-11-23 20:10:36,094 - pyALS-RF - INFO: Tree 20: 124 DBs instantiated.
2024-11-23 20:10:36,103 - pyALS-RF - INFO: Tree 21: 113 DBs instantiated.
2024-11-23 20:10:36,112 - pyALS-RF - INFO: Tree 22: 119 DBs instantiated.
2024-11-23 20:10:36,119 - pyALS-RF - INFO: Tree 23: 107 DBs instantiated.
2024-11-23 20:10:36,128 - pyALS-RF - INFO: Tree 24: 133 DBs instantiated.
2024-11-23 20:10:36,136 - pyALS-RF - INFO: Tree 25: 102 DBs instantiated.
2024-11-23 20:10:36,143 - pyALS-RF - INFO: Tree 26: 120 DBs instantiated.
2024-11-23 20:10:36,151 - pyALS-RF - INFO: Tree 27: 114 DBs instantiated.
2024-11-23 20:10:36,159 - pyALS-RF - INFO: Tree 28: 127 DBs instantiated.
2024-11-23 20:10:36,166 - pyALS-RF - INFO: Tree 29: 94 DBs instantiated.
2024-11-23 20:10:36,175 - pyALS-RF - INFO: Tree 30: 143 DBs instantiated.
2024-11-23 20:10:36,185 - pyALS-RF - INFO: Tree 31: 107 DBs instantiated.
2024-11-23 20:10:36,192 - pyALS-RF - INFO: Tree 32: 117 DBs instantiated.
2024-11-23 20:10:36,200 - pyALS-RF - INFO: Tree 33: 108 DBs instantiated.
2024-11-23 20:10:36,207 - pyALS-RF - INFO: Tree 34: 92 DBs instantiated.
2024-11-23 20:10:36,215 - pyALS-RF - INFO: Tree 35: 140 DBs instantiated.
2024-11-23 20:10:36,226 - pyALS-RF - INFO: Tree 36: 134 DBs instantiated.
2024-11-23 20:10:36,237 - pyALS-RF - INFO: Tree 37: 158 DBs instantiated.
2024-11-23 20:10:36,247 - pyALS-RF - INFO: Tree 38: 117 DBs instantiated.
2024-11-23 20:10:36,256 - pyALS-RF - INFO: Tree 39: 118 DBs instantiated.
2024-11-23 20:13:57,552 - pyALS-RF - INFO: Runing the TMR flow.
2024-11-23 20:13:57,571 - pyALS-RF - INFO: Tree 0: 23 DBs instantiated.
2024-11-23 20:13:57,574 - pyALS-RF - INFO: Tree 1: 22 DBs instantiated.
2024-11-23 20:13:57,575 - pyALS-RF - INFO: Tree 2: 24 DBs instantiated.
2024-11-23 20:13:57,577 - pyALS-RF - INFO: Tree 3: 21 DBs instantiated.
2024-11-23 20:13:57,578 - pyALS-RF - INFO: Tree 4: 25 DBs instantiated.
2024-11-23 20:36:55,397 - pyALS-RF - INFO: Runing the TMR flow.
2024-11-23 20:36:55,417 - pyALS-RF - INFO: Tree 0: 23 DBs instantiated.
2024-11-23 20:36:55,419 - pyALS-RF - INFO: Tree 1: 22 DBs instantiated.
2024-11-23 20:36:55,421 - pyALS-RF - INFO: Tree 2: 24 DBs instantiated.
2024-11-23 20:36:55,422 - pyALS-RF - INFO: Tree 3: 21 DBs instantiated.
2024-11-23 20:36:55,423 - pyALS-RF - INFO: Tree 4: 25 DBs instantiated.
2024-11-23 20:37:04,021 - pyALS-RF - INFO: Runing the TMR flow.
2024-11-23 20:37:04,039 - pyALS-RF - INFO: Tree 0: 23 DBs instantiated.
2024-11-23 20:37:04,041 - pyALS-RF - INFO: Tree 1: 22 DBs instantiated.
2024-11-23 20:37:04,042 - pyALS-RF - INFO: Tree 2: 24 DBs instantiated.
2024-11-23 20:37:04,044 - pyALS-RF - INFO: Tree 3: 21 DBs instantiated.
2024-11-23 20:37:04,045 - pyALS-RF - INFO: Tree 4: 25 DBs instantiated.
2024-11-23 20:37:26,662 - pyALS-RF - INFO: Runing the TMR flow.
2024-11-23 20:37:26,680 - pyALS-RF - INFO: Tree 0: 23 DBs instantiated.
2024-11-23 20:37:26,682 - pyALS-RF - INFO: Tree 1: 22 DBs instantiated.
2024-11-23 20:37:26,684 - pyALS-RF - INFO: Tree 2: 24 DBs instantiated.
2024-11-23 20:37:26,685 - pyALS-RF - INFO: Tree 3: 21 DBs instantiated.
2024-11-23 20:37:26,686 - pyALS-RF - INFO: Tree 4: 25 DBs instantiated.
2024-11-23 20:37:53,950 - pyALS-RF - INFO: Runing the TMR flow.
2024-11-23 20:37:53,968 - pyALS-RF - INFO: Tree 0: 23 DBs instantiated.
2024-11-23 20:37:53,970 - pyALS-RF - INFO: Tree 1: 22 DBs instantiated.
2024-11-23 20:37:53,972 - pyALS-RF - INFO: Tree 2: 24 DBs instantiated.
2024-11-23 20:37:53,973 - pyALS-RF - INFO: Tree 3: 21 DBs instantiated.
2024-11-23 20:37:53,974 - pyALS-RF - INFO: Tree 4: 25 DBs instantiated.
2024-11-23 20:38:16,549 - pyALS-RF - INFO: Runing the TMR flow.
2024-11-23 20:38:16,574 - pyALS-RF - INFO: Tree 0: 23 DBs instantiated.
2024-11-23 20:38:16,577 - pyALS-RF - INFO: Tree 1: 22 DBs instantiated.
2024-11-23 20:38:16,579 - pyALS-RF - INFO: Tree 2: 24 DBs instantiated.
2024-11-23 20:38:16,581 - pyALS-RF - INFO: Tree 3: 21 DBs instantiated.
2024-11-23 20:38:16,583 - pyALS-RF - INFO: Tree 4: 25 DBs instantiated.
2024-11-23 20:38:35,750 - pyALS-RF - INFO: Runing the TMR flow.
2024-11-23 20:38:35,769 - pyALS-RF - INFO: Tree 0: 23 DBs instantiated.
2024-11-23 20:38:35,771 - pyALS-RF - INFO: Tree 1: 22 DBs instantiated.
2024-11-23 20:38:35,772 - pyALS-RF - INFO: Tree 2: 24 DBs instantiated.
2024-11-23 20:38:35,774 - pyALS-RF - INFO: Tree 3: 21 DBs instantiated.
2024-11-23 20:38:35,775 - pyALS-RF - INFO: Tree 4: 25 DBs instantiated.
2024-11-23 20:38:44,214 - pyALS-RF - INFO: Runing the TMR flow.
2024-11-23 20:38:44,233 - pyALS-RF - INFO: Tree 0: 23 DBs instantiated.
2024-11-23 20:38:44,235 - pyALS-RF - INFO: Tree 1: 22 DBs instantiated.
2024-11-23 20:38:44,237 - pyALS-RF - INFO: Tree 2: 24 DBs instantiated.
2024-11-23 20:38:44,238 - pyALS-RF - INFO: Tree 3: 21 DBs instantiated.
2024-11-23 20:38:44,239 - pyALS-RF - INFO: Tree 4: 25 DBs instantiated.
2024-11-23 20:38:55,359 - pyALS-RF - INFO: Runing the TMR flow.
2024-11-23 20:38:55,377 - pyALS-RF - INFO: Tree 0: 23 DBs instantiated.
2024-11-23 20:38:55,380 - pyALS-RF - INFO: Tree 1: 22 DBs instantiated.
2024-11-23 20:38:55,381 - pyALS-RF - INFO: Tree 2: 24 DBs instantiated.
2024-11-23 20:38:55,382 - pyALS-RF - INFO: Tree 3: 21 DBs instantiated.
2024-11-23 20:38:55,384 - pyALS-RF - INFO: Tree 4: 25 DBs instantiated.
2024-11-23 20:39:22,478 - pyALS-RF - INFO: Runing the TMR flow.
2024-11-23 20:39:22,496 - pyALS-RF - INFO: Tree 0: 23 DBs instantiated.
2024-11-23 20:39:22,499 - pyALS-RF - INFO: Tree 1: 22 DBs instantiated.
2024-11-23 20:39:22,500 - pyALS-RF - INFO: Tree 2: 24 DBs instantiated.
2024-11-23 20:39:22,502 - pyALS-RF - INFO: Tree 3: 21 DBs instantiated.
2024-11-23 20:39:22,503 - pyALS-RF - INFO: Tree 4: 25 DBs instantiated.
2024-11-23 20:39:39,032 - pyALS-RF - INFO: Runing the TMR flow.
2024-11-23 20:39:39,051 - pyALS-RF - INFO: Tree 0: 23 DBs instantiated.
2024-11-23 20:39:39,053 - pyALS-RF - INFO: Tree 1: 22 DBs instantiated.
2024-11-23 20:39:39,054 - pyALS-RF - INFO: Tree 2: 24 DBs instantiated.
2024-11-23 20:39:39,056 - pyALS-RF - INFO: Tree 3: 21 DBs instantiated.
2024-11-23 20:39:39,057 - pyALS-RF - INFO: Tree 4: 25 DBs instantiated.
2024-11-23 20:39:41,227 - pyALS-RF - INFO: Runing the TMR flow.
2024-11-23 20:39:41,246 - pyALS-RF - INFO: Tree 0: 23 DBs instantiated.
2024-11-23 20:39:41,248 - pyALS-RF - INFO: Tree 1: 22 DBs instantiated.
2024-11-23 20:39:41,250 - pyALS-RF - INFO: Tree 2: 24 DBs instantiated.
2024-11-23 20:39:41,251 - pyALS-RF - INFO: Tree 3: 21 DBs instantiated.
2024-11-23 20:39:41,252 - pyALS-RF - INFO: Tree 4: 25 DBs instantiated.
2024-11-23 20:39:42,986 - pyALS-RF - INFO: Runing the TMR flow.
2024-11-23 20:39:43,003 - pyALS-RF - INFO: Tree 0: 23 DBs instantiated.
2024-11-23 20:39:43,006 - pyALS-RF - INFO: Tree 1: 22 DBs instantiated.
2024-11-23 20:39:43,007 - pyALS-RF - INFO: Tree 2: 24 DBs instantiated.
2024-11-23 20:39:43,008 - pyALS-RF - INFO: Tree 3: 21 DBs instantiated.
2024-11-23 20:39:43,010 - pyALS-RF - INFO: Tree 4: 25 DBs instantiated.
2024-11-23 20:39:45,039 - pyALS-RF - INFO: Runing the TMR flow.
2024-11-23 20:39:45,058 - pyALS-RF - INFO: Tree 0: 23 DBs instantiated.
2024-11-23 20:39:45,060 - pyALS-RF - INFO: Tree 1: 22 DBs instantiated.
2024-11-23 20:39:45,062 - pyALS-RF - INFO: Tree 2: 24 DBs instantiated.
2024-11-23 20:39:45,063 - pyALS-RF - INFO: Tree 3: 21 DBs instantiated.
2024-11-23 20:39:45,064 - pyALS-RF - INFO: Tree 4: 25 DBs instantiated.
2024-11-23 20:40:28,245 - pyALS-RF - INFO: Runing the TMR flow.
2024-11-23 20:40:28,279 - pyALS-RF - INFO: Tree 0: 110 DBs instantiated.
2024-11-23 20:40:28,288 - pyALS-RF - INFO: Tree 1: 129 DBs instantiated.
2024-11-23 20:40:28,297 - pyALS-RF - INFO: Tree 2: 115 DBs instantiated.
2024-11-23 20:40:28,305 - pyALS-RF - INFO: Tree 3: 108 DBs instantiated.
2024-11-23 20:40:28,313 - pyALS-RF - INFO: Tree 4: 117 DBs instantiated.
2024-11-23 20:40:39,644 - pyALS-RF - INFO: Runing the TMR flow.
2024-11-23 20:40:39,843 - pyALS-RF - INFO: Tree 0: 509 DBs instantiated.
2024-11-23 20:40:39,954 - pyALS-RF - INFO: Tree 1: 475 DBs instantiated.
2024-11-23 20:40:40,053 - pyALS-RF - INFO: Tree 2: 525 DBs instantiated.
2024-11-23 20:40:40,151 - pyALS-RF - INFO: Tree 3: 451 DBs instantiated.
2024-11-23 20:40:40,250 - pyALS-RF - INFO: Tree 4: 508 DBs instantiated.
2024-11-23 21:05:13,454 - pyALS-RF - INFO: Runing the TMR flow.
2024-11-23 21:05:13,473 - pyALS-RF - INFO: Tree 0: 23 DBs instantiated.
2024-11-23 21:05:13,475 - pyALS-RF - INFO: Tree 1: 22 DBs instantiated.
2024-11-23 21:05:13,477 - pyALS-RF - INFO: Tree 2: 24 DBs instantiated.
2024-11-23 21:05:13,478 - pyALS-RF - INFO: Tree 3: 21 DBs instantiated.
2024-11-23 21:05:13,479 - pyALS-RF - INFO: Tree 4: 25 DBs instantiated.
2024-11-23 21:10:21,904 - pyALS-RF - INFO: Runing the TMR flow.
2024-11-23 21:10:21,922 - pyALS-RF - INFO: Tree 0: 23 DBs instantiated.
2024-11-23 21:10:21,924 - pyALS-RF - INFO: Tree 1: 22 DBs instantiated.
2024-11-23 21:10:21,926 - pyALS-RF - INFO: Tree 2: 24 DBs instantiated.
2024-11-23 21:10:21,927 - pyALS-RF - INFO: Tree 3: 21 DBs instantiated.
2024-11-23 21:10:21,928 - pyALS-RF - INFO: Tree 4: 25 DBs instantiated.
2024-11-23 21:10:33,160 - pyALS-RF - INFO: Runing the TMR flow.
2024-11-23 21:10:33,178 - pyALS-RF - INFO: Tree 0: 23 DBs instantiated.
2024-11-23 21:10:33,180 - pyALS-RF - INFO: Tree 1: 22 DBs instantiated.
2024-11-23 21:10:33,181 - pyALS-RF - INFO: Tree 2: 24 DBs instantiated.
2024-11-23 21:10:33,183 - pyALS-RF - INFO: Tree 3: 21 DBs instantiated.
2024-11-23 21:10:33,184 - pyALS-RF - INFO: Tree 4: 25 DBs instantiated.
2024-11-23 21:17:10,517 - pyALS-RF - INFO: Runing the TMR flow.
2024-11-23 21:17:10,536 - pyALS-RF - INFO: Tree 0: 23 DBs instantiated.
2024-11-23 21:17:10,538 - pyALS-RF - INFO: Tree 1: 22 DBs instantiated.
2024-11-23 21:17:10,539 - pyALS-RF - INFO: Tree 2: 24 DBs instantiated.
2024-11-23 21:17:10,541 - pyALS-RF - INFO: Tree 3: 21 DBs instantiated.
2024-11-23 21:17:10,542 - pyALS-RF - INFO: Tree 4: 25 DBs instantiated.
2024-11-23 21:17:30,441 - pyALS-RF - INFO: Runing the TMR flow.
2024-11-23 21:17:30,460 - pyALS-RF - INFO: Tree 0: 23 DBs instantiated.
2024-11-23 21:17:30,462 - pyALS-RF - INFO: Tree 1: 22 DBs instantiated.
2024-11-23 21:17:30,464 - pyALS-RF - INFO: Tree 2: 24 DBs instantiated.
2024-11-23 21:17:30,465 - pyALS-RF - INFO: Tree 3: 21 DBs instantiated.
2024-11-23 21:17:30,466 - pyALS-RF - INFO: Tree 4: 25 DBs instantiated.
2024-11-23 21:30:09,516 - pyALS-RF - INFO: Runing the TMR flow.
2024-11-23 21:30:09,534 - pyALS-RF - INFO: Tree 0: 23 DBs instantiated.
2024-11-23 21:30:09,536 - pyALS-RF - INFO: Tree 1: 22 DBs instantiated.
2024-11-23 21:30:09,538 - pyALS-RF - INFO: Tree 2: 24 DBs instantiated.
2024-11-23 21:30:09,539 - pyALS-RF - INFO: Tree 3: 21 DBs instantiated.
2024-11-23 21:30:09,540 - pyALS-RF - INFO: Tree 4: 25 DBs instantiated.
2024-11-23 21:30:28,416 - pyALS-RF - INFO: Runing the TMR flow.
2024-11-23 21:30:28,434 - pyALS-RF - INFO: Tree 0: 23 DBs instantiated.
2024-11-23 21:30:28,436 - pyALS-RF - INFO: Tree 1: 22 DBs instantiated.
2024-11-23 21:30:28,438 - pyALS-RF - INFO: Tree 2: 24 DBs instantiated.
2024-11-23 21:30:28,439 - pyALS-RF - INFO: Tree 3: 21 DBs instantiated.
2024-11-23 21:30:28,440 - pyALS-RF - INFO: Tree 4: 25 DBs instantiated.
2024-11-23 21:30:55,083 - pyALS-RF - INFO: Runing the TMR flow.
2024-11-23 21:30:55,101 - pyALS-RF - INFO: Tree 0: 23 DBs instantiated.
2024-11-23 21:30:55,103 - pyALS-RF - INFO: Tree 1: 22 DBs instantiated.
2024-11-23 21:30:55,105 - pyALS-RF - INFO: Tree 2: 24 DBs instantiated.
2024-11-23 21:30:55,106 - pyALS-RF - INFO: Tree 3: 21 DBs instantiated.
2024-11-23 21:30:55,108 - pyALS-RF - INFO: Tree 4: 25 DBs instantiated.
2024-11-23 21:31:42,336 - pyALS-RF - INFO: Runing the TMR flow.
2024-11-23 21:31:42,353 - pyALS-RF - INFO: Tree 0: 23 DBs instantiated.
2024-11-23 21:31:42,356 - pyALS-RF - INFO: Tree 1: 22 DBs instantiated.
2024-11-23 21:31:42,357 - pyALS-RF - INFO: Tree 2: 24 DBs instantiated.
2024-11-23 21:31:42,359 - pyALS-RF - INFO: Tree 3: 21 DBs instantiated.
2024-11-23 21:31:42,360 - pyALS-RF - INFO: Tree 4: 25 DBs instantiated.
2024-11-23 21:32:14,879 - pyALS-RF - INFO: Runing the TMR flow.
2024-11-23 21:32:14,898 - pyALS-RF - INFO: Tree 0: 23 DBs instantiated.
2024-11-23 21:32:14,901 - pyALS-RF - INFO: Tree 1: 22 DBs instantiated.
2024-11-23 21:32:14,902 - pyALS-RF - INFO: Tree 2: 24 DBs instantiated.
2024-11-23 21:32:14,903 - pyALS-RF - INFO: Tree 3: 21 DBs instantiated.
2024-11-23 21:32:14,905 - pyALS-RF - INFO: Tree 4: 25 DBs instantiated.
2024-11-23 21:32:17,255 - pyALS-RF - INFO: Runing the TMR flow.
2024-11-23 21:32:17,273 - pyALS-RF - INFO: Tree 0: 23 DBs instantiated.
2024-11-23 21:32:17,275 - pyALS-RF - INFO: Tree 1: 22 DBs instantiated.
2024-11-23 21:32:17,277 - pyALS-RF - INFO: Tree 2: 24 DBs instantiated.
2024-11-23 21:32:17,278 - pyALS-RF - INFO: Tree 3: 21 DBs instantiated.
2024-11-23 21:32:17,280 - pyALS-RF - INFO: Tree 4: 25 DBs instantiated.
2024-11-23 21:32:23,894 - pyALS-RF - INFO: Runing the TMR flow.
2024-11-23 21:32:23,912 - pyALS-RF - INFO: Tree 0: 23 DBs instantiated.
2024-11-23 21:32:23,914 - pyALS-RF - INFO: Tree 1: 22 DBs instantiated.
2024-11-23 21:32:23,916 - pyALS-RF - INFO: Tree 2: 24 DBs instantiated.
2024-11-23 21:32:23,917 - pyALS-RF - INFO: Tree 3: 21 DBs instantiated.
2024-11-23 21:32:23,919 - pyALS-RF - INFO: Tree 4: 25 DBs instantiated.
2024-11-23 21:32:57,706 - pyALS-RF - INFO: Runing the TMR flow.
2024-11-23 21:32:57,724 - pyALS-RF - INFO: Tree 0: 23 DBs instantiated.
2024-11-23 21:32:57,727 - pyALS-RF - INFO: Tree 1: 22 DBs instantiated.
2024-11-23 21:32:57,728 - pyALS-RF - INFO: Tree 2: 24 DBs instantiated.
2024-11-23 21:32:57,729 - pyALS-RF - INFO: Tree 3: 21 DBs instantiated.
2024-11-23 21:32:57,731 - pyALS-RF - INFO: Tree 4: 25 DBs instantiated.
2024-11-23 22:21:34,814 - pyALS-RF - INFO: Runing the TMR flow.
2024-11-23 22:21:34,833 - pyALS-RF - INFO: Tree 0: 23 DBs instantiated.
2024-11-23 22:21:34,835 - pyALS-RF - INFO: Tree 1: 22 DBs instantiated.
2024-11-23 22:21:34,836 - pyALS-RF - INFO: Tree 2: 24 DBs instantiated.
2024-11-23 22:21:34,838 - pyALS-RF - INFO: Tree 3: 21 DBs instantiated.
2024-11-23 22:21:34,839 - pyALS-RF - INFO: Tree 4: 25 DBs instantiated.
2024-11-23 22:22:08,682 - pyALS-RF - INFO: Runing the TMR flow.
2024-11-23 22:22:08,700 - pyALS-RF - INFO: Tree 0: 23 DBs instantiated.
2024-11-23 22:22:08,702 - pyALS-RF - INFO: Tree 1: 22 DBs instantiated.
2024-11-23 22:22:08,704 - pyALS-RF - INFO: Tree 2: 24 DBs instantiated.
2024-11-23 22:22:08,705 - pyALS-RF - INFO: Tree 3: 21 DBs instantiated.
2024-11-23 22:22:08,706 - pyALS-RF - INFO: Tree 4: 25 DBs instantiated.
2024-11-23 22:22:41,035 - pyALS-RF - INFO: Runing the TMR flow.
2024-11-23 22:22:41,053 - pyALS-RF - INFO: Tree 0: 23 DBs instantiated.
2024-11-23 22:22:41,056 - pyALS-RF - INFO: Tree 1: 22 DBs instantiated.
2024-11-23 22:22:41,057 - pyALS-RF - INFO: Tree 2: 24 DBs instantiated.
2024-11-23 22:22:41,058 - pyALS-RF - INFO: Tree 3: 21 DBs instantiated.
2024-11-23 22:22:41,060 - pyALS-RF - INFO: Tree 4: 25 DBs instantiated.
2024-11-23 22:22:56,086 - pyALS-RF - INFO: Runing the TMR flow.
2024-11-23 22:22:56,104 - pyALS-RF - INFO: Tree 0: 23 DBs instantiated.
2024-11-23 22:22:56,106 - pyALS-RF - INFO: Tree 1: 22 DBs instantiated.
2024-11-23 22:22:56,108 - pyALS-RF - INFO: Tree 2: 24 DBs instantiated.
2024-11-23 22:22:56,109 - pyALS-RF - INFO: Tree 3: 21 DBs instantiated.
2024-11-23 22:22:56,110 - pyALS-RF - INFO: Tree 4: 25 DBs instantiated.
2024-11-23 22:23:50,417 - pyALS-RF - INFO: Runing the TMR flow.
2024-11-23 22:23:50,435 - pyALS-RF - INFO: Tree 0: 23 DBs instantiated.
2024-11-23 22:23:50,437 - pyALS-RF - INFO: Tree 1: 22 DBs instantiated.
2024-11-23 22:23:50,439 - pyALS-RF - INFO: Tree 2: 24 DBs instantiated.
2024-11-23 22:23:50,440 - pyALS-RF - INFO: Tree 3: 21 DBs instantiated.
2024-11-23 22:23:50,442 - pyALS-RF - INFO: Tree 4: 25 DBs instantiated.
2024-11-23 22:29:21,949 - pyALS-RF - INFO: Runing the TMR flow.
2024-11-23 22:29:21,967 - pyALS-RF - INFO: Tree 0: 23 DBs instantiated.
2024-11-23 22:29:21,969 - pyALS-RF - INFO: Tree 1: 22 DBs instantiated.
2024-11-23 22:29:21,970 - pyALS-RF - INFO: Tree 2: 24 DBs instantiated.
2024-11-23 22:29:21,972 - pyALS-RF - INFO: Tree 3: 21 DBs instantiated.
2024-11-23 22:29:21,973 - pyALS-RF - INFO: Tree 4: 25 DBs instantiated.
2024-11-23 22:29:42,615 - pyALS-RF - INFO: Runing the TMR flow.
2024-11-23 22:29:42,633 - pyALS-RF - INFO: Tree 0: 23 DBs instantiated.
2024-11-23 22:29:42,635 - pyALS-RF - INFO: Tree 1: 22 DBs instantiated.
2024-11-23 22:29:42,637 - pyALS-RF - INFO: Tree 2: 24 DBs instantiated.
2024-11-23 22:29:42,638 - pyALS-RF - INFO: Tree 3: 21 DBs instantiated.
2024-11-23 22:29:42,639 - pyALS-RF - INFO: Tree 4: 25 DBs instantiated.
2024-11-23 22:30:15,250 - pyALS-RF - INFO: Runing the TMR flow.
2024-11-23 22:30:15,268 - pyALS-RF - INFO: Tree 0: 23 DBs instantiated.
2024-11-23 22:30:15,271 - pyALS-RF - INFO: Tree 1: 22 DBs instantiated.
2024-11-23 22:30:15,272 - pyALS-RF - INFO: Tree 2: 24 DBs instantiated.
2024-11-23 22:30:15,273 - pyALS-RF - INFO: Tree 3: 21 DBs instantiated.
2024-11-23 22:30:15,275 - pyALS-RF - INFO: Tree 4: 25 DBs instantiated.
2024-11-23 22:30:27,933 - pyALS-RF - INFO: Runing the TMR flow.
2024-11-23 22:30:27,952 - pyALS-RF - INFO: Tree 0: 23 DBs instantiated.
2024-11-23 22:30:27,954 - pyALS-RF - INFO: Tree 1: 22 DBs instantiated.
2024-11-23 22:30:27,955 - pyALS-RF - INFO: Tree 2: 24 DBs instantiated.
2024-11-23 22:30:27,957 - pyALS-RF - INFO: Tree 3: 21 DBs instantiated.
2024-11-23 22:30:27,958 - pyALS-RF - INFO: Tree 4: 25 DBs instantiated.
2024-11-23 22:30:52,764 - pyALS-RF - INFO: Runing the TMR flow.
2024-11-23 22:30:52,781 - pyALS-RF - INFO: Tree 0: 23 DBs instantiated.
2024-11-23 22:30:52,784 - pyALS-RF - INFO: Tree 1: 22 DBs instantiated.
2024-11-23 22:30:52,785 - pyALS-RF - INFO: Tree 2: 24 DBs instantiated.
2024-11-23 22:30:52,786 - pyALS-RF - INFO: Tree 3: 21 DBs instantiated.
2024-11-23 22:30:52,788 - pyALS-RF - INFO: Tree 4: 25 DBs instantiated.
2024-11-23 22:31:12,216 - pyALS-RF - INFO: Runing the TMR flow.
2024-11-23 22:31:12,233 - pyALS-RF - INFO: Tree 0: 23 DBs instantiated.
2024-11-23 22:31:12,236 - pyALS-RF - INFO: Tree 1: 22 DBs instantiated.
2024-11-23 22:31:12,237 - pyALS-RF - INFO: Tree 2: 24 DBs instantiated.
2024-11-23 22:31:12,239 - pyALS-RF - INFO: Tree 3: 21 DBs instantiated.
2024-11-23 22:31:12,240 - pyALS-RF - INFO: Tree 4: 25 DBs instantiated.
2024-11-23 22:31:50,652 - pyALS-RF - INFO: Runing the TMR flow.
2024-11-23 22:31:50,670 - pyALS-RF - INFO: Tree 0: 23 DBs instantiated.
2024-11-23 22:31:50,673 - pyALS-RF - INFO: Tree 1: 22 DBs instantiated.
2024-11-23 22:31:50,674 - pyALS-RF - INFO: Tree 2: 24 DBs instantiated.
2024-11-23 22:31:50,675 - pyALS-RF - INFO: Tree 3: 21 DBs instantiated.
2024-11-23 22:31:50,677 - pyALS-RF - INFO: Tree 4: 25 DBs instantiated.
2024-11-23 22:33:42,782 - pyALS-RF - INFO: Runing the TMR flow.
2024-11-23 22:33:42,799 - pyALS-RF - INFO: Tree 0: 23 DBs instantiated.
2024-11-23 22:33:42,802 - pyALS-RF - INFO: Tree 1: 22 DBs instantiated.
2024-11-23 22:33:42,803 - pyALS-RF - INFO: Tree 2: 24 DBs instantiated.
2024-11-23 22:33:42,805 - pyALS-RF - INFO: Tree 3: 21 DBs instantiated.
2024-11-23 22:33:42,806 - pyALS-RF - INFO: Tree 4: 25 DBs instantiated.
2024-11-23 22:34:29,187 - pyALS-RF - INFO: Runing the TMR flow.
2024-11-23 22:34:29,205 - pyALS-RF - INFO: Tree 0: 23 DBs instantiated.
2024-11-23 22:34:29,207 - pyALS-RF - INFO: Tree 1: 22 DBs instantiated.
2024-11-23 22:34:29,209 - pyALS-RF - INFO: Tree 2: 24 DBs instantiated.
2024-11-23 22:34:29,210 - pyALS-RF - INFO: Tree 3: 21 DBs instantiated.
2024-11-23 22:34:29,212 - pyALS-RF - INFO: Tree 4: 25 DBs instantiated.
2024-11-23 22:38:55,556 - pyALS-RF - INFO: Runing the TMR flow.
2024-11-23 22:38:55,574 - pyALS-RF - INFO: Tree 0: 23 DBs instantiated.
2024-11-23 22:38:55,577 - pyALS-RF - INFO: Tree 1: 22 DBs instantiated.
2024-11-23 22:38:55,579 - pyALS-RF - INFO: Tree 2: 24 DBs instantiated.
2024-11-23 22:38:55,580 - pyALS-RF - INFO: Tree 3: 21 DBs instantiated.
2024-11-23 22:38:55,582 - pyALS-RF - INFO: Tree 4: 25 DBs instantiated.
2024-11-23 23:03:39,428 - pyALS-RF - INFO: Runing the TMR flow.
2024-11-23 23:03:39,447 - pyALS-RF - INFO: Tree 0: 23 DBs instantiated.
2024-11-23 23:03:39,449 - pyALS-RF - INFO: Tree 1: 22 DBs instantiated.
2024-11-23 23:03:39,451 - pyALS-RF - INFO: Tree 2: 24 DBs instantiated.
2024-11-23 23:03:39,452 - pyALS-RF - INFO: Tree 3: 21 DBs instantiated.
2024-11-23 23:03:39,453 - pyALS-RF - INFO: Tree 4: 25 DBs instantiated.
2024-11-23 23:04:17,369 - pyALS-RF - INFO: Runing the TMR flow.
2024-11-23 23:04:17,387 - pyALS-RF - INFO: Tree 0: 23 DBs instantiated.
2024-11-23 23:04:17,390 - pyALS-RF - INFO: Tree 1: 22 DBs instantiated.
2024-11-23 23:04:17,391 - pyALS-RF - INFO: Tree 2: 24 DBs instantiated.
2024-11-23 23:04:17,393 - pyALS-RF - INFO: Tree 3: 21 DBs instantiated.
2024-11-23 23:04:17,394 - pyALS-RF - INFO: Tree 4: 25 DBs instantiated.
2024-11-23 23:05:43,037 - pyALS-RF - INFO: Runing the TMR flow.
2024-11-23 23:05:43,055 - pyALS-RF - INFO: Tree 0: 23 DBs instantiated.
2024-11-23 23:05:43,058 - pyALS-RF - INFO: Tree 1: 22 DBs instantiated.
2024-11-23 23:05:43,059 - pyALS-RF - INFO: Tree 2: 24 DBs instantiated.
2024-11-23 23:05:43,061 - pyALS-RF - INFO: Tree 3: 21 DBs instantiated.
2024-11-23 23:05:43,062 - pyALS-RF - INFO: Tree 4: 25 DBs instantiated.
2024-11-23 23:07:19,067 - pyALS-RF - INFO: Runing the TMR flow.
2024-11-23 23:07:19,085 - pyALS-RF - INFO: Tree 0: 23 DBs instantiated.
2024-11-23 23:07:19,087 - pyALS-RF - INFO: Tree 1: 22 DBs instantiated.
2024-11-23 23:07:19,088 - pyALS-RF - INFO: Tree 2: 24 DBs instantiated.
2024-11-23 23:07:19,090 - pyALS-RF - INFO: Tree 3: 21 DBs instantiated.
2024-11-23 23:07:19,091 - pyALS-RF - INFO: Tree 4: 25 DBs instantiated.
2024-11-23 23:08:42,595 - pyALS-RF - INFO: Runing the TMR flow.
2024-11-23 23:08:42,613 - pyALS-RF - INFO: Tree 0: 23 DBs instantiated.
2024-11-23 23:08:42,616 - pyALS-RF - INFO: Tree 1: 22 DBs instantiated.
2024-11-23 23:08:42,617 - pyALS-RF - INFO: Tree 2: 24 DBs instantiated.
2024-11-23 23:08:42,619 - pyALS-RF - INFO: Tree 3: 21 DBs instantiated.
2024-11-23 23:08:42,620 - pyALS-RF - INFO: Tree 4: 25 DBs instantiated.
2024-11-23 23:28:13,140 - pyALS-RF - INFO: Runing the TMR flow.
2024-11-23 23:28:13,160 - pyALS-RF - INFO: Tree 0: 23 DBs instantiated.
2024-11-23 23:28:13,162 - pyALS-RF - INFO: Tree 1: 22 DBs instantiated.
2024-11-23 23:28:13,164 - pyALS-RF - INFO: Tree 2: 24 DBs instantiated.
2024-11-23 23:28:13,165 - pyALS-RF - INFO: Tree 3: 21 DBs instantiated.
2024-11-23 23:28:13,166 - pyALS-RF - INFO: Tree 4: 25 DBs instantiated.
2024-11-23 23:28:48,584 - pyALS-RF - INFO: Runing the TMR flow.
2024-11-23 23:28:48,601 - pyALS-RF - INFO: Tree 0: 23 DBs instantiated.
2024-11-23 23:28:48,604 - pyALS-RF - INFO: Tree 1: 22 DBs instantiated.
2024-11-23 23:28:48,605 - pyALS-RF - INFO: Tree 2: 24 DBs instantiated.
2024-11-23 23:28:48,607 - pyALS-RF - INFO: Tree 3: 21 DBs instantiated.
2024-11-23 23:28:48,608 - pyALS-RF - INFO: Tree 4: 25 DBs instantiated.
2024-11-23 23:29:08,829 - pyALS-RF - INFO: Runing the TMR flow.
2024-11-23 23:29:08,847 - pyALS-RF - INFO: Tree 0: 23 DBs instantiated.
2024-11-23 23:29:08,849 - pyALS-RF - INFO: Tree 1: 22 DBs instantiated.
2024-11-23 23:29:08,851 - pyALS-RF - INFO: Tree 2: 24 DBs instantiated.
2024-11-23 23:29:08,852 - pyALS-RF - INFO: Tree 3: 21 DBs instantiated.
2024-11-23 23:29:08,854 - pyALS-RF - INFO: Tree 4: 25 DBs instantiated.
2024-11-23 23:30:13,241 - pyALS-RF - INFO: Runing the TMR flow.
2024-11-23 23:30:13,259 - pyALS-RF - INFO: Tree 0: 23 DBs instantiated.
2024-11-23 23:30:13,261 - pyALS-RF - INFO: Tree 1: 22 DBs instantiated.
2024-11-23 23:30:13,263 - pyALS-RF - INFO: Tree 2: 24 DBs instantiated.
2024-11-23 23:30:13,264 - pyALS-RF - INFO: Tree 3: 21 DBs instantiated.
2024-11-23 23:30:13,266 - pyALS-RF - INFO: Tree 4: 25 DBs instantiated.
2024-11-23 23:30:57,972 - pyALS-RF - INFO: Runing the TMR flow.
2024-11-23 23:30:57,992 - pyALS-RF - INFO: Tree 0: 23 DBs instantiated.
2024-11-23 23:30:57,995 - pyALS-RF - INFO: Tree 1: 22 DBs instantiated.
2024-11-23 23:30:57,996 - pyALS-RF - INFO: Tree 2: 24 DBs instantiated.
2024-11-23 23:30:57,998 - pyALS-RF - INFO: Tree 3: 21 DBs instantiated.
2024-11-23 23:30:57,999 - pyALS-RF - INFO: Tree 4: 25 DBs instantiated.
2024-11-23 23:31:28,888 - pyALS-RF - INFO: Runing the TMR flow.
2024-11-23 23:31:28,906 - pyALS-RF - INFO: Tree 0: 23 DBs instantiated.
2024-11-23 23:31:28,908 - pyALS-RF - INFO: Tree 1: 22 DBs instantiated.
2024-11-23 23:31:28,909 - pyALS-RF - INFO: Tree 2: 24 DBs instantiated.
2024-11-23 23:31:28,911 - pyALS-RF - INFO: Tree 3: 21 DBs instantiated.
2024-11-23 23:31:28,912 - pyALS-RF - INFO: Tree 4: 25 DBs instantiated.
2024-11-23 23:31:55,520 - pyALS-RF - INFO: Runing the TMR flow.
2024-11-23 23:31:55,538 - pyALS-RF - INFO: Tree 0: 23 DBs instantiated.
2024-11-23 23:31:55,540 - pyALS-RF - INFO: Tree 1: 22 DBs instantiated.
2024-11-23 23:31:55,542 - pyALS-RF - INFO: Tree 2: 24 DBs instantiated.
2024-11-23 23:31:55,543 - pyALS-RF - INFO: Tree 3: 21 DBs instantiated.
2024-11-23 23:31:55,544 - pyALS-RF - INFO: Tree 4: 25 DBs instantiated.
2024-11-23 23:32:07,498 - pyALS-RF - INFO: Runing the TMR flow.
2024-11-23 23:32:07,516 - pyALS-RF - INFO: Tree 0: 23 DBs instantiated.
2024-11-23 23:32:07,519 - pyALS-RF - INFO: Tree 1: 22 DBs instantiated.
2024-11-23 23:32:07,521 - pyALS-RF - INFO: Tree 2: 24 DBs instantiated.
2024-11-23 23:32:07,523 - pyALS-RF - INFO: Tree 3: 21 DBs instantiated.
2024-11-23 23:32:07,524 - pyALS-RF - INFO: Tree 4: 25 DBs instantiated.
2024-11-23 23:32:22,590 - pyALS-RF - INFO: Runing the TMR flow.
2024-11-23 23:32:22,608 - pyALS-RF - INFO: Tree 0: 23 DBs instantiated.
2024-11-23 23:32:22,610 - pyALS-RF - INFO: Tree 1: 22 DBs instantiated.
2024-11-23 23:32:22,612 - pyALS-RF - INFO: Tree 2: 24 DBs instantiated.
2024-11-23 23:32:22,613 - pyALS-RF - INFO: Tree 3: 21 DBs instantiated.
2024-11-23 23:32:22,614 - pyALS-RF - INFO: Tree 4: 25 DBs instantiated.
2024-11-23 23:34:14,612 - pyALS-RF - INFO: Runing the TMR flow.
2024-11-23 23:34:14,630 - pyALS-RF - INFO: Tree 0: 23 DBs instantiated.
2024-11-23 23:34:14,632 - pyALS-RF - INFO: Tree 1: 22 DBs instantiated.
2024-11-23 23:34:14,634 - pyALS-RF - INFO: Tree 2: 24 DBs instantiated.
2024-11-23 23:34:14,635 - pyALS-RF - INFO: Tree 3: 21 DBs instantiated.
2024-11-23 23:34:14,637 - pyALS-RF - INFO: Tree 4: 25 DBs instantiated.
2024-11-23 23:35:11,639 - pyALS-RF - INFO: Runing the TMR flow.
2024-11-23 23:35:11,656 - pyALS-RF - INFO: Tree 0: 23 DBs instantiated.
2024-11-23 23:35:11,659 - pyALS-RF - INFO: Tree 1: 22 DBs instantiated.
2024-11-23 23:35:11,662 - pyALS-RF - INFO: Tree 2: 24 DBs instantiated.
2024-11-23 23:35:11,664 - pyALS-RF - INFO: Tree 3: 21 DBs instantiated.
2024-11-23 23:35:11,666 - pyALS-RF - INFO: Tree 4: 25 DBs instantiated.
2024-11-23 23:37:40,271 - pyALS-RF - INFO: Runing the TMR flow.
2024-11-23 23:37:40,292 - pyALS-RF - INFO: Tree 0: 23 DBs instantiated.
2024-11-23 23:37:40,294 - pyALS-RF - INFO: Tree 1: 22 DBs instantiated.
2024-11-23 23:37:40,296 - pyALS-RF - INFO: Tree 2: 24 DBs instantiated.
2024-11-23 23:37:40,297 - pyALS-RF - INFO: Tree 3: 21 DBs instantiated.
2024-11-23 23:37:40,298 - pyALS-RF - INFO: Tree 4: 25 DBs instantiated.
2024-11-23 23:37:56,512 - pyALS-RF - INFO: Runing the TMR flow.
2024-11-23 23:37:56,530 - pyALS-RF - INFO: Tree 0: 23 DBs instantiated.
2024-11-23 23:37:56,533 - pyALS-RF - INFO: Tree 1: 22 DBs instantiated.
2024-11-23 23:37:56,534 - pyALS-RF - INFO: Tree 2: 24 DBs instantiated.
2024-11-23 23:37:56,535 - pyALS-RF - INFO: Tree 3: 21 DBs instantiated.
2024-11-23 23:37:56,537 - pyALS-RF - INFO: Tree 4: 25 DBs instantiated.
2024-11-23 23:38:22,787 - pyALS-RF - INFO: Runing the TMR flow.
2024-11-23 23:38:22,805 - pyALS-RF - INFO: Tree 0: 23 DBs instantiated.
2024-11-23 23:38:22,807 - pyALS-RF - INFO: Tree 1: 22 DBs instantiated.
2024-11-23 23:38:22,809 - pyALS-RF - INFO: Tree 2: 24 DBs instantiated.
2024-11-23 23:38:22,810 - pyALS-RF - INFO: Tree 3: 21 DBs instantiated.
2024-11-23 23:38:22,812 - pyALS-RF - INFO: Tree 4: 25 DBs instantiated.
2024-11-23 23:40:56,647 - pyALS-RF - INFO: Runing the TMR flow.
2024-11-23 23:40:56,665 - pyALS-RF - INFO: Tree 0: 23 DBs instantiated.
2024-11-23 23:40:56,667 - pyALS-RF - INFO: Tree 1: 22 DBs instantiated.
2024-11-23 23:40:56,669 - pyALS-RF - INFO: Tree 2: 24 DBs instantiated.
2024-11-23 23:40:56,670 - pyALS-RF - INFO: Tree 3: 21 DBs instantiated.
2024-11-23 23:40:56,672 - pyALS-RF - INFO: Tree 4: 25 DBs instantiated.
2024-11-23 23:41:00,169 - pyALS-RF - INFO: Runing the TMR flow.
2024-11-23 23:41:00,189 - pyALS-RF - INFO: Tree 0: 23 DBs instantiated.
2024-11-23 23:41:00,192 - pyALS-RF - INFO: Tree 1: 22 DBs instantiated.
2024-11-23 23:41:00,193 - pyALS-RF - INFO: Tree 2: 24 DBs instantiated.
2024-11-23 23:41:00,195 - pyALS-RF - INFO: Tree 3: 21 DBs instantiated.
2024-11-23 23:41:00,196 - pyALS-RF - INFO: Tree 4: 25 DBs instantiated.
2024-11-23 23:41:26,259 - pyALS-RF - INFO: Runing the TMR flow.
2024-11-23 23:41:27,228 - pyALS-RF - INFO: Tree 0: 399 DBs instantiated.
2024-11-23 23:41:27,303 - pyALS-RF - INFO: Tree 1: 392 DBs instantiated.
2024-11-23 23:41:27,372 - pyALS-RF - INFO: Tree 2: 409 DBs instantiated.
2024-11-23 23:41:27,441 - pyALS-RF - INFO: Tree 3: 394 DBs instantiated.
2024-11-23 23:41:27,513 - pyALS-RF - INFO: Tree 4: 396 DBs instantiated.
2024-11-23 23:41:27,577 - pyALS-RF - INFO: Tree 5: 369 DBs instantiated.
2024-11-23 23:41:27,640 - pyALS-RF - INFO: Tree 6: 373 DBs instantiated.
2024-11-23 23:41:27,701 - pyALS-RF - INFO: Tree 7: 389 DBs instantiated.
2024-11-23 23:41:27,765 - pyALS-RF - INFO: Tree 8: 358 DBs instantiated.
2024-11-23 23:41:27,823 - pyALS-RF - INFO: Tree 9: 365 DBs instantiated.
2024-11-23 23:41:27,887 - pyALS-RF - INFO: Tree 10: 407 DBs instantiated.
2024-11-23 23:41:27,958 - pyALS-RF - INFO: Tree 11: 398 DBs instantiated.
2024-11-23 23:41:28,023 - pyALS-RF - INFO: Tree 12: 365 DBs instantiated.
2024-11-23 23:41:28,082 - pyALS-RF - INFO: Tree 13: 370 DBs instantiated.
2024-11-23 23:41:28,147 - pyALS-RF - INFO: Tree 14: 399 DBs instantiated.
2024-11-23 23:41:28,208 - pyALS-RF - INFO: Tree 15: 366 DBs instantiated.
2024-11-23 23:41:28,262 - pyALS-RF - INFO: Tree 16: 364 DBs instantiated.
2024-11-23 23:41:28,319 - pyALS-RF - INFO: Tree 17: 391 DBs instantiated.
2024-11-23 23:41:28,387 - pyALS-RF - INFO: Tree 18: 384 DBs instantiated.
2024-11-23 23:41:28,448 - pyALS-RF - INFO: Tree 19: 372 DBs instantiated.
2024-11-23 23:41:28,509 - pyALS-RF - INFO: Tree 20: 383 DBs instantiated.
2024-11-23 23:41:28,571 - pyALS-RF - INFO: Tree 21: 372 DBs instantiated.
2024-11-23 23:41:28,632 - pyALS-RF - INFO: Tree 22: 366 DBs instantiated.
2024-11-23 23:41:28,708 - pyALS-RF - INFO: Tree 23: 439 DBs instantiated.
2024-11-23 23:41:28,782 - pyALS-RF - INFO: Tree 24: 379 DBs instantiated.
2024-11-23 23:41:28,854 - pyALS-RF - INFO: Tree 25: 434 DBs instantiated.
2024-11-23 23:41:28,928 - pyALS-RF - INFO: Tree 26: 393 DBs instantiated.
2024-11-23 23:41:28,993 - pyALS-RF - INFO: Tree 27: 380 DBs instantiated.
2024-11-23 23:41:29,054 - pyALS-RF - INFO: Tree 28: 386 DBs instantiated.
2024-11-23 23:41:29,115 - pyALS-RF - INFO: Tree 29: 388 DBs instantiated.
2024-11-23 23:41:29,183 - pyALS-RF - INFO: Tree 30: 402 DBs instantiated.
2024-11-23 23:41:29,242 - pyALS-RF - INFO: Tree 31: 347 DBs instantiated.
2024-11-23 23:41:29,293 - pyALS-RF - INFO: Tree 32: 332 DBs instantiated.
2024-11-23 23:41:29,353 - pyALS-RF - INFO: Tree 33: 396 DBs instantiated.
2024-11-23 23:41:29,417 - pyALS-RF - INFO: Tree 34: 389 DBs instantiated.
2024-11-23 23:41:29,479 - pyALS-RF - INFO: Tree 35: 367 DBs instantiated.
2024-11-23 23:41:29,543 - pyALS-RF - INFO: Tree 36: 364 DBs instantiated.
2024-11-23 23:41:29,608 - pyALS-RF - INFO: Tree 37: 385 DBs instantiated.
2024-11-23 23:41:29,680 - pyALS-RF - INFO: Tree 38: 395 DBs instantiated.
2024-11-23 23:41:29,758 - pyALS-RF - INFO: Tree 39: 375 DBs instantiated.
2024-11-23 23:43:44,121 - pyALS-RF - INFO: Runing the TMR flow.
2024-11-23 23:43:45,067 - pyALS-RF - INFO: Tree 0: 399 DBs instantiated.
2024-11-23 23:43:45,145 - pyALS-RF - INFO: Tree 1: 392 DBs instantiated.
2024-11-23 23:43:45,213 - pyALS-RF - INFO: Tree 2: 409 DBs instantiated.
2024-11-23 23:43:45,282 - pyALS-RF - INFO: Tree 3: 394 DBs instantiated.
2024-11-23 23:43:45,351 - pyALS-RF - INFO: Tree 4: 396 DBs instantiated.
2024-11-23 23:43:45,416 - pyALS-RF - INFO: Tree 5: 369 DBs instantiated.
2024-11-23 23:43:45,478 - pyALS-RF - INFO: Tree 6: 373 DBs instantiated.
2024-11-23 23:43:45,539 - pyALS-RF - INFO: Tree 7: 389 DBs instantiated.
2024-11-23 23:43:45,602 - pyALS-RF - INFO: Tree 8: 358 DBs instantiated.
2024-11-23 23:43:45,660 - pyALS-RF - INFO: Tree 9: 365 DBs instantiated.
2024-11-23 23:43:45,723 - pyALS-RF - INFO: Tree 10: 407 DBs instantiated.
2024-11-23 23:43:45,794 - pyALS-RF - INFO: Tree 11: 398 DBs instantiated.
2024-11-23 23:43:45,857 - pyALS-RF - INFO: Tree 12: 365 DBs instantiated.
2024-11-23 23:43:45,916 - pyALS-RF - INFO: Tree 13: 370 DBs instantiated.
2024-11-23 23:43:45,983 - pyALS-RF - INFO: Tree 14: 399 DBs instantiated.
2024-11-23 23:43:46,048 - pyALS-RF - INFO: Tree 15: 366 DBs instantiated.
2024-11-23 23:43:46,105 - pyALS-RF - INFO: Tree 16: 364 DBs instantiated.
2024-11-23 23:43:46,163 - pyALS-RF - INFO: Tree 17: 391 DBs instantiated.
2024-11-23 23:43:46,229 - pyALS-RF - INFO: Tree 18: 384 DBs instantiated.
2024-11-23 23:43:46,292 - pyALS-RF - INFO: Tree 19: 372 DBs instantiated.
2024-11-23 23:43:46,364 - pyALS-RF - INFO: Tree 20: 383 DBs instantiated.
2024-11-23 23:43:46,425 - pyALS-RF - INFO: Tree 21: 372 DBs instantiated.
2024-11-23 23:43:46,484 - pyALS-RF - INFO: Tree 22: 366 DBs instantiated.
2024-11-23 23:43:46,560 - pyALS-RF - INFO: Tree 23: 439 DBs instantiated.
2024-11-23 23:43:46,633 - pyALS-RF - INFO: Tree 24: 379 DBs instantiated.
2024-11-23 23:43:46,703 - pyALS-RF - INFO: Tree 25: 434 DBs instantiated.
2024-11-23 23:43:46,779 - pyALS-RF - INFO: Tree 26: 393 DBs instantiated.
2024-11-23 23:43:46,843 - pyALS-RF - INFO: Tree 27: 380 DBs instantiated.
2024-11-23 23:43:46,905 - pyALS-RF - INFO: Tree 28: 386 DBs instantiated.
2024-11-23 23:43:46,966 - pyALS-RF - INFO: Tree 29: 388 DBs instantiated.
2024-11-23 23:43:47,033 - pyALS-RF - INFO: Tree 30: 402 DBs instantiated.
2024-11-23 23:43:47,092 - pyALS-RF - INFO: Tree 31: 347 DBs instantiated.
2024-11-23 23:43:47,143 - pyALS-RF - INFO: Tree 32: 332 DBs instantiated.
2024-11-23 23:43:47,202 - pyALS-RF - INFO: Tree 33: 396 DBs instantiated.
2024-11-23 23:43:47,267 - pyALS-RF - INFO: Tree 34: 389 DBs instantiated.
2024-11-23 23:43:47,329 - pyALS-RF - INFO: Tree 35: 367 DBs instantiated.
2024-11-23 23:43:47,392 - pyALS-RF - INFO: Tree 36: 364 DBs instantiated.
2024-11-23 23:43:47,457 - pyALS-RF - INFO: Tree 37: 385 DBs instantiated.
2024-11-23 23:43:47,527 - pyALS-RF - INFO: Tree 38: 395 DBs instantiated.
2024-11-23 23:43:47,599 - pyALS-RF - INFO: Tree 39: 375 DBs instantiated.
2024-11-23 23:48:14,299 - pyALS-RF - INFO: Runing the TMR flow.
2024-11-23 23:48:15,268 - pyALS-RF - INFO: Tree 0: 399 DBs instantiated.
2024-11-23 23:48:15,344 - pyALS-RF - INFO: Tree 1: 392 DBs instantiated.
2024-11-23 23:48:15,412 - pyALS-RF - INFO: Tree 2: 409 DBs instantiated.
2024-11-23 23:48:15,481 - pyALS-RF - INFO: Tree 3: 394 DBs instantiated.
2024-11-23 23:48:15,549 - pyALS-RF - INFO: Tree 4: 396 DBs instantiated.
2024-11-23 23:48:15,614 - pyALS-RF - INFO: Tree 5: 369 DBs instantiated.
2024-11-23 23:48:15,676 - pyALS-RF - INFO: Tree 6: 373 DBs instantiated.
2024-11-23 23:48:15,737 - pyALS-RF - INFO: Tree 7: 389 DBs instantiated.
2024-11-23 23:48:15,800 - pyALS-RF - INFO: Tree 8: 358 DBs instantiated.
2024-11-23 23:48:15,859 - pyALS-RF - INFO: Tree 9: 365 DBs instantiated.
2024-11-23 23:48:15,922 - pyALS-RF - INFO: Tree 10: 407 DBs instantiated.
2024-11-23 23:48:15,995 - pyALS-RF - INFO: Tree 11: 398 DBs instantiated.
2024-11-23 23:48:16,058 - pyALS-RF - INFO: Tree 12: 365 DBs instantiated.
2024-11-23 23:48:16,118 - pyALS-RF - INFO: Tree 13: 370 DBs instantiated.
2024-11-23 23:48:16,185 - pyALS-RF - INFO: Tree 14: 399 DBs instantiated.
2024-11-23 23:48:16,246 - pyALS-RF - INFO: Tree 15: 366 DBs instantiated.
2024-11-23 23:48:16,300 - pyALS-RF - INFO: Tree 16: 364 DBs instantiated.
2024-11-23 23:48:16,358 - pyALS-RF - INFO: Tree 17: 391 DBs instantiated.
2024-11-23 23:48:16,425 - pyALS-RF - INFO: Tree 18: 384 DBs instantiated.
2024-11-23 23:48:16,487 - pyALS-RF - INFO: Tree 19: 372 DBs instantiated.
2024-11-23 23:48:16,547 - pyALS-RF - INFO: Tree 20: 383 DBs instantiated.
2024-11-23 23:48:16,608 - pyALS-RF - INFO: Tree 21: 372 DBs instantiated.
2024-11-23 23:48:16,668 - pyALS-RF - INFO: Tree 22: 366 DBs instantiated.
2024-11-23 23:48:16,740 - pyALS-RF - INFO: Tree 23: 439 DBs instantiated.
2024-11-23 23:48:16,815 - pyALS-RF - INFO: Tree 24: 379 DBs instantiated.
2024-11-23 23:48:16,886 - pyALS-RF - INFO: Tree 25: 434 DBs instantiated.
2024-11-23 23:48:16,962 - pyALS-RF - INFO: Tree 26: 393 DBs instantiated.
2024-11-23 23:48:17,027 - pyALS-RF - INFO: Tree 27: 380 DBs instantiated.
2024-11-23 23:48:17,088 - pyALS-RF - INFO: Tree 28: 386 DBs instantiated.
2024-11-23 23:48:17,149 - pyALS-RF - INFO: Tree 29: 388 DBs instantiated.
2024-11-23 23:48:17,218 - pyALS-RF - INFO: Tree 30: 402 DBs instantiated.
2024-11-23 23:48:17,277 - pyALS-RF - INFO: Tree 31: 347 DBs instantiated.
2024-11-23 23:48:17,335 - pyALS-RF - INFO: Tree 32: 332 DBs instantiated.
2024-11-23 23:48:17,394 - pyALS-RF - INFO: Tree 33: 396 DBs instantiated.
2024-11-23 23:48:17,458 - pyALS-RF - INFO: Tree 34: 389 DBs instantiated.
2024-11-23 23:48:17,520 - pyALS-RF - INFO: Tree 35: 367 DBs instantiated.
2024-11-23 23:48:17,583 - pyALS-RF - INFO: Tree 36: 364 DBs instantiated.
2024-11-23 23:48:17,648 - pyALS-RF - INFO: Tree 37: 385 DBs instantiated.
2024-11-23 23:48:22,529 - pyALS-RF - INFO: Runing the TMR flow.
2024-11-23 23:48:22,720 - pyALS-RF - INFO: Tree 0: 509 DBs instantiated.
2024-11-23 23:48:22,824 - pyALS-RF - INFO: Tree 1: 475 DBs instantiated.
2024-11-23 23:48:22,917 - pyALS-RF - INFO: Tree 2: 525 DBs instantiated.
2024-11-23 23:48:23,010 - pyALS-RF - INFO: Tree 3: 451 DBs instantiated.
2024-11-23 23:48:23,104 - pyALS-RF - INFO: Tree 4: 508 DBs instantiated.
2024-11-23 23:49:20,001 - pyALS-RF - INFO: Runing the TMR flow.
2024-11-23 23:49:20,186 - pyALS-RF - INFO: Tree 0: 509 DBs instantiated.
2024-11-23 23:49:20,292 - pyALS-RF - INFO: Tree 1: 475 DBs instantiated.
2024-11-23 23:49:20,393 - pyALS-RF - INFO: Tree 2: 525 DBs instantiated.
2024-11-23 23:49:20,487 - pyALS-RF - INFO: Tree 3: 451 DBs instantiated.
2024-11-23 23:49:20,589 - pyALS-RF - INFO: Tree 4: 508 DBs instantiated.
2024-11-23 23:49:32,632 - pyALS-RF - INFO: Runing the TMR flow.
2024-11-23 23:49:32,818 - pyALS-RF - INFO: Tree 0: 509 DBs instantiated.
2024-11-23 23:49:32,933 - pyALS-RF - INFO: Tree 1: 475 DBs instantiated.
2024-11-23 23:49:33,026 - pyALS-RF - INFO: Tree 2: 525 DBs instantiated.
2024-11-23 23:49:33,120 - pyALS-RF - INFO: Tree 3: 451 DBs instantiated.
2024-11-23 23:49:33,217 - pyALS-RF - INFO: Tree 4: 508 DBs instantiated.
2024-11-23 23:50:00,716 - pyALS-RF - INFO: Runing the TMR flow.
2024-11-23 23:50:00,894 - pyALS-RF - INFO: Tree 0: 509 DBs instantiated.
2024-11-23 23:50:01,000 - pyALS-RF - INFO: Tree 1: 475 DBs instantiated.
2024-11-23 23:50:01,094 - pyALS-RF - INFO: Tree 2: 525 DBs instantiated.
2024-11-23 23:50:01,186 - pyALS-RF - INFO: Tree 3: 451 DBs instantiated.
2024-11-23 23:50:01,281 - pyALS-RF - INFO: Tree 4: 508 DBs instantiated.
2024-11-23 23:50:38,042 - pyALS-RF - INFO: Runing the TMR flow.
2024-11-23 23:50:38,230 - pyALS-RF - INFO: Tree 0: 509 DBs instantiated.
2024-11-23 23:50:38,337 - pyALS-RF - INFO: Tree 1: 475 DBs instantiated.
2024-11-23 23:50:38,432 - pyALS-RF - INFO: Tree 2: 525 DBs instantiated.
2024-11-23 23:50:38,528 - pyALS-RF - INFO: Tree 3: 451 DBs instantiated.
2024-11-23 23:50:38,624 - pyALS-RF - INFO: Tree 4: 508 DBs instantiated.
2024-11-23 23:56:27,712 - pyALS-RF - INFO: Runing the TMR flow.
2024-11-23 23:56:27,899 - pyALS-RF - INFO: Tree 0: 509 DBs instantiated.
2024-11-23 23:56:28,008 - pyALS-RF - INFO: Tree 1: 475 DBs instantiated.
2024-11-23 23:56:28,101 - pyALS-RF - INFO: Tree 2: 525 DBs instantiated.
2024-11-23 23:56:28,195 - pyALS-RF - INFO: Tree 3: 451 DBs instantiated.
2024-11-23 23:56:28,290 - pyALS-RF - INFO: Tree 4: 508 DBs instantiated.
2024-11-23 23:57:04,060 - pyALS-RF - INFO: Runing the TMR flow.
2024-11-23 23:57:04,078 - pyALS-RF - INFO: Tree 0: 23 DBs instantiated.
2024-11-23 23:57:04,080 - pyALS-RF - INFO: Tree 1: 22 DBs instantiated.
2024-11-23 23:57:04,082 - pyALS-RF - INFO: Tree 2: 24 DBs instantiated.
2024-11-23 23:57:04,083 - pyALS-RF - INFO: Tree 3: 21 DBs instantiated.
2024-11-23 23:57:04,084 - pyALS-RF - INFO: Tree 4: 25 DBs instantiated.
2024-11-23 23:57:25,195 - pyALS-RF - INFO: Runing the TMR flow.
2024-11-23 23:57:25,214 - pyALS-RF - INFO: Tree 0: 23 DBs instantiated.
2024-11-23 23:57:25,216 - pyALS-RF - INFO: Tree 1: 22 DBs instantiated.
2024-11-23 23:57:25,218 - pyALS-RF - INFO: Tree 2: 24 DBs instantiated.
2024-11-23 23:57:25,219 - pyALS-RF - INFO: Tree 3: 21 DBs instantiated.
2024-11-23 23:57:25,221 - pyALS-RF - INFO: Tree 4: 25 DBs instantiated.
2024-11-23 23:57:27,691 - pyALS-RF - INFO: Runing the TMR flow.
2024-11-23 23:57:27,708 - pyALS-RF - INFO: Tree 0: 23 DBs instantiated.
2024-11-23 23:57:27,711 - pyALS-RF - INFO: Tree 1: 22 DBs instantiated.
2024-11-23 23:57:27,712 - pyALS-RF - INFO: Tree 2: 24 DBs instantiated.
2024-11-23 23:57:27,713 - pyALS-RF - INFO: Tree 3: 21 DBs instantiated.
2024-11-23 23:57:27,715 - pyALS-RF - INFO: Tree 4: 25 DBs instantiated.
2024-11-24 00:01:04,901 - pyALS-RF - INFO: Runing the TMR flow.
2024-11-24 00:01:04,920 - pyALS-RF - INFO: Tree 0: 23 DBs instantiated.
2024-11-24 00:01:04,922 - pyALS-RF - INFO: Tree 1: 22 DBs instantiated.
2024-11-24 00:01:04,924 - pyALS-RF - INFO: Tree 2: 24 DBs instantiated.
2024-11-24 00:01:04,925 - pyALS-RF - INFO: Tree 3: 21 DBs instantiated.
2024-11-24 00:01:04,927 - pyALS-RF - INFO: Tree 4: 25 DBs instantiated.
2024-11-24 00:03:21,226 - pyALS-RF - INFO: Runing the TMR flow.
2024-11-24 00:03:21,243 - pyALS-RF - INFO: Tree 0: 23 DBs instantiated.
2024-11-24 00:03:21,246 - pyALS-RF - INFO: Tree 1: 22 DBs instantiated.
2024-11-24 00:03:21,247 - pyALS-RF - INFO: Tree 2: 24 DBs instantiated.
2024-11-24 00:03:21,248 - pyALS-RF - INFO: Tree 3: 21 DBs instantiated.
2024-11-24 00:03:21,250 - pyALS-RF - INFO: Tree 4: 25 DBs instantiated.
2024-11-24 00:03:36,104 - pyALS-RF - INFO: Runing the TMR flow.
2024-11-24 00:03:36,122 - pyALS-RF - INFO: Tree 0: 23 DBs instantiated.
2024-11-24 00:03:36,124 - pyALS-RF - INFO: Tree 1: 22 DBs instantiated.
2024-11-24 00:03:36,125 - pyALS-RF - INFO: Tree 2: 24 DBs instantiated.
2024-11-24 00:03:36,127 - pyALS-RF - INFO: Tree 3: 21 DBs instantiated.
2024-11-24 00:03:36,128 - pyALS-RF - INFO: Tree 4: 25 DBs instantiated.
2024-11-24 00:03:38,522 - pyALS-RF - INFO: Runing the TMR flow.
2024-11-24 00:03:38,541 - pyALS-RF - INFO: Tree 0: 23 DBs instantiated.
2024-11-24 00:03:38,544 - pyALS-RF - INFO: Tree 1: 22 DBs instantiated.
2024-11-24 00:03:38,545 - pyALS-RF - INFO: Tree 2: 24 DBs instantiated.
2024-11-24 00:03:38,547 - pyALS-RF - INFO: Tree 3: 21 DBs instantiated.
2024-11-24 00:03:38,549 - pyALS-RF - INFO: Tree 4: 25 DBs instantiated.
2024-11-24 00:04:45,065 - pyALS-RF - INFO: Runing the TMR flow.
2024-11-24 00:04:45,083 - pyALS-RF - INFO: Tree 0: 23 DBs instantiated.
2024-11-24 00:04:45,085 - pyALS-RF - INFO: Tree 1: 22 DBs instantiated.
2024-11-24 00:04:45,086 - pyALS-RF - INFO: Tree 2: 24 DBs instantiated.
2024-11-24 00:04:45,088 - pyALS-RF - INFO: Tree 3: 21 DBs instantiated.
2024-11-24 00:04:45,089 - pyALS-RF - INFO: Tree 4: 25 DBs instantiated.
2024-11-24 00:04:52,701 - pyALS-RF - INFO: Runing the TMR flow.
2024-11-24 00:04:52,719 - pyALS-RF - INFO: Tree 0: 23 DBs instantiated.
2024-11-24 00:04:52,721 - pyALS-RF - INFO: Tree 1: 22 DBs instantiated.
2024-11-24 00:04:52,723 - pyALS-RF - INFO: Tree 2: 24 DBs instantiated.
2024-11-24 00:04:52,724 - pyALS-RF - INFO: Tree 3: 21 DBs instantiated.
2024-11-24 00:04:52,726 - pyALS-RF - INFO: Tree 4: 25 DBs instantiated.
2024-11-24 00:04:54,979 - pyALS-RF - INFO: Runing the TMR flow.
2024-11-24 00:04:54,997 - pyALS-RF - INFO: Tree 0: 23 DBs instantiated.
2024-11-24 00:04:54,999 - pyALS-RF - INFO: Tree 1: 22 DBs instantiated.
2024-11-24 00:04:55,000 - pyALS-RF - INFO: Tree 2: 24 DBs instantiated.
2024-11-24 00:04:55,002 - pyALS-RF - INFO: Tree 3: 21 DBs instantiated.
2024-11-24 00:04:55,003 - pyALS-RF - INFO: Tree 4: 25 DBs instantiated.
2024-11-24 00:04:56,456 - pyALS-RF - INFO: Runing the TMR flow.
2024-11-24 00:04:56,475 - pyALS-RF - INFO: Tree 0: 23 DBs instantiated.
2024-11-24 00:04:56,477 - pyALS-RF - INFO: Tree 1: 22 DBs instantiated.
2024-11-24 00:04:56,479 - pyALS-RF - INFO: Tree 2: 24 DBs instantiated.
2024-11-24 00:04:56,480 - pyALS-RF - INFO: Tree 3: 21 DBs instantiated.
2024-11-24 00:04:56,482 - pyALS-RF - INFO: Tree 4: 25 DBs instantiated.
2024-11-24 00:04:57,829 - pyALS-RF - INFO: Runing the TMR flow.
2024-11-24 00:04:57,847 - pyALS-RF - INFO: Tree 0: 23 DBs instantiated.
2024-11-24 00:04:57,849 - pyALS-RF - INFO: Tree 1: 22 DBs instantiated.
2024-11-24 00:04:57,851 - pyALS-RF - INFO: Tree 2: 24 DBs instantiated.
2024-11-24 00:04:57,852 - pyALS-RF - INFO: Tree 3: 21 DBs instantiated.
2024-11-24 00:04:57,853 - pyALS-RF - INFO: Tree 4: 25 DBs instantiated.
2024-11-24 00:05:09,393 - pyALS-RF - INFO: Runing the TMR flow.
2024-11-24 00:05:09,411 - pyALS-RF - INFO: Tree 0: 23 DBs instantiated.
2024-11-24 00:05:09,414 - pyALS-RF - INFO: Tree 1: 22 DBs instantiated.
2024-11-24 00:05:09,415 - pyALS-RF - INFO: Tree 2: 24 DBs instantiated.
2024-11-24 00:05:09,416 - pyALS-RF - INFO: Tree 3: 21 DBs instantiated.
2024-11-24 00:05:09,418 - pyALS-RF - INFO: Tree 4: 25 DBs instantiated.
2024-11-24 00:09:43,517 - pyALS-RF - INFO: Runing the TMR flow.
2024-11-24 00:09:43,535 - pyALS-RF - INFO: Tree 0: 23 DBs instantiated.
2024-11-24 00:09:43,537 - pyALS-RF - INFO: Tree 1: 22 DBs instantiated.
2024-11-24 00:09:43,539 - pyALS-RF - INFO: Tree 2: 24 DBs instantiated.
2024-11-24 00:09:43,540 - pyALS-RF - INFO: Tree 3: 21 DBs instantiated.
2024-11-24 00:09:43,541 - pyALS-RF - INFO: Tree 4: 25 DBs instantiated.
2024-11-24 00:10:23,640 - pyALS-RF - INFO: Runing the TMR flow.
2024-11-24 00:10:23,658 - pyALS-RF - INFO: Tree 0: 23 DBs instantiated.
2024-11-24 00:10:23,661 - pyALS-RF - INFO: Tree 1: 22 DBs instantiated.
2024-11-24 00:10:23,662 - pyALS-RF - INFO: Tree 2: 24 DBs instantiated.
2024-11-24 00:10:23,664 - pyALS-RF - INFO: Tree 3: 21 DBs instantiated.
2024-11-24 00:10:23,665 - pyALS-RF - INFO: Tree 4: 25 DBs instantiated.
2024-11-24 00:10:25,804 - pyALS-RF - INFO: Runing the TMR flow.
2024-11-24 00:10:25,823 - pyALS-RF - INFO: Tree 0: 23 DBs instantiated.
2024-11-24 00:10:25,826 - pyALS-RF - INFO: Tree 1: 22 DBs instantiated.
2024-11-24 00:10:25,827 - pyALS-RF - INFO: Tree 2: 24 DBs instantiated.
2024-11-24 00:10:25,829 - pyALS-RF - INFO: Tree 3: 21 DBs instantiated.
2024-11-24 00:10:25,830 - pyALS-RF - INFO: Tree 4: 25 DBs instantiated.
2024-11-24 00:14:36,722 - pyALS-RF - INFO: Runing the TMR flow.
2024-11-24 00:14:36,740 - pyALS-RF - INFO: Tree 0: 23 DBs instantiated.
2024-11-24 00:14:36,742 - pyALS-RF - INFO: Tree 1: 22 DBs instantiated.
2024-11-24 00:14:36,743 - pyALS-RF - INFO: Tree 2: 24 DBs instantiated.
2024-11-24 00:14:36,745 - pyALS-RF - INFO: Tree 3: 21 DBs instantiated.
2024-11-24 00:14:36,746 - pyALS-RF - INFO: Tree 4: 25 DBs instantiated.
2024-11-24 00:14:44,430 - pyALS-RF - INFO: Runing the TMR flow.
2024-11-24 00:14:44,448 - pyALS-RF - INFO: Tree 0: 23 DBs instantiated.
2024-11-24 00:14:44,450 - pyALS-RF - INFO: Tree 1: 22 DBs instantiated.
2024-11-24 00:14:44,451 - pyALS-RF - INFO: Tree 2: 24 DBs instantiated.
2024-11-24 00:14:44,453 - pyALS-RF - INFO: Tree 3: 21 DBs instantiated.
2024-11-24 00:14:44,454 - pyALS-RF - INFO: Tree 4: 25 DBs instantiated.
2024-11-24 00:14:58,895 - pyALS-RF - INFO: Runing the TMR flow.
2024-11-24 00:14:58,913 - pyALS-RF - INFO: Tree 0: 23 DBs instantiated.
2024-11-24 00:14:58,915 - pyALS-RF - INFO: Tree 1: 22 DBs instantiated.
2024-11-24 00:14:58,917 - pyALS-RF - INFO: Tree 2: 24 DBs instantiated.
2024-11-24 00:14:58,918 - pyALS-RF - INFO: Tree 3: 21 DBs instantiated.
2024-11-24 00:14:58,920 - pyALS-RF - INFO: Tree 4: 25 DBs instantiated.
2024-11-24 00:15:01,513 - pyALS-RF - INFO: Runing the TMR flow.
2024-11-24 00:15:01,531 - pyALS-RF - INFO: Tree 0: 23 DBs instantiated.
2024-11-24 00:15:01,533 - pyALS-RF - INFO: Tree 1: 22 DBs instantiated.
2024-11-24 00:15:01,535 - pyALS-RF - INFO: Tree 2: 24 DBs instantiated.
2024-11-24 00:15:01,536 - pyALS-RF - INFO: Tree 3: 21 DBs instantiated.
2024-11-24 00:15:01,537 - pyALS-RF - INFO: Tree 4: 25 DBs instantiated.
2024-11-24 00:15:03,019 - pyALS-RF - INFO: Runing the TMR flow.
2024-11-24 00:15:03,037 - pyALS-RF - INFO: Tree 0: 23 DBs instantiated.
2024-11-24 00:15:03,039 - pyALS-RF - INFO: Tree 1: 22 DBs instantiated.
2024-11-24 00:15:03,041 - pyALS-RF - INFO: Tree 2: 24 DBs instantiated.
2024-11-24 00:15:03,042 - pyALS-RF - INFO: Tree 3: 21 DBs instantiated.
2024-11-24 00:15:03,044 - pyALS-RF - INFO: Tree 4: 25 DBs instantiated.
2024-11-24 00:15:04,388 - pyALS-RF - INFO: Runing the TMR flow.
2024-11-24 00:15:04,406 - pyALS-RF - INFO: Tree 0: 23 DBs instantiated.
2024-11-24 00:15:04,408 - pyALS-RF - INFO: Tree 1: 22 DBs instantiated.
2024-11-24 00:15:04,409 - pyALS-RF - INFO: Tree 2: 24 DBs instantiated.
2024-11-24 00:15:04,411 - pyALS-RF - INFO: Tree 3: 21 DBs instantiated.
2024-11-24 00:15:04,412 - pyALS-RF - INFO: Tree 4: 25 DBs instantiated.
2024-11-24 00:15:06,277 - pyALS-RF - INFO: Runing the TMR flow.
2024-11-24 00:15:06,295 - pyALS-RF - INFO: Tree 0: 23 DBs instantiated.
2024-11-24 00:15:06,297 - pyALS-RF - INFO: Tree 1: 22 DBs instantiated.
2024-11-24 00:15:06,299 - pyALS-RF - INFO: Tree 2: 24 DBs instantiated.
2024-11-24 00:15:06,300 - pyALS-RF - INFO: Tree 3: 21 DBs instantiated.
2024-11-24 00:15:06,302 - pyALS-RF - INFO: Tree 4: 25 DBs instantiated.
2024-11-24 00:15:08,206 - pyALS-RF - INFO: Runing the TMR flow.
2024-11-24 00:15:08,225 - pyALS-RF - INFO: Tree 0: 23 DBs instantiated.
2024-11-24 00:15:08,228 - pyALS-RF - INFO: Tree 1: 22 DBs instantiated.
2024-11-24 00:15:08,229 - pyALS-RF - INFO: Tree 2: 24 DBs instantiated.
2024-11-24 00:15:08,231 - pyALS-RF - INFO: Tree 3: 21 DBs instantiated.
2024-11-24 00:15:08,233 - pyALS-RF - INFO: Tree 4: 25 DBs instantiated.
2024-11-24 00:15:10,049 - pyALS-RF - INFO: Runing the TMR flow.
2024-11-24 00:15:10,067 - pyALS-RF - INFO: Tree 0: 23 DBs instantiated.
2024-11-24 00:15:10,070 - pyALS-RF - INFO: Tree 1: 22 DBs instantiated.
2024-11-24 00:15:10,071 - pyALS-RF - INFO: Tree 2: 24 DBs instantiated.
2024-11-24 00:15:10,072 - pyALS-RF - INFO: Tree 3: 21 DBs instantiated.
2024-11-24 00:15:10,074 - pyALS-RF - INFO: Tree 4: 25 DBs instantiated.
2024-11-24 00:15:14,746 - pyALS-RF - INFO: Runing the TMR flow.
2024-11-24 00:15:14,784 - pyALS-RF - INFO: Tree 0: 20 DBs instantiated.
2024-11-24 00:15:14,786 - pyALS-RF - INFO: Tree 1: 21 DBs instantiated.
2024-11-24 00:15:14,788 - pyALS-RF - INFO: Tree 2: 23 DBs instantiated.
2024-11-24 00:15:14,789 - pyALS-RF - INFO: Tree 3: 17 DBs instantiated.
2024-11-24 00:15:14,790 - pyALS-RF - INFO: Tree 4: 23 DBs instantiated.
2024-11-24 00:15:14,791 - pyALS-RF - INFO: Tree 5: 20 DBs instantiated.
2024-11-24 00:15:14,793 - pyALS-RF - INFO: Tree 6: 22 DBs instantiated.
2024-11-24 00:15:14,794 - pyALS-RF - INFO: Tree 7: 17 DBs instantiated.
2024-11-24 00:15:14,795 - pyALS-RF - INFO: Tree 8: 23 DBs instantiated.
2024-11-24 00:15:14,797 - pyALS-RF - INFO: Tree 9: 21 DBs instantiated.
2024-11-24 00:15:14,799 - pyALS-RF - INFO: Tree 10: 25 DBs instantiated.
2024-11-24 00:15:14,801 - pyALS-RF - INFO: Tree 11: 27 DBs instantiated.
2024-11-24 00:15:14,802 - pyALS-RF - INFO: Tree 12: 26 DBs instantiated.
2024-11-24 00:15:14,804 - pyALS-RF - INFO: Tree 13: 24 DBs instantiated.
2024-11-24 00:15:14,805 - pyALS-RF - INFO: Tree 14: 21 DBs instantiated.
2024-11-24 00:15:14,807 - pyALS-RF - INFO: Tree 15: 23 DBs instantiated.
2024-11-24 00:15:14,808 - pyALS-RF - INFO: Tree 16: 18 DBs instantiated.
2024-11-24 00:15:14,809 - pyALS-RF - INFO: Tree 17: 16 DBs instantiated.
2024-11-24 00:15:14,811 - pyALS-RF - INFO: Tree 18: 20 DBs instantiated.
2024-11-24 00:15:14,812 - pyALS-RF - INFO: Tree 19: 22 DBs instantiated.
2024-11-24 00:15:14,813 - pyALS-RF - INFO: Tree 20: 19 DBs instantiated.
2024-11-24 00:15:14,815 - pyALS-RF - INFO: Tree 21: 19 DBs instantiated.
2024-11-24 00:15:14,816 - pyALS-RF - INFO: Tree 22: 19 DBs instantiated.
2024-11-24 00:15:14,817 - pyALS-RF - INFO: Tree 23: 18 DBs instantiated.
2024-11-24 00:15:14,818 - pyALS-RF - INFO: Tree 24: 18 DBs instantiated.
2024-11-24 00:15:14,820 - pyALS-RF - INFO: Tree 25: 22 DBs instantiated.
2024-11-24 00:15:14,821 - pyALS-RF - INFO: Tree 26: 24 DBs instantiated.
2024-11-24 00:15:14,823 - pyALS-RF - INFO: Tree 27: 21 DBs instantiated.
2024-11-24 00:15:14,824 - pyALS-RF - INFO: Tree 28: 24 DBs instantiated.
2024-11-24 00:15:14,825 - pyALS-RF - INFO: Tree 29: 15 DBs instantiated.
2024-11-24 00:15:14,826 - pyALS-RF - INFO: Tree 30: 17 DBs instantiated.
2024-11-24 00:15:14,828 - pyALS-RF - INFO: Tree 31: 21 DBs instantiated.
2024-11-24 00:15:14,830 - pyALS-RF - INFO: Tree 32: 25 DBs instantiated.
2024-11-24 00:15:14,831 - pyALS-RF - INFO: Tree 33: 24 DBs instantiated.
2024-11-24 00:15:14,832 - pyALS-RF - INFO: Tree 34: 17 DBs instantiated.
2024-11-24 00:15:14,834 - pyALS-RF - INFO: Tree 35: 21 DBs instantiated.
2024-11-24 00:15:14,836 - pyALS-RF - INFO: Tree 36: 24 DBs instantiated.
2024-11-24 00:15:14,837 - pyALS-RF - INFO: Tree 37: 19 DBs instantiated.
2024-11-24 00:15:14,838 - pyALS-RF - INFO: Tree 38: 27 DBs instantiated.
2024-11-24 00:15:14,840 - pyALS-RF - INFO: Tree 39: 22 DBs instantiated.
2024-11-24 00:16:38,664 - pyALS-RF - INFO: Runing the TMR flow.
2024-11-24 00:16:38,695 - pyALS-RF - INFO: Tree 0: 20 DBs instantiated.
2024-11-24 00:16:38,697 - pyALS-RF - INFO: Tree 1: 21 DBs instantiated.
2024-11-24 00:16:38,699 - pyALS-RF - INFO: Tree 2: 23 DBs instantiated.
2024-11-24 00:16:38,700 - pyALS-RF - INFO: Tree 3: 17 DBs instantiated.
2024-11-24 00:16:38,701 - pyALS-RF - INFO: Tree 4: 23 DBs instantiated.
2024-11-24 00:16:38,703 - pyALS-RF - INFO: Tree 5: 20 DBs instantiated.
2024-11-24 00:16:38,704 - pyALS-RF - INFO: Tree 6: 22 DBs instantiated.
2024-11-24 00:16:38,705 - pyALS-RF - INFO: Tree 7: 17 DBs instantiated.
2024-11-24 00:16:38,707 - pyALS-RF - INFO: Tree 8: 23 DBs instantiated.
2024-11-24 00:16:38,708 - pyALS-RF - INFO: Tree 9: 21 DBs instantiated.
2024-11-24 00:16:38,710 - pyALS-RF - INFO: Tree 10: 25 DBs instantiated.
2024-11-24 00:16:38,711 - pyALS-RF - INFO: Tree 11: 27 DBs instantiated.
2024-11-24 00:16:38,713 - pyALS-RF - INFO: Tree 12: 26 DBs instantiated.
2024-11-24 00:16:38,714 - pyALS-RF - INFO: Tree 13: 24 DBs instantiated.
2024-11-24 00:16:38,716 - pyALS-RF - INFO: Tree 14: 21 DBs instantiated.
2024-11-24 00:16:38,717 - pyALS-RF - INFO: Tree 15: 23 DBs instantiated.
2024-11-24 00:16:38,718 - pyALS-RF - INFO: Tree 16: 18 DBs instantiated.
2024-11-24 00:16:38,720 - pyALS-RF - INFO: Tree 17: 16 DBs instantiated.
2024-11-24 00:16:38,721 - pyALS-RF - INFO: Tree 18: 20 DBs instantiated.
2024-11-24 00:16:38,722 - pyALS-RF - INFO: Tree 19: 22 DBs instantiated.
2024-11-24 00:16:38,723 - pyALS-RF - INFO: Tree 20: 19 DBs instantiated.
2024-11-24 00:16:38,725 - pyALS-RF - INFO: Tree 21: 19 DBs instantiated.
2024-11-24 00:16:38,726 - pyALS-RF - INFO: Tree 22: 19 DBs instantiated.
2024-11-24 00:16:38,728 - pyALS-RF - INFO: Tree 23: 18 DBs instantiated.
2024-11-24 00:16:38,729 - pyALS-RF - INFO: Tree 24: 18 DBs instantiated.
2024-11-24 00:16:38,730 - pyALS-RF - INFO: Tree 25: 22 DBs instantiated.
2024-11-24 00:16:38,732 - pyALS-RF - INFO: Tree 26: 24 DBs instantiated.
2024-11-24 00:16:38,733 - pyALS-RF - INFO: Tree 27: 21 DBs instantiated.
2024-11-24 00:16:38,735 - pyALS-RF - INFO: Tree 28: 24 DBs instantiated.
2024-11-24 00:16:38,736 - pyALS-RF - INFO: Tree 29: 15 DBs instantiated.
2024-11-24 00:16:38,737 - pyALS-RF - INFO: Tree 30: 17 DBs instantiated.
2024-11-24 00:16:38,739 - pyALS-RF - INFO: Tree 31: 21 DBs instantiated.
2024-11-24 00:16:38,741 - pyALS-RF - INFO: Tree 32: 25 DBs instantiated.
2024-11-24 00:16:38,743 - pyALS-RF - INFO: Tree 33: 24 DBs instantiated.
2024-11-24 00:16:38,745 - pyALS-RF - INFO: Tree 34: 17 DBs instantiated.
2024-11-24 00:16:38,746 - pyALS-RF - INFO: Tree 35: 21 DBs instantiated.
2024-11-24 00:16:38,749 - pyALS-RF - INFO: Tree 36: 24 DBs instantiated.
2024-11-24 00:16:38,750 - pyALS-RF - INFO: Tree 37: 19 DBs instantiated.
2024-11-24 00:16:38,751 - pyALS-RF - INFO: Tree 38: 27 DBs instantiated.
2024-11-24 00:16:38,753 - pyALS-RF - INFO: Tree 39: 22 DBs instantiated.
2024-11-24 00:27:38,455 - pyALS-RF - INFO: Runing the TMR flow.
2024-11-24 00:27:38,473 - pyALS-RF - INFO: Tree 0: 23 DBs instantiated.
2024-11-24 00:27:38,475 - pyALS-RF - INFO: Tree 1: 22 DBs instantiated.
2024-11-24 00:27:38,476 - pyALS-RF - INFO: Tree 2: 24 DBs instantiated.
2024-11-24 00:27:38,478 - pyALS-RF - INFO: Tree 3: 21 DBs instantiated.
2024-11-24 00:27:38,479 - pyALS-RF - INFO: Tree 4: 25 DBs instantiated.
2024-11-24 00:28:31,389 - pyALS-RF - INFO: Runing the TMR flow.
2024-11-24 00:28:31,408 - pyALS-RF - INFO: Tree 0: 23 DBs instantiated.
2024-11-24 00:28:31,411 - pyALS-RF - INFO: Tree 1: 22 DBs instantiated.
2024-11-24 00:28:31,412 - pyALS-RF - INFO: Tree 2: 24 DBs instantiated.
2024-11-24 00:28:31,414 - pyALS-RF - INFO: Tree 3: 21 DBs instantiated.
2024-11-24 00:28:31,415 - pyALS-RF - INFO: Tree 4: 25 DBs instantiated.
2024-11-24 00:30:43,879 - pyALS-RF - INFO: Runing the TMR flow.
2024-11-24 00:30:43,897 - pyALS-RF - INFO: Tree 0: 23 DBs instantiated.
2024-11-24 00:30:43,899 - pyALS-RF - INFO: Tree 1: 22 DBs instantiated.
2024-11-24 00:30:43,901 - pyALS-RF - INFO: Tree 2: 24 DBs instantiated.
2024-11-24 00:30:43,902 - pyALS-RF - INFO: Tree 3: 21 DBs instantiated.
2024-11-24 00:30:43,903 - pyALS-RF - INFO: Tree 4: 25 DBs instantiated.
2024-11-24 00:32:36,067 - pyALS-RF - INFO: Runing the TMR flow.
2024-11-24 00:32:36,085 - pyALS-RF - INFO: Tree 0: 23 DBs instantiated.
2024-11-24 00:32:36,087 - pyALS-RF - INFO: Tree 1: 22 DBs instantiated.
2024-11-24 00:32:36,089 - pyALS-RF - INFO: Tree 2: 24 DBs instantiated.
2024-11-24 00:32:36,090 - pyALS-RF - INFO: Tree 3: 21 DBs instantiated.
2024-11-24 00:32:36,091 - pyALS-RF - INFO: Tree 4: 25 DBs instantiated.
2024-11-24 00:33:37,289 - pyALS-RF - INFO: Runing the TMR flow.
2024-11-24 00:33:37,307 - pyALS-RF - INFO: Tree 0: 23 DBs instantiated.
2024-11-24 00:33:37,309 - pyALS-RF - INFO: Tree 1: 22 DBs instantiated.
2024-11-24 00:33:37,311 - pyALS-RF - INFO: Tree 2: 24 DBs instantiated.
2024-11-24 00:33:37,312 - pyALS-RF - INFO: Tree 3: 21 DBs instantiated.
2024-11-24 00:33:37,313 - pyALS-RF - INFO: Tree 4: 25 DBs instantiated.
2024-11-24 00:34:07,074 - pyALS-RF - INFO: Runing the TMR flow.
2024-11-24 00:34:07,092 - pyALS-RF - INFO: Tree 0: 23 DBs instantiated.
2024-11-24 00:34:07,095 - pyALS-RF - INFO: Tree 1: 22 DBs instantiated.
2024-11-24 00:34:07,096 - pyALS-RF - INFO: Tree 2: 24 DBs instantiated.
2024-11-24 00:34:07,097 - pyALS-RF - INFO: Tree 3: 21 DBs instantiated.
2024-11-24 00:34:07,099 - pyALS-RF - INFO: Tree 4: 25 DBs instantiated.
2024-11-24 00:39:57,295 - pyALS-RF - INFO: Runing the TMR flow.
2024-11-24 00:39:57,312 - pyALS-RF - INFO: Tree 0: 23 DBs instantiated.
2024-11-24 00:39:57,315 - pyALS-RF - INFO: Tree 1: 22 DBs instantiated.
2024-11-24 00:39:57,316 - pyALS-RF - INFO: Tree 2: 24 DBs instantiated.
2024-11-24 00:39:57,318 - pyALS-RF - INFO: Tree 3: 21 DBs instantiated.
2024-11-24 00:39:57,319 - pyALS-RF - INFO: Tree 4: 25 DBs instantiated.
2024-11-24 00:40:24,325 - pyALS-RF - INFO: Runing the TMR flow.
2024-11-24 00:40:24,343 - pyALS-RF - INFO: Tree 0: 23 DBs instantiated.
2024-11-24 00:40:24,345 - pyALS-RF - INFO: Tree 1: 22 DBs instantiated.
2024-11-24 00:40:24,347 - pyALS-RF - INFO: Tree 2: 24 DBs instantiated.
2024-11-24 00:40:24,348 - pyALS-RF - INFO: Tree 3: 21 DBs instantiated.
2024-11-24 00:40:24,349 - pyALS-RF - INFO: Tree 4: 25 DBs instantiated.
2024-11-24 00:40:52,767 - pyALS-RF - INFO: Runing the TMR flow.
2024-11-24 00:40:52,784 - pyALS-RF - INFO: Tree 0: 23 DBs instantiated.
2024-11-24 00:40:52,787 - pyALS-RF - INFO: Tree 1: 22 DBs instantiated.
2024-11-24 00:40:52,788 - pyALS-RF - INFO: Tree 2: 24 DBs instantiated.
2024-11-24 00:40:52,789 - pyALS-RF - INFO: Tree 3: 21 DBs instantiated.
2024-11-24 00:40:52,791 - pyALS-RF - INFO: Tree 4: 25 DBs instantiated.
2024-11-24 00:47:11,977 - pyALS-RF - INFO: Runing the TMR flow.
2024-11-24 00:47:12,936 - pyALS-RF - INFO: Tree 0: 399 DBs instantiated.
2024-11-24 00:47:13,011 - pyALS-RF - INFO: Tree 1: 392 DBs instantiated.
2024-11-24 00:47:13,079 - pyALS-RF - INFO: Tree 2: 409 DBs instantiated.
2024-11-24 00:47:13,147 - pyALS-RF - INFO: Tree 3: 394 DBs instantiated.
2024-11-24 00:47:13,216 - pyALS-RF - INFO: Tree 4: 396 DBs instantiated.
2024-11-24 00:47:13,280 - pyALS-RF - INFO: Tree 5: 369 DBs instantiated.
2024-11-24 00:47:13,341 - pyALS-RF - INFO: Tree 6: 373 DBs instantiated.
2024-11-24 00:47:13,401 - pyALS-RF - INFO: Tree 7: 389 DBs instantiated.
2024-11-24 00:47:13,466 - pyALS-RF - INFO: Tree 8: 358 DBs instantiated.
2024-11-24 00:47:13,523 - pyALS-RF - INFO: Tree 9: 365 DBs instantiated.
2024-11-24 00:47:13,586 - pyALS-RF - INFO: Tree 10: 407 DBs instantiated.
2024-11-24 00:47:13,656 - pyALS-RF - INFO: Tree 11: 398 DBs instantiated.
2024-11-24 00:47:13,720 - pyALS-RF - INFO: Tree 12: 365 DBs instantiated.
2024-11-24 00:47:13,779 - pyALS-RF - INFO: Tree 13: 370 DBs instantiated.
2024-11-24 00:47:13,843 - pyALS-RF - INFO: Tree 14: 399 DBs instantiated.
2024-11-24 00:47:13,905 - pyALS-RF - INFO: Tree 15: 366 DBs instantiated.
2024-11-24 00:47:13,958 - pyALS-RF - INFO: Tree 16: 364 DBs instantiated.
2024-11-24 00:47:14,015 - pyALS-RF - INFO: Tree 17: 391 DBs instantiated.
2024-11-24 00:47:14,081 - pyALS-RF - INFO: Tree 18: 384 DBs instantiated.
2024-11-24 00:47:14,143 - pyALS-RF - INFO: Tree 19: 372 DBs instantiated.
2024-11-24 00:47:14,203 - pyALS-RF - INFO: Tree 20: 383 DBs instantiated.
2024-11-24 00:47:14,264 - pyALS-RF - INFO: Tree 21: 372 DBs instantiated.
2024-11-24 00:47:14,323 - pyALS-RF - INFO: Tree 22: 366 DBs instantiated.
2024-11-24 00:47:14,399 - pyALS-RF - INFO: Tree 23: 439 DBs instantiated.
2024-11-24 00:47:14,473 - pyALS-RF - INFO: Tree 24: 379 DBs instantiated.
2024-11-24 00:47:14,544 - pyALS-RF - INFO: Tree 25: 434 DBs instantiated.
2024-11-24 00:47:14,619 - pyALS-RF - INFO: Tree 26: 393 DBs instantiated.
2024-11-24 00:47:14,683 - pyALS-RF - INFO: Tree 27: 380 DBs instantiated.
2024-11-24 00:47:14,744 - pyALS-RF - INFO: Tree 28: 386 DBs instantiated.
2024-11-24 00:47:14,805 - pyALS-RF - INFO: Tree 29: 388 DBs instantiated.
2024-11-24 00:47:14,873 - pyALS-RF - INFO: Tree 30: 402 DBs instantiated.
2024-11-24 00:47:14,931 - pyALS-RF - INFO: Tree 31: 347 DBs instantiated.
2024-11-24 00:47:14,983 - pyALS-RF - INFO: Tree 32: 332 DBs instantiated.
2024-11-24 00:47:15,041 - pyALS-RF - INFO: Tree 33: 396 DBs instantiated.
2024-11-24 00:47:15,106 - pyALS-RF - INFO: Tree 34: 389 DBs instantiated.
2024-11-24 00:47:15,167 - pyALS-RF - INFO: Tree 35: 367 DBs instantiated.
2024-11-24 00:47:15,229 - pyALS-RF - INFO: Tree 36: 364 DBs instantiated.
2024-11-24 00:47:15,293 - pyALS-RF - INFO: Tree 37: 385 DBs instantiated.
2024-11-24 00:47:15,364 - pyALS-RF - INFO: Tree 38: 395 DBs instantiated.
2024-11-24 00:47:15,435 - pyALS-RF - INFO: Tree 39: 375 DBs instantiated.
2024-11-24 10:57:32,859 - pyALS-RF - INFO: Runing the TMR flow.
2024-11-24 10:57:32,879 - pyALS-RF - INFO: Tree 0: 23 DBs instantiated.
2024-11-24 10:57:32,881 - pyALS-RF - INFO: Tree 1: 22 DBs instantiated.
2024-11-24 10:57:32,882 - pyALS-RF - INFO: Tree 2: 24 DBs instantiated.
2024-11-24 10:57:32,884 - pyALS-RF - INFO: Tree 3: 21 DBs instantiated.
2024-11-24 10:57:32,885 - pyALS-RF - INFO: Tree 4: 25 DBs instantiated.
2024-11-24 10:57:54,337 - pyALS-RF - INFO: Runing the TMR flow.
2024-11-24 10:57:54,354 - pyALS-RF - INFO: Tree 0: 23 DBs instantiated.
2024-11-24 10:57:54,356 - pyALS-RF - INFO: Tree 1: 22 DBs instantiated.
2024-11-24 10:57:54,358 - pyALS-RF - INFO: Tree 2: 24 DBs instantiated.
2024-11-24 10:57:54,360 - pyALS-RF - INFO: Tree 3: 21 DBs instantiated.
2024-11-24 10:57:54,361 - pyALS-RF - INFO: Tree 4: 25 DBs instantiated.
2024-11-24 10:58:32,088 - pyALS-RF - INFO: Runing the TMR flow.
2024-11-24 10:58:32,105 - pyALS-RF - INFO: Tree 0: 23 DBs instantiated.
2024-11-24 10:58:32,107 - pyALS-RF - INFO: Tree 1: 22 DBs instantiated.
2024-11-24 10:58:32,108 - pyALS-RF - INFO: Tree 2: 24 DBs instantiated.
2024-11-24 10:58:32,110 - pyALS-RF - INFO: Tree 3: 21 DBs instantiated.
2024-11-24 10:58:32,111 - pyALS-RF - INFO: Tree 4: 25 DBs instantiated.
2024-11-24 10:58:39,956 - pyALS-RF - INFO: Runing the TMR flow.
2024-11-24 10:58:39,973 - pyALS-RF - INFO: Tree 0: 23 DBs instantiated.
2024-11-24 10:58:39,975 - pyALS-RF - INFO: Tree 1: 22 DBs instantiated.
2024-11-24 10:58:39,976 - pyALS-RF - INFO: Tree 2: 24 DBs instantiated.
2024-11-24 10:58:39,978 - pyALS-RF - INFO: Tree 3: 21 DBs instantiated.
2024-11-24 10:58:39,979 - pyALS-RF - INFO: Tree 4: 25 DBs instantiated.
2024-11-24 10:58:52,991 - pyALS-RF - INFO: Runing the TMR flow.
2024-11-24 10:58:53,959 - pyALS-RF - INFO: Tree 0: 399 DBs instantiated.
2024-11-24 10:58:54,037 - pyALS-RF - INFO: Tree 1: 392 DBs instantiated.
2024-11-24 10:58:54,104 - pyALS-RF - INFO: Tree 2: 409 DBs instantiated.
2024-11-24 10:58:54,173 - pyALS-RF - INFO: Tree 3: 394 DBs instantiated.
2024-11-24 10:58:54,241 - pyALS-RF - INFO: Tree 4: 396 DBs instantiated.
2024-11-24 10:58:54,305 - pyALS-RF - INFO: Tree 5: 369 DBs instantiated.
2024-11-24 10:58:54,365 - pyALS-RF - INFO: Tree 6: 373 DBs instantiated.
2024-11-24 10:58:54,425 - pyALS-RF - INFO: Tree 7: 389 DBs instantiated.
2024-11-24 10:58:54,491 - pyALS-RF - INFO: Tree 8: 358 DBs instantiated.
2024-11-24 10:58:54,549 - pyALS-RF - INFO: Tree 9: 365 DBs instantiated.
2024-11-24 10:58:54,611 - pyALS-RF - INFO: Tree 10: 407 DBs instantiated.
2024-11-24 10:58:54,684 - pyALS-RF - INFO: Tree 11: 398 DBs instantiated.
2024-11-24 10:58:54,748 - pyALS-RF - INFO: Tree 12: 365 DBs instantiated.
2024-11-24 10:58:54,808 - pyALS-RF - INFO: Tree 13: 370 DBs instantiated.
2024-11-24 10:58:54,874 - pyALS-RF - INFO: Tree 14: 399 DBs instantiated.
2024-11-24 10:58:54,935 - pyALS-RF - INFO: Tree 15: 366 DBs instantiated.
2024-11-24 10:58:54,988 - pyALS-RF - INFO: Tree 16: 364 DBs instantiated.
2024-11-24 10:58:55,046 - pyALS-RF - INFO: Tree 17: 391 DBs instantiated.
2024-11-24 10:58:55,113 - pyALS-RF - INFO: Tree 18: 384 DBs instantiated.
2024-11-24 10:58:55,174 - pyALS-RF - INFO: Tree 19: 372 DBs instantiated.
2024-11-24 10:58:55,235 - pyALS-RF - INFO: Tree 20: 383 DBs instantiated.
2024-11-24 10:58:55,296 - pyALS-RF - INFO: Tree 21: 372 DBs instantiated.
2024-11-24 10:58:55,358 - pyALS-RF - INFO: Tree 22: 366 DBs instantiated.
2024-11-24 10:58:55,431 - pyALS-RF - INFO: Tree 23: 439 DBs instantiated.
2024-11-24 10:58:55,504 - pyALS-RF - INFO: Tree 24: 379 DBs instantiated.
2024-11-24 10:58:55,576 - pyALS-RF - INFO: Tree 25: 434 DBs instantiated.
2024-11-24 10:58:55,651 - pyALS-RF - INFO: Tree 26: 393 DBs instantiated.
2024-11-24 10:58:55,716 - pyALS-RF - INFO: Tree 27: 380 DBs instantiated.
2024-11-24 10:58:55,777 - pyALS-RF - INFO: Tree 28: 386 DBs instantiated.
2024-11-24 10:58:55,838 - pyALS-RF - INFO: Tree 29: 388 DBs instantiated.
2024-11-24 10:58:55,906 - pyALS-RF - INFO: Tree 30: 402 DBs instantiated.
2024-11-24 10:58:55,965 - pyALS-RF - INFO: Tree 31: 347 DBs instantiated.
2024-11-24 10:58:56,017 - pyALS-RF - INFO: Tree 32: 332 DBs instantiated.
2024-11-24 10:58:56,077 - pyALS-RF - INFO: Tree 33: 396 DBs instantiated.
2024-11-24 10:58:56,143 - pyALS-RF - INFO: Tree 34: 389 DBs instantiated.
2024-11-24 10:58:56,204 - pyALS-RF - INFO: Tree 35: 367 DBs instantiated.
2024-11-24 10:58:56,266 - pyALS-RF - INFO: Tree 36: 364 DBs instantiated.
2024-11-24 10:58:56,331 - pyALS-RF - INFO: Tree 37: 385 DBs instantiated.
2024-11-24 10:58:56,400 - pyALS-RF - INFO: Tree 38: 395 DBs instantiated.
2024-11-24 10:58:56,475 - pyALS-RF - INFO: Tree 39: 375 DBs instantiated.
2024-11-24 11:25:26,008 - pyALS-RF - INFO: Runing the TMR flow.
2024-11-24 11:25:26,959 - pyALS-RF - INFO: Tree 0: 399 DBs instantiated.
2024-11-24 11:25:27,037 - pyALS-RF - INFO: Tree 1: 392 DBs instantiated.
2024-11-24 11:25:27,106 - pyALS-RF - INFO: Tree 2: 409 DBs instantiated.
2024-11-24 11:25:27,173 - pyALS-RF - INFO: Tree 3: 394 DBs instantiated.
2024-11-24 11:25:27,242 - pyALS-RF - INFO: Tree 4: 396 DBs instantiated.
2024-11-24 11:25:27,307 - pyALS-RF - INFO: Tree 5: 369 DBs instantiated.
2024-11-24 11:25:27,367 - pyALS-RF - INFO: Tree 6: 373 DBs instantiated.
2024-11-24 11:25:27,428 - pyALS-RF - INFO: Tree 7: 389 DBs instantiated.
2024-11-24 11:25:27,490 - pyALS-RF - INFO: Tree 8: 358 DBs instantiated.
2024-11-24 11:25:27,546 - pyALS-RF - INFO: Tree 9: 365 DBs instantiated.
2024-11-24 11:25:27,608 - pyALS-RF - INFO: Tree 10: 407 DBs instantiated.
2024-11-24 11:25:27,679 - pyALS-RF - INFO: Tree 11: 398 DBs instantiated.
2024-11-24 11:25:27,742 - pyALS-RF - INFO: Tree 12: 365 DBs instantiated.
2024-11-24 11:25:27,800 - pyALS-RF - INFO: Tree 13: 370 DBs instantiated.
2024-11-24 11:25:27,866 - pyALS-RF - INFO: Tree 14: 399 DBs instantiated.
2024-11-24 11:25:27,926 - pyALS-RF - INFO: Tree 15: 366 DBs instantiated.
2024-11-24 11:25:27,980 - pyALS-RF - INFO: Tree 16: 364 DBs instantiated.
2024-11-24 11:25:28,037 - pyALS-RF - INFO: Tree 17: 391 DBs instantiated.
2024-11-24 11:25:28,103 - pyALS-RF - INFO: Tree 18: 384 DBs instantiated.
2024-11-24 11:25:28,165 - pyALS-RF - INFO: Tree 19: 372 DBs instantiated.
2024-11-24 11:25:28,225 - pyALS-RF - INFO: Tree 20: 383 DBs instantiated.
2024-11-24 11:25:28,286 - pyALS-RF - INFO: Tree 21: 372 DBs instantiated.
2024-11-24 11:25:28,345 - pyALS-RF - INFO: Tree 22: 366 DBs instantiated.
2024-11-24 11:25:28,419 - pyALS-RF - INFO: Tree 23: 439 DBs instantiated.
2024-11-24 11:25:28,492 - pyALS-RF - INFO: Tree 24: 379 DBs instantiated.
2024-11-24 11:25:28,561 - pyALS-RF - INFO: Tree 25: 434 DBs instantiated.
2024-11-24 11:25:28,636 - pyALS-RF - INFO: Tree 26: 393 DBs instantiated.
2024-11-24 11:25:28,699 - pyALS-RF - INFO: Tree 27: 380 DBs instantiated.
2024-11-24 11:25:28,760 - pyALS-RF - INFO: Tree 28: 386 DBs instantiated.
2024-11-24 11:25:28,820 - pyALS-RF - INFO: Tree 29: 388 DBs instantiated.
2024-11-24 11:25:28,887 - pyALS-RF - INFO: Tree 30: 402 DBs instantiated.
2024-11-24 11:25:28,945 - pyALS-RF - INFO: Tree 31: 347 DBs instantiated.
2024-11-24 11:25:28,996 - pyALS-RF - INFO: Tree 32: 332 DBs instantiated.
2024-11-24 11:25:29,055 - pyALS-RF - INFO: Tree 33: 396 DBs instantiated.
2024-11-24 11:25:29,123 - pyALS-RF - INFO: Tree 34: 389 DBs instantiated.
2024-11-24 11:25:29,185 - pyALS-RF - INFO: Tree 35: 367 DBs instantiated.
2024-11-24 11:25:29,248 - pyALS-RF - INFO: Tree 36: 364 DBs instantiated.
2024-11-24 11:25:29,312 - pyALS-RF - INFO: Tree 37: 385 DBs instantiated.
2024-11-24 11:25:29,381 - pyALS-RF - INFO: Tree 38: 395 DBs instantiated.
2024-11-24 11:25:29,451 - pyALS-RF - INFO: Tree 39: 375 DBs instantiated.
2024-11-24 11:25:42,632 - pyALS-RF - INFO: Runing the TMR flow.
2024-11-24 11:25:42,653 - pyALS-RF - INFO: Tree 0: 23 DBs instantiated.
2024-11-24 11:25:42,655 - pyALS-RF - INFO: Tree 1: 22 DBs instantiated.
2024-11-24 11:25:42,657 - pyALS-RF - INFO: Tree 2: 24 DBs instantiated.
2024-11-24 11:25:42,658 - pyALS-RF - INFO: Tree 3: 21 DBs instantiated.
2024-11-24 11:25:42,660 - pyALS-RF - INFO: Tree 4: 25 DBs instantiated.
2024-11-24 11:27:48,633 - pyALS-RF - INFO: Runing the TMR flow.
2024-11-24 11:27:48,650 - pyALS-RF - INFO: Tree 0: 23 DBs instantiated.
2024-11-24 11:27:48,652 - pyALS-RF - INFO: Tree 1: 22 DBs instantiated.
2024-11-24 11:27:48,653 - pyALS-RF - INFO: Tree 2: 24 DBs instantiated.
2024-11-24 11:27:48,655 - pyALS-RF - INFO: Tree 3: 21 DBs instantiated.
2024-11-24 11:27:48,656 - pyALS-RF - INFO: Tree 4: 25 DBs instantiated.
2024-11-24 11:28:30,210 - pyALS-RF - INFO: Runing the TMR flow.
2024-11-24 11:28:30,227 - pyALS-RF - INFO: Tree 0: 23 DBs instantiated.
2024-11-24 11:28:30,230 - pyALS-RF - INFO: Tree 1: 22 DBs instantiated.
2024-11-24 11:28:30,231 - pyALS-RF - INFO: Tree 2: 24 DBs instantiated.
2024-11-24 11:28:30,232 - pyALS-RF - INFO: Tree 3: 21 DBs instantiated.
2024-11-24 11:28:30,234 - pyALS-RF - INFO: Tree 4: 25 DBs instantiated.
2024-11-24 11:28:46,474 - pyALS-RF - INFO: Runing the TMR flow.
2024-11-24 11:28:46,491 - pyALS-RF - INFO: Tree 0: 23 DBs instantiated.
2024-11-24 11:28:46,493 - pyALS-RF - INFO: Tree 1: 22 DBs instantiated.
2024-11-24 11:28:46,495 - pyALS-RF - INFO: Tree 2: 24 DBs instantiated.
2024-11-24 11:28:46,496 - pyALS-RF - INFO: Tree 3: 21 DBs instantiated.
2024-11-24 11:28:46,497 - pyALS-RF - INFO: Tree 4: 25 DBs instantiated.
2024-11-24 11:30:04,314 - pyALS-RF - INFO: Runing the TMR flow.
2024-11-24 11:30:04,330 - pyALS-RF - INFO: Tree 0: 23 DBs instantiated.
2024-11-24 11:30:04,333 - pyALS-RF - INFO: Tree 1: 22 DBs instantiated.
2024-11-24 11:30:04,334 - pyALS-RF - INFO: Tree 2: 24 DBs instantiated.
2024-11-24 11:30:04,335 - pyALS-RF - INFO: Tree 3: 21 DBs instantiated.
2024-11-24 11:30:04,337 - pyALS-RF - INFO: Tree 4: 25 DBs instantiated.
2024-11-24 11:30:16,908 - pyALS-RF - INFO: Runing the TMR flow.
2024-11-24 11:30:16,925 - pyALS-RF - INFO: Tree 0: 23 DBs instantiated.
2024-11-24 11:30:16,928 - pyALS-RF - INFO: Tree 1: 22 DBs instantiated.
2024-11-24 11:30:16,929 - pyALS-RF - INFO: Tree 2: 24 DBs instantiated.
2024-11-24 11:30:16,930 - pyALS-RF - INFO: Tree 3: 21 DBs instantiated.
2024-11-24 11:30:16,932 - pyALS-RF - INFO: Tree 4: 25 DBs instantiated.
2024-11-24 11:30:32,871 - pyALS-RF - INFO: Runing the TMR flow.
2024-11-24 11:30:32,888 - pyALS-RF - INFO: Tree 0: 23 DBs instantiated.
2024-11-24 11:30:32,890 - pyALS-RF - INFO: Tree 1: 22 DBs instantiated.
2024-11-24 11:30:32,892 - pyALS-RF - INFO: Tree 2: 24 DBs instantiated.
2024-11-24 11:30:32,893 - pyALS-RF - INFO: Tree 3: 21 DBs instantiated.
2024-11-24 11:30:32,894 - pyALS-RF - INFO: Tree 4: 25 DBs instantiated.
2024-11-24 11:31:36,795 - pyALS-RF - INFO: Runing the TMR flow.
2024-11-24 11:31:36,813 - pyALS-RF - INFO: Tree 0: 23 DBs instantiated.
2024-11-24 11:31:36,815 - pyALS-RF - INFO: Tree 1: 22 DBs instantiated.
2024-11-24 11:31:36,817 - pyALS-RF - INFO: Tree 2: 24 DBs instantiated.
2024-11-24 11:31:36,818 - pyALS-RF - INFO: Tree 3: 21 DBs instantiated.
2024-11-24 11:31:36,820 - pyALS-RF - INFO: Tree 4: 25 DBs instantiated.
2024-11-24 11:31:58,020 - pyALS-RF - INFO: Runing the TMR flow.
2024-11-24 11:31:58,038 - pyALS-RF - INFO: Tree 0: 23 DBs instantiated.
2024-11-24 11:31:58,040 - pyALS-RF - INFO: Tree 1: 22 DBs instantiated.
2024-11-24 11:31:58,042 - pyALS-RF - INFO: Tree 2: 24 DBs instantiated.
2024-11-24 11:31:58,043 - pyALS-RF - INFO: Tree 3: 21 DBs instantiated.
2024-11-24 11:31:58,044 - pyALS-RF - INFO: Tree 4: 25 DBs instantiated.
2024-11-24 11:32:25,010 - pyALS-RF - INFO: Runing the TMR flow.
2024-11-24 11:32:25,026 - pyALS-RF - INFO: Tree 0: 23 DBs instantiated.
2024-11-24 11:32:25,028 - pyALS-RF - INFO: Tree 1: 22 DBs instantiated.
2024-11-24 11:32:25,030 - pyALS-RF - INFO: Tree 2: 24 DBs instantiated.
2024-11-24 11:32:25,031 - pyALS-RF - INFO: Tree 3: 21 DBs instantiated.
2024-11-24 11:32:25,033 - pyALS-RF - INFO: Tree 4: 25 DBs instantiated.
2024-11-24 11:32:55,268 - pyALS-RF - INFO: Runing the TMR flow.
2024-11-24 11:32:55,285 - pyALS-RF - INFO: Tree 0: 23 DBs instantiated.
2024-11-24 11:32:55,287 - pyALS-RF - INFO: Tree 1: 22 DBs instantiated.
2024-11-24 11:32:55,289 - pyALS-RF - INFO: Tree 2: 24 DBs instantiated.
2024-11-24 11:32:55,290 - pyALS-RF - INFO: Tree 3: 21 DBs instantiated.
2024-11-24 11:32:55,291 - pyALS-RF - INFO: Tree 4: 25 DBs instantiated.
2024-11-24 11:33:20,257 - pyALS-RF - INFO: Runing the TMR flow.
2024-11-24 11:33:20,274 - pyALS-RF - INFO: Tree 0: 23 DBs instantiated.
2024-11-24 11:33:20,276 - pyALS-RF - INFO: Tree 1: 22 DBs instantiated.
2024-11-24 11:33:20,277 - pyALS-RF - INFO: Tree 2: 24 DBs instantiated.
2024-11-24 11:33:20,279 - pyALS-RF - INFO: Tree 3: 21 DBs instantiated.
2024-11-24 11:33:20,280 - pyALS-RF - INFO: Tree 4: 25 DBs instantiated.
2024-11-24 11:33:52,789 - pyALS-RF - INFO: Runing the TMR flow.
2024-11-24 11:33:52,806 - pyALS-RF - INFO: Tree 0: 23 DBs instantiated.
2024-11-24 11:33:52,809 - pyALS-RF - INFO: Tree 1: 22 DBs instantiated.
2024-11-24 11:33:52,810 - pyALS-RF - INFO: Tree 2: 24 DBs instantiated.
2024-11-24 11:33:52,812 - pyALS-RF - INFO: Tree 3: 21 DBs instantiated.
2024-11-24 11:33:52,813 - pyALS-RF - INFO: Tree 4: 25 DBs instantiated.
2024-11-24 11:36:44,232 - pyALS-RF - INFO: Runing the TMR flow.
2024-11-24 11:36:44,248 - pyALS-RF - INFO: Tree 0: 23 DBs instantiated.
2024-11-24 11:36:44,250 - pyALS-RF - INFO: Tree 1: 22 DBs instantiated.
2024-11-24 11:36:44,252 - pyALS-RF - INFO: Tree 2: 24 DBs instantiated.
2024-11-24 11:36:44,253 - pyALS-RF - INFO: Tree 3: 21 DBs instantiated.
2024-11-24 11:36:44,254 - pyALS-RF - INFO: Tree 4: 25 DBs instantiated.
2024-11-24 11:37:32,539 - pyALS-RF - INFO: Runing the TMR flow.
2024-11-24 11:37:32,556 - pyALS-RF - INFO: Tree 0: 23 DBs instantiated.
2024-11-24 11:37:32,559 - pyALS-RF - INFO: Tree 1: 22 DBs instantiated.
2024-11-24 11:37:32,561 - pyALS-RF - INFO: Tree 2: 24 DBs instantiated.
2024-11-24 11:37:32,562 - pyALS-RF - INFO: Tree 3: 21 DBs instantiated.
2024-11-24 11:37:32,563 - pyALS-RF - INFO: Tree 4: 25 DBs instantiated.
2024-11-24 11:37:53,230 - pyALS-RF - INFO: Runing the TMR flow.
2024-11-24 11:37:53,247 - pyALS-RF - INFO: Tree 0: 23 DBs instantiated.
2024-11-24 11:37:53,250 - pyALS-RF - INFO: Tree 1: 22 DBs instantiated.
2024-11-24 11:37:53,251 - pyALS-RF - INFO: Tree 2: 24 DBs instantiated.
2024-11-24 11:37:53,252 - pyALS-RF - INFO: Tree 3: 21 DBs instantiated.
2024-11-24 11:37:53,254 - pyALS-RF - INFO: Tree 4: 25 DBs instantiated.
2024-11-24 11:38:08,333 - pyALS-RF - INFO: Runing the TMR flow.
2024-11-24 11:38:08,350 - pyALS-RF - INFO: Tree 0: 23 DBs instantiated.
2024-11-24 11:38:08,352 - pyALS-RF - INFO: Tree 1: 22 DBs instantiated.
2024-11-24 11:38:08,354 - pyALS-RF - INFO: Tree 2: 24 DBs instantiated.
2024-11-24 11:38:08,355 - pyALS-RF - INFO: Tree 3: 21 DBs instantiated.
2024-11-24 11:38:08,356 - pyALS-RF - INFO: Tree 4: 25 DBs instantiated.
2024-11-24 11:38:28,924 - pyALS-RF - INFO: Runing the TMR flow.
2024-11-24 11:38:28,941 - pyALS-RF - INFO: Tree 0: 23 DBs instantiated.
2024-11-24 11:38:28,944 - pyALS-RF - INFO: Tree 1: 22 DBs instantiated.
2024-11-24 11:38:28,945 - pyALS-RF - INFO: Tree 2: 24 DBs instantiated.
2024-11-24 11:38:28,947 - pyALS-RF - INFO: Tree 3: 21 DBs instantiated.
2024-11-24 11:38:28,948 - pyALS-RF - INFO: Tree 4: 25 DBs instantiated.
2024-11-24 11:38:45,051 - pyALS-RF - INFO: Runing the TMR flow.
2024-11-24 11:38:45,084 - pyALS-RF - INFO: Tree 0: 20 DBs instantiated.
2024-11-24 11:38:45,086 - pyALS-RF - INFO: Tree 1: 21 DBs instantiated.
2024-11-24 11:38:45,088 - pyALS-RF - INFO: Tree 2: 23 DBs instantiated.
2024-11-24 11:38:45,089 - pyALS-RF - INFO: Tree 3: 17 DBs instantiated.
2024-11-24 11:38:45,090 - pyALS-RF - INFO: Tree 4: 23 DBs instantiated.
2024-11-24 11:38:45,091 - pyALS-RF - INFO: Tree 5: 20 DBs instantiated.
2024-11-24 11:38:45,093 - pyALS-RF - INFO: Tree 6: 22 DBs instantiated.
2024-11-24 11:38:45,094 - pyALS-RF - INFO: Tree 7: 17 DBs instantiated.
2024-11-24 11:38:45,095 - pyALS-RF - INFO: Tree 8: 23 DBs instantiated.
2024-11-24 11:38:45,097 - pyALS-RF - INFO: Tree 9: 21 DBs instantiated.
2024-11-24 11:38:45,099 - pyALS-RF - INFO: Tree 10: 25 DBs instantiated.
2024-11-24 11:38:45,101 - pyALS-RF - INFO: Tree 11: 27 DBs instantiated.
2024-11-24 11:38:45,102 - pyALS-RF - INFO: Tree 12: 26 DBs instantiated.
2024-11-24 11:38:45,103 - pyALS-RF - INFO: Tree 13: 24 DBs instantiated.
2024-11-24 11:38:45,105 - pyALS-RF - INFO: Tree 14: 21 DBs instantiated.
2024-11-24 11:38:45,106 - pyALS-RF - INFO: Tree 15: 23 DBs instantiated.
2024-11-24 11:38:45,108 - pyALS-RF - INFO: Tree 16: 18 DBs instantiated.
2024-11-24 11:38:45,109 - pyALS-RF - INFO: Tree 17: 16 DBs instantiated.
2024-11-24 11:38:45,110 - pyALS-RF - INFO: Tree 18: 20 DBs instantiated.
2024-11-24 11:38:45,111 - pyALS-RF - INFO: Tree 19: 22 DBs instantiated.
2024-11-24 11:38:45,113 - pyALS-RF - INFO: Tree 20: 19 DBs instantiated.
2024-11-24 11:38:45,114 - pyALS-RF - INFO: Tree 21: 19 DBs instantiated.
2024-11-24 11:38:45,115 - pyALS-RF - INFO: Tree 22: 19 DBs instantiated.
2024-11-24 11:38:45,116 - pyALS-RF - INFO: Tree 23: 18 DBs instantiated.
2024-11-24 11:38:45,118 - pyALS-RF - INFO: Tree 24: 18 DBs instantiated.
2024-11-24 11:38:45,119 - pyALS-RF - INFO: Tree 25: 22 DBs instantiated.
2024-11-24 11:38:45,121 - pyALS-RF - INFO: Tree 26: 24 DBs instantiated.
2024-11-24 11:38:45,122 - pyALS-RF - INFO: Tree 27: 21 DBs instantiated.
2024-11-24 11:38:45,124 - pyALS-RF - INFO: Tree 28: 24 DBs instantiated.
2024-11-24 11:38:45,125 - pyALS-RF - INFO: Tree 29: 15 DBs instantiated.
2024-11-24 11:38:45,126 - pyALS-RF - INFO: Tree 30: 17 DBs instantiated.
2024-11-24 11:38:45,128 - pyALS-RF - INFO: Tree 31: 21 DBs instantiated.
2024-11-24 11:38:45,129 - pyALS-RF - INFO: Tree 32: 25 DBs instantiated.
2024-11-24 11:38:45,131 - pyALS-RF - INFO: Tree 33: 24 DBs instantiated.
2024-11-24 11:38:45,133 - pyALS-RF - INFO: Tree 34: 17 DBs instantiated.
2024-11-24 11:38:45,134 - pyALS-RF - INFO: Tree 35: 21 DBs instantiated.
2024-11-24 11:38:45,135 - pyALS-RF - INFO: Tree 36: 24 DBs instantiated.
2024-11-24 11:38:45,137 - pyALS-RF - INFO: Tree 37: 19 DBs instantiated.
2024-11-24 11:38:45,138 - pyALS-RF - INFO: Tree 38: 27 DBs instantiated.
2024-11-24 11:38:45,140 - pyALS-RF - INFO: Tree 39: 22 DBs instantiated.
2024-11-24 11:38:57,609 - pyALS-RF - INFO: Runing the TMR flow.
2024-11-24 11:38:57,638 - pyALS-RF - INFO: Tree 0: 20 DBs instantiated.
2024-11-24 11:38:57,640 - pyALS-RF - INFO: Tree 1: 21 DBs instantiated.
2024-11-24 11:38:57,641 - pyALS-RF - INFO: Tree 2: 23 DBs instantiated.
2024-11-24 11:38:57,643 - pyALS-RF - INFO: Tree 3: 17 DBs instantiated.
2024-11-24 11:38:57,644 - pyALS-RF - INFO: Tree 4: 23 DBs instantiated.
2024-11-24 11:38:57,645 - pyALS-RF - INFO: Tree 5: 20 DBs instantiated.
2024-11-24 11:38:57,646 - pyALS-RF - INFO: Tree 6: 22 DBs instantiated.
2024-11-24 11:38:57,648 - pyALS-RF - INFO: Tree 7: 17 DBs instantiated.
2024-11-24 11:38:57,650 - pyALS-RF - INFO: Tree 8: 23 DBs instantiated.
2024-11-24 11:38:57,651 - pyALS-RF - INFO: Tree 9: 21 DBs instantiated.
2024-11-24 11:38:57,653 - pyALS-RF - INFO: Tree 10: 25 DBs instantiated.
2024-11-24 11:38:57,654 - pyALS-RF - INFO: Tree 11: 27 DBs instantiated.
2024-11-24 11:38:57,656 - pyALS-RF - INFO: Tree 12: 26 DBs instantiated.
2024-11-24 11:38:57,657 - pyALS-RF - INFO: Tree 13: 24 DBs instantiated.
2024-11-24 11:38:57,658 - pyALS-RF - INFO: Tree 14: 21 DBs instantiated.
2024-11-24 11:38:57,660 - pyALS-RF - INFO: Tree 15: 23 DBs instantiated.
2024-11-24 11:38:57,661 - pyALS-RF - INFO: Tree 16: 18 DBs instantiated.
2024-11-24 11:38:57,662 - pyALS-RF - INFO: Tree 17: 16 DBs instantiated.
2024-11-24 11:38:57,663 - pyALS-RF - INFO: Tree 18: 20 DBs instantiated.
2024-11-24 11:38:57,665 - pyALS-RF - INFO: Tree 19: 22 DBs instantiated.
2024-11-24 11:38:57,666 - pyALS-RF - INFO: Tree 20: 19 DBs instantiated.
2024-11-24 11:38:57,667 - pyALS-RF - INFO: Tree 21: 19 DBs instantiated.
2024-11-24 11:38:57,669 - pyALS-RF - INFO: Tree 22: 19 DBs instantiated.
2024-11-24 11:38:57,670 - pyALS-RF - INFO: Tree 23: 18 DBs instantiated.
2024-11-24 11:38:57,671 - pyALS-RF - INFO: Tree 24: 18 DBs instantiated.
2024-11-24 11:38:57,672 - pyALS-RF - INFO: Tree 25: 22 DBs instantiated.
2024-11-24 11:38:57,674 - pyALS-RF - INFO: Tree 26: 24 DBs instantiated.
2024-11-24 11:38:57,675 - pyALS-RF - INFO: Tree 27: 21 DBs instantiated.
2024-11-24 11:38:57,677 - pyALS-RF - INFO: Tree 28: 24 DBs instantiated.
2024-11-24 11:38:57,678 - pyALS-RF - INFO: Tree 29: 15 DBs instantiated.
2024-11-24 11:38:57,679 - pyALS-RF - INFO: Tree 30: 17 DBs instantiated.
2024-11-24 11:38:57,680 - pyALS-RF - INFO: Tree 31: 21 DBs instantiated.
2024-11-24 11:38:57,682 - pyALS-RF - INFO: Tree 32: 25 DBs instantiated.
2024-11-24 11:38:57,684 - pyALS-RF - INFO: Tree 33: 24 DBs instantiated.
2024-11-24 11:38:57,685 - pyALS-RF - INFO: Tree 34: 17 DBs instantiated.
2024-11-24 11:38:57,687 - pyALS-RF - INFO: Tree 35: 21 DBs instantiated.
2024-11-24 11:38:57,688 - pyALS-RF - INFO: Tree 36: 24 DBs instantiated.
2024-11-24 11:38:57,689 - pyALS-RF - INFO: Tree 37: 19 DBs instantiated.
2024-11-24 11:38:57,691 - pyALS-RF - INFO: Tree 38: 27 DBs instantiated.
2024-11-24 11:38:57,692 - pyALS-RF - INFO: Tree 39: 22 DBs instantiated.
2024-11-24 11:39:59,524 - pyALS-RF - INFO: Runing the TMR flow.
2024-11-24 11:39:59,553 - pyALS-RF - INFO: Tree 0: 20 DBs instantiated.
2024-11-24 11:39:59,556 - pyALS-RF - INFO: Tree 1: 21 DBs instantiated.
2024-11-24 11:39:59,557 - pyALS-RF - INFO: Tree 2: 23 DBs instantiated.
2024-11-24 11:39:59,558 - pyALS-RF - INFO: Tree 3: 17 DBs instantiated.
2024-11-24 11:39:59,559 - pyALS-RF - INFO: Tree 4: 23 DBs instantiated.
2024-11-24 11:39:59,561 - pyALS-RF - INFO: Tree 5: 20 DBs instantiated.
2024-11-24 11:39:59,562 - pyALS-RF - INFO: Tree 6: 22 DBs instantiated.
2024-11-24 11:39:59,563 - pyALS-RF - INFO: Tree 7: 17 DBs instantiated.
2024-11-24 11:39:59,565 - pyALS-RF - INFO: Tree 8: 23 DBs instantiated.
2024-11-24 11:39:59,566 - pyALS-RF - INFO: Tree 9: 21 DBs instantiated.
2024-11-24 11:39:59,568 - pyALS-RF - INFO: Tree 10: 25 DBs instantiated.
2024-11-24 11:39:59,569 - pyALS-RF - INFO: Tree 11: 27 DBs instantiated.
2024-11-24 11:39:59,571 - pyALS-RF - INFO: Tree 12: 26 DBs instantiated.
2024-11-24 11:39:59,572 - pyALS-RF - INFO: Tree 13: 24 DBs instantiated.
2024-11-24 11:39:59,574 - pyALS-RF - INFO: Tree 14: 21 DBs instantiated.
2024-11-24 11:39:59,575 - pyALS-RF - INFO: Tree 15: 23 DBs instantiated.
2024-11-24 11:39:59,576 - pyALS-RF - INFO: Tree 16: 18 DBs instantiated.
2024-11-24 11:39:59,578 - pyALS-RF - INFO: Tree 17: 16 DBs instantiated.
2024-11-24 11:39:59,579 - pyALS-RF - INFO: Tree 18: 20 DBs instantiated.
2024-11-24 11:39:59,580 - pyALS-RF - INFO: Tree 19: 22 DBs instantiated.
2024-11-24 11:39:59,582 - pyALS-RF - INFO: Tree 20: 19 DBs instantiated.
2024-11-24 11:39:59,583 - pyALS-RF - INFO: Tree 21: 19 DBs instantiated.
2024-11-24 11:39:59,584 - pyALS-RF - INFO: Tree 22: 19 DBs instantiated.
2024-11-24 11:39:59,585 - pyALS-RF - INFO: Tree 23: 18 DBs instantiated.
2024-11-24 11:39:59,587 - pyALS-RF - INFO: Tree 24: 18 DBs instantiated.
2024-11-24 11:39:59,588 - pyALS-RF - INFO: Tree 25: 22 DBs instantiated.
2024-11-24 11:39:59,589 - pyALS-RF - INFO: Tree 26: 24 DBs instantiated.
2024-11-24 11:39:59,591 - pyALS-RF - INFO: Tree 27: 21 DBs instantiated.
2024-11-24 11:39:59,592 - pyALS-RF - INFO: Tree 28: 24 DBs instantiated.
2024-11-24 11:39:59,594 - pyALS-RF - INFO: Tree 29: 15 DBs instantiated.
2024-11-24 11:39:59,595 - pyALS-RF - INFO: Tree 30: 17 DBs instantiated.
2024-11-24 11:39:59,596 - pyALS-RF - INFO: Tree 31: 21 DBs instantiated.
2024-11-24 11:39:59,597 - pyALS-RF - INFO: Tree 32: 25 DBs instantiated.
2024-11-24 11:39:59,599 - pyALS-RF - INFO: Tree 33: 24 DBs instantiated.
2024-11-24 11:39:59,600 - pyALS-RF - INFO: Tree 34: 17 DBs instantiated.
2024-11-24 11:39:59,602 - pyALS-RF - INFO: Tree 35: 21 DBs instantiated.
2024-11-24 11:39:59,603 - pyALS-RF - INFO: Tree 36: 24 DBs instantiated.
2024-11-24 11:39:59,604 - pyALS-RF - INFO: Tree 37: 19 DBs instantiated.
2024-11-24 11:39:59,606 - pyALS-RF - INFO: Tree 38: 27 DBs instantiated.
2024-11-24 11:39:59,607 - pyALS-RF - INFO: Tree 39: 22 DBs instantiated.
2024-11-24 11:40:54,635 - pyALS-RF - INFO: Runing the TMR flow.
2024-11-24 11:40:54,664 - pyALS-RF - INFO: Tree 0: 20 DBs instantiated.
2024-11-24 11:40:54,667 - pyALS-RF - INFO: Tree 1: 21 DBs instantiated.
2024-11-24 11:40:54,669 - pyALS-RF - INFO: Tree 2: 23 DBs instantiated.
2024-11-24 11:40:54,670 - pyALS-RF - INFO: Tree 3: 17 DBs instantiated.
2024-11-24 11:40:54,671 - pyALS-RF - INFO: Tree 4: 23 DBs instantiated.
2024-11-24 11:40:54,673 - pyALS-RF - INFO: Tree 5: 20 DBs instantiated.
2024-11-24 11:40:54,674 - pyALS-RF - INFO: Tree 6: 22 DBs instantiated.
2024-11-24 11:40:54,675 - pyALS-RF - INFO: Tree 7: 17 DBs instantiated.
2024-11-24 11:40:54,677 - pyALS-RF - INFO: Tree 8: 23 DBs instantiated.
2024-11-24 11:40:54,678 - pyALS-RF - INFO: Tree 9: 21 DBs instantiated.
2024-11-24 11:40:54,679 - pyALS-RF - INFO: Tree 10: 25 DBs instantiated.
2024-11-24 11:40:54,681 - pyALS-RF - INFO: Tree 11: 27 DBs instantiated.
2024-11-24 11:40:54,683 - pyALS-RF - INFO: Tree 12: 26 DBs instantiated.
2024-11-24 11:40:54,684 - pyALS-RF - INFO: Tree 13: 24 DBs instantiated.
2024-11-24 11:40:54,685 - pyALS-RF - INFO: Tree 14: 21 DBs instantiated.
2024-11-24 11:40:54,687 - pyALS-RF - INFO: Tree 15: 23 DBs instantiated.
2024-11-24 11:40:54,688 - pyALS-RF - INFO: Tree 16: 18 DBs instantiated.
2024-11-24 11:40:54,690 - pyALS-RF - INFO: Tree 17: 16 DBs instantiated.
2024-11-24 11:40:54,691 - pyALS-RF - INFO: Tree 18: 20 DBs instantiated.
2024-11-24 11:40:54,692 - pyALS-RF - INFO: Tree 19: 22 DBs instantiated.
2024-11-24 11:40:54,693 - pyALS-RF - INFO: Tree 20: 19 DBs instantiated.
2024-11-24 11:40:54,695 - pyALS-RF - INFO: Tree 21: 19 DBs instantiated.
2024-11-24 11:40:54,696 - pyALS-RF - INFO: Tree 22: 19 DBs instantiated.
2024-11-24 11:40:54,697 - pyALS-RF - INFO: Tree 23: 18 DBs instantiated.
2024-11-24 11:40:54,699 - pyALS-RF - INFO: Tree 24: 18 DBs instantiated.
2024-11-24 11:40:54,700 - pyALS-RF - INFO: Tree 25: 22 DBs instantiated.
2024-11-24 11:40:54,702 - pyALS-RF - INFO: Tree 26: 24 DBs instantiated.
2024-11-24 11:40:54,703 - pyALS-RF - INFO: Tree 27: 21 DBs instantiated.
2024-11-24 11:40:54,704 - pyALS-RF - INFO: Tree 28: 24 DBs instantiated.
2024-11-24 11:40:54,706 - pyALS-RF - INFO: Tree 29: 15 DBs instantiated.
2024-11-24 11:40:54,707 - pyALS-RF - INFO: Tree 30: 17 DBs instantiated.
2024-11-24 11:40:54,708 - pyALS-RF - INFO: Tree 31: 21 DBs instantiated.
2024-11-24 11:40:54,709 - pyALS-RF - INFO: Tree 32: 25 DBs instantiated.
2024-11-24 11:40:54,711 - pyALS-RF - INFO: Tree 33: 24 DBs instantiated.
2024-11-24 11:40:54,713 - pyALS-RF - INFO: Tree 34: 17 DBs instantiated.
2024-11-24 11:40:54,714 - pyALS-RF - INFO: Tree 35: 21 DBs instantiated.
2024-11-24 11:40:54,715 - pyALS-RF - INFO: Tree 36: 24 DBs instantiated.
2024-11-24 11:40:54,716 - pyALS-RF - INFO: Tree 37: 19 DBs instantiated.
2024-11-24 11:40:54,718 - pyALS-RF - INFO: Tree 38: 27 DBs instantiated.
2024-11-24 11:40:54,719 - pyALS-RF - INFO: Tree 39: 22 DBs instantiated.
2024-11-24 11:41:20,105 - pyALS-RF - INFO: Runing the TMR flow.
2024-11-24 11:41:21,051 - pyALS-RF - INFO: Tree 0: 399 DBs instantiated.
2024-11-24 11:41:21,127 - pyALS-RF - INFO: Tree 1: 392 DBs instantiated.
2024-11-24 11:41:21,194 - pyALS-RF - INFO: Tree 2: 409 DBs instantiated.
2024-11-24 11:41:21,263 - pyALS-RF - INFO: Tree 3: 394 DBs instantiated.
2024-11-24 11:41:21,331 - pyALS-RF - INFO: Tree 4: 396 DBs instantiated.
2024-11-24 11:41:21,396 - pyALS-RF - INFO: Tree 5: 369 DBs instantiated.
2024-11-24 11:41:21,458 - pyALS-RF - INFO: Tree 6: 373 DBs instantiated.
2024-11-24 11:41:21,518 - pyALS-RF - INFO: Tree 7: 389 DBs instantiated.
2024-11-24 11:41:21,582 - pyALS-RF - INFO: Tree 8: 358 DBs instantiated.
2024-11-24 11:41:21,639 - pyALS-RF - INFO: Tree 9: 365 DBs instantiated.
2024-11-24 11:41:21,703 - pyALS-RF - INFO: Tree 10: 407 DBs instantiated.
2024-11-24 11:41:21,774 - pyALS-RF - INFO: Tree 11: 398 DBs instantiated.
2024-11-24 11:41:21,838 - pyALS-RF - INFO: Tree 12: 365 DBs instantiated.
2024-11-24 11:41:21,897 - pyALS-RF - INFO: Tree 13: 370 DBs instantiated.
2024-11-24 11:41:21,961 - pyALS-RF - INFO: Tree 14: 399 DBs instantiated.
2024-11-24 11:41:22,022 - pyALS-RF - INFO: Tree 15: 366 DBs instantiated.
2024-11-24 11:41:22,076 - pyALS-RF - INFO: Tree 16: 364 DBs instantiated.
2024-11-24 11:41:22,136 - pyALS-RF - INFO: Tree 17: 391 DBs instantiated.
2024-11-24 11:41:22,204 - pyALS-RF - INFO: Tree 18: 384 DBs instantiated.
2024-11-24 11:41:22,265 - pyALS-RF - INFO: Tree 19: 372 DBs instantiated.
2024-11-24 11:41:22,325 - pyALS-RF - INFO: Tree 20: 383 DBs instantiated.
2024-11-24 11:41:22,388 - pyALS-RF - INFO: Tree 21: 372 DBs instantiated.
2024-11-24 11:41:22,449 - pyALS-RF - INFO: Tree 22: 366 DBs instantiated.
2024-11-24 11:41:22,522 - pyALS-RF - INFO: Tree 23: 439 DBs instantiated.
2024-11-24 11:41:22,596 - pyALS-RF - INFO: Tree 24: 379 DBs instantiated.
2024-11-24 11:41:22,666 - pyALS-RF - INFO: Tree 25: 434 DBs instantiated.
2024-11-24 11:41:22,741 - pyALS-RF - INFO: Tree 26: 393 DBs instantiated.
2024-11-24 11:41:22,807 - pyALS-RF - INFO: Tree 27: 380 DBs instantiated.
2024-11-24 11:41:22,868 - pyALS-RF - INFO: Tree 28: 386 DBs instantiated.
2024-11-24 11:41:22,929 - pyALS-RF - INFO: Tree 29: 388 DBs instantiated.
2024-11-24 11:41:22,995 - pyALS-RF - INFO: Tree 30: 402 DBs instantiated.
2024-11-24 11:41:23,054 - pyALS-RF - INFO: Tree 31: 347 DBs instantiated.
2024-11-24 11:41:23,104 - pyALS-RF - INFO: Tree 32: 332 DBs instantiated.
2024-11-24 11:41:23,163 - pyALS-RF - INFO: Tree 33: 396 DBs instantiated.
2024-11-24 11:41:23,229 - pyALS-RF - INFO: Tree 34: 389 DBs instantiated.
2024-11-24 11:41:23,290 - pyALS-RF - INFO: Tree 35: 367 DBs instantiated.
2024-11-24 11:41:23,352 - pyALS-RF - INFO: Tree 36: 364 DBs instantiated.
2024-11-24 11:41:23,416 - pyALS-RF - INFO: Tree 37: 385 DBs instantiated.
2024-11-24 11:41:23,488 - pyALS-RF - INFO: Tree 38: 395 DBs instantiated.
2024-11-24 11:41:23,559 - pyALS-RF - INFO: Tree 39: 375 DBs instantiated.
2024-11-24 11:42:37,616 - pyALS-RF - INFO: Runing the TMR flow.
2024-11-24 11:42:38,565 - pyALS-RF - INFO: Tree 0: 399 DBs instantiated.
2024-11-24 11:42:38,641 - pyALS-RF - INFO: Tree 1: 392 DBs instantiated.
2024-11-24 11:42:38,709 - pyALS-RF - INFO: Tree 2: 409 DBs instantiated.
2024-11-24 11:42:38,778 - pyALS-RF - INFO: Tree 3: 394 DBs instantiated.
2024-11-24 11:42:38,846 - pyALS-RF - INFO: Tree 4: 396 DBs instantiated.
2024-11-24 11:42:38,909 - pyALS-RF - INFO: Tree 5: 369 DBs instantiated.
2024-11-24 11:42:38,977 - pyALS-RF - INFO: Tree 6: 373 DBs instantiated.
2024-11-24 11:42:39,038 - pyALS-RF - INFO: Tree 7: 389 DBs instantiated.
2024-11-24 11:42:39,101 - pyALS-RF - INFO: Tree 8: 358 DBs instantiated.
2024-11-24 11:42:39,159 - pyALS-RF - INFO: Tree 9: 365 DBs instantiated.
2024-11-24 11:42:39,237 - pyALS-RF - INFO: Tree 10: 407 DBs instantiated.
2024-11-24 11:42:39,314 - pyALS-RF - INFO: Tree 11: 398 DBs instantiated.
2024-11-24 11:42:39,378 - pyALS-RF - INFO: Tree 12: 365 DBs instantiated.
2024-11-24 11:42:55,648 - pyALS-RF - INFO: Runing the TMR flow.
2024-11-24 11:42:55,678 - pyALS-RF - INFO: Tree 0: 20 DBs instantiated.
2024-11-24 11:42:55,681 - pyALS-RF - INFO: Tree 1: 21 DBs instantiated.
2024-11-24 11:42:55,682 - pyALS-RF - INFO: Tree 2: 23 DBs instantiated.
2024-11-24 11:42:55,683 - pyALS-RF - INFO: Tree 3: 17 DBs instantiated.
2024-11-24 11:42:55,685 - pyALS-RF - INFO: Tree 4: 23 DBs instantiated.
2024-11-24 11:42:55,686 - pyALS-RF - INFO: Tree 5: 20 DBs instantiated.
2024-11-24 11:42:55,687 - pyALS-RF - INFO: Tree 6: 22 DBs instantiated.
2024-11-24 11:42:55,689 - pyALS-RF - INFO: Tree 7: 17 DBs instantiated.
2024-11-24 11:42:55,690 - pyALS-RF - INFO: Tree 8: 23 DBs instantiated.
2024-11-24 11:42:55,691 - pyALS-RF - INFO: Tree 9: 21 DBs instantiated.
2024-11-24 11:42:55,693 - pyALS-RF - INFO: Tree 10: 25 DBs instantiated.
2024-11-24 11:42:55,694 - pyALS-RF - INFO: Tree 11: 27 DBs instantiated.
2024-11-24 11:42:55,696 - pyALS-RF - INFO: Tree 12: 26 DBs instantiated.
2024-11-24 11:42:55,697 - pyALS-RF - INFO: Tree 13: 24 DBs instantiated.
2024-11-24 11:42:55,699 - pyALS-RF - INFO: Tree 14: 21 DBs instantiated.
2024-11-24 11:42:55,700 - pyALS-RF - INFO: Tree 15: 23 DBs instantiated.
2024-11-24 11:42:55,701 - pyALS-RF - INFO: Tree 16: 18 DBs instantiated.
2024-11-24 11:42:55,702 - pyALS-RF - INFO: Tree 17: 16 DBs instantiated.
2024-11-24 11:42:55,704 - pyALS-RF - INFO: Tree 18: 20 DBs instantiated.
2024-11-24 11:42:55,705 - pyALS-RF - INFO: Tree 19: 22 DBs instantiated.
2024-11-24 11:42:55,706 - pyALS-RF - INFO: Tree 20: 19 DBs instantiated.
2024-11-24 11:42:55,708 - pyALS-RF - INFO: Tree 21: 19 DBs instantiated.
2024-11-24 11:42:55,709 - pyALS-RF - INFO: Tree 22: 19 DBs instantiated.
2024-11-24 11:42:55,710 - pyALS-RF - INFO: Tree 23: 18 DBs instantiated.
2024-11-24 11:42:55,711 - pyALS-RF - INFO: Tree 24: 18 DBs instantiated.
2024-11-24 11:42:55,713 - pyALS-RF - INFO: Tree 25: 22 DBs instantiated.
2024-11-24 11:42:55,714 - pyALS-RF - INFO: Tree 26: 24 DBs instantiated.
2024-11-24 11:42:55,715 - pyALS-RF - INFO: Tree 27: 21 DBs instantiated.
2024-11-24 11:42:55,717 - pyALS-RF - INFO: Tree 28: 24 DBs instantiated.
2024-11-24 11:42:55,718 - pyALS-RF - INFO: Tree 29: 15 DBs instantiated.
2024-11-24 11:42:55,719 - pyALS-RF - INFO: Tree 30: 17 DBs instantiated.
2024-11-24 11:42:55,721 - pyALS-RF - INFO: Tree 31: 21 DBs instantiated.
2024-11-24 11:42:55,722 - pyALS-RF - INFO: Tree 32: 25 DBs instantiated.
2024-11-24 11:42:55,724 - pyALS-RF - INFO: Tree 33: 24 DBs instantiated.
2024-11-24 11:42:55,725 - pyALS-RF - INFO: Tree 34: 17 DBs instantiated.
2024-11-24 11:42:55,727 - pyALS-RF - INFO: Tree 35: 21 DBs instantiated.
2024-11-24 11:42:55,728 - pyALS-RF - INFO: Tree 36: 24 DBs instantiated.
2024-11-24 11:42:55,730 - pyALS-RF - INFO: Tree 37: 19 DBs instantiated.
2024-11-24 11:42:55,731 - pyALS-RF - INFO: Tree 38: 27 DBs instantiated.
2024-11-24 11:42:55,733 - pyALS-RF - INFO: Tree 39: 22 DBs instantiated.
2024-11-24 11:43:23,292 - pyALS-RF - INFO: Runing the TMR flow.
2024-11-24 11:43:23,321 - pyALS-RF - INFO: Tree 0: 20 DBs instantiated.
2024-11-24 11:43:23,323 - pyALS-RF - INFO: Tree 1: 21 DBs instantiated.
2024-11-24 11:43:23,324 - pyALS-RF - INFO: Tree 2: 23 DBs instantiated.
2024-11-24 11:43:23,326 - pyALS-RF - INFO: Tree 3: 17 DBs instantiated.
2024-11-24 11:43:23,327 - pyALS-RF - INFO: Tree 4: 23 DBs instantiated.
2024-11-24 11:43:23,328 - pyALS-RF - INFO: Tree 5: 20 DBs instantiated.
2024-11-24 11:43:23,330 - pyALS-RF - INFO: Tree 6: 22 DBs instantiated.
2024-11-24 11:43:23,331 - pyALS-RF - INFO: Tree 7: 17 DBs instantiated.
2024-11-24 11:43:23,332 - pyALS-RF - INFO: Tree 8: 23 DBs instantiated.
2024-11-24 11:43:23,334 - pyALS-RF - INFO: Tree 9: 21 DBs instantiated.
2024-11-24 11:43:23,335 - pyALS-RF - INFO: Tree 10: 25 DBs instantiated.
2024-11-24 11:43:23,337 - pyALS-RF - INFO: Tree 11: 27 DBs instantiated.
2024-11-24 11:43:23,338 - pyALS-RF - INFO: Tree 12: 26 DBs instantiated.
2024-11-24 11:43:23,340 - pyALS-RF - INFO: Tree 13: 24 DBs instantiated.
2024-11-24 11:43:23,341 - pyALS-RF - INFO: Tree 14: 21 DBs instantiated.
2024-11-24 11:43:23,343 - pyALS-RF - INFO: Tree 15: 23 DBs instantiated.
2024-11-24 11:43:23,344 - pyALS-RF - INFO: Tree 16: 18 DBs instantiated.
2024-11-24 11:43:23,345 - pyALS-RF - INFO: Tree 17: 16 DBs instantiated.
2024-11-24 11:43:23,346 - pyALS-RF - INFO: Tree 18: 20 DBs instantiated.
2024-11-24 11:43:23,348 - pyALS-RF - INFO: Tree 19: 22 DBs instantiated.
2024-11-24 11:43:23,349 - pyALS-RF - INFO: Tree 20: 19 DBs instantiated.
2024-11-24 11:43:23,350 - pyALS-RF - INFO: Tree 21: 19 DBs instantiated.
2024-11-24 11:43:23,352 - pyALS-RF - INFO: Tree 22: 19 DBs instantiated.
2024-11-24 11:43:23,353 - pyALS-RF - INFO: Tree 23: 18 DBs instantiated.
2024-11-24 11:43:23,354 - pyALS-RF - INFO: Tree 24: 18 DBs instantiated.
2024-11-24 11:43:23,355 - pyALS-RF - INFO: Tree 25: 22 DBs instantiated.
2024-11-24 11:43:23,357 - pyALS-RF - INFO: Tree 26: 24 DBs instantiated.
2024-11-24 11:43:23,358 - pyALS-RF - INFO: Tree 27: 21 DBs instantiated.
2024-11-24 11:43:23,360 - pyALS-RF - INFO: Tree 28: 24 DBs instantiated.
2024-11-24 11:43:23,361 - pyALS-RF - INFO: Tree 29: 15 DBs instantiated.
2024-11-24 11:43:23,362 - pyALS-RF - INFO: Tree 30: 17 DBs instantiated.
2024-11-24 11:43:23,363 - pyALS-RF - INFO: Tree 31: 21 DBs instantiated.
2024-11-24 11:43:23,365 - pyALS-RF - INFO: Tree 32: 25 DBs instantiated.
2024-11-24 11:43:23,366 - pyALS-RF - INFO: Tree 33: 24 DBs instantiated.
2024-11-24 11:43:23,368 - pyALS-RF - INFO: Tree 34: 17 DBs instantiated.
2024-11-24 11:43:23,369 - pyALS-RF - INFO: Tree 35: 21 DBs instantiated.
2024-11-24 11:43:23,370 - pyALS-RF - INFO: Tree 36: 24 DBs instantiated.
2024-11-24 11:43:23,372 - pyALS-RF - INFO: Tree 37: 19 DBs instantiated.
2024-11-24 11:43:23,373 - pyALS-RF - INFO: Tree 38: 27 DBs instantiated.
2024-11-24 11:43:23,375 - pyALS-RF - INFO: Tree 39: 22 DBs instantiated.
2024-11-24 11:43:45,362 - pyALS-RF - INFO: Runing the TMR flow.
2024-11-24 11:43:45,392 - pyALS-RF - INFO: Tree 0: 20 DBs instantiated.
2024-11-24 11:43:45,395 - pyALS-RF - INFO: Tree 1: 21 DBs instantiated.
2024-11-24 11:43:45,396 - pyALS-RF - INFO: Tree 2: 23 DBs instantiated.
2024-11-24 11:43:45,397 - pyALS-RF - INFO: Tree 3: 17 DBs instantiated.
2024-11-24 11:43:45,399 - pyALS-RF - INFO: Tree 4: 23 DBs instantiated.
2024-11-24 11:43:45,400 - pyALS-RF - INFO: Tree 5: 20 DBs instantiated.
2024-11-24 11:43:45,401 - pyALS-RF - INFO: Tree 6: 22 DBs instantiated.
2024-11-24 11:43:45,403 - pyALS-RF - INFO: Tree 7: 17 DBs instantiated.
2024-11-24 11:43:45,404 - pyALS-RF - INFO: Tree 8: 23 DBs instantiated.
2024-11-24 11:43:45,405 - pyALS-RF - INFO: Tree 9: 21 DBs instantiated.
2024-11-24 11:43:45,407 - pyALS-RF - INFO: Tree 10: 25 DBs instantiated.
2024-11-24 11:43:45,408 - pyALS-RF - INFO: Tree 11: 27 DBs instantiated.
2024-11-24 11:43:45,410 - pyALS-RF - INFO: Tree 12: 26 DBs instantiated.
2024-11-24 11:43:45,411 - pyALS-RF - INFO: Tree 13: 24 DBs instantiated.
2024-11-24 11:43:45,413 - pyALS-RF - INFO: Tree 14: 21 DBs instantiated.
2024-11-24 11:43:45,414 - pyALS-RF - INFO: Tree 15: 23 DBs instantiated.
2024-11-24 11:43:45,415 - pyALS-RF - INFO: Tree 16: 18 DBs instantiated.
2024-11-24 11:43:45,417 - pyALS-RF - INFO: Tree 17: 16 DBs instantiated.
2024-11-24 11:43:45,418 - pyALS-RF - INFO: Tree 18: 20 DBs instantiated.
2024-11-24 11:43:45,419 - pyALS-RF - INFO: Tree 19: 22 DBs instantiated.
2024-11-24 11:43:45,421 - pyALS-RF - INFO: Tree 20: 19 DBs instantiated.
2024-11-24 11:43:45,422 - pyALS-RF - INFO: Tree 21: 19 DBs instantiated.
2024-11-24 11:43:45,423 - pyALS-RF - INFO: Tree 22: 19 DBs instantiated.
2024-11-24 11:43:45,425 - pyALS-RF - INFO: Tree 23: 18 DBs instantiated.
2024-11-24 11:43:45,426 - pyALS-RF - INFO: Tree 24: 18 DBs instantiated.
2024-11-24 11:43:45,428 - pyALS-RF - INFO: Tree 25: 22 DBs instantiated.
2024-11-24 11:43:45,429 - pyALS-RF - INFO: Tree 26: 24 DBs instantiated.
2024-11-24 11:43:45,430 - pyALS-RF - INFO: Tree 27: 21 DBs instantiated.
2024-11-24 11:43:45,432 - pyALS-RF - INFO: Tree 28: 24 DBs instantiated.
2024-11-24 11:43:45,433 - pyALS-RF - INFO: Tree 29: 15 DBs instantiated.
2024-11-24 11:43:45,434 - pyALS-RF - INFO: Tree 30: 17 DBs instantiated.
2024-11-24 11:43:45,435 - pyALS-RF - INFO: Tree 31: 21 DBs instantiated.
2024-11-24 11:43:45,437 - pyALS-RF - INFO: Tree 32: 25 DBs instantiated.
2024-11-24 11:43:45,439 - pyALS-RF - INFO: Tree 33: 24 DBs instantiated.
2024-11-24 11:43:45,440 - pyALS-RF - INFO: Tree 34: 17 DBs instantiated.
2024-11-24 11:43:45,441 - pyALS-RF - INFO: Tree 35: 21 DBs instantiated.
2024-11-24 11:43:45,443 - pyALS-RF - INFO: Tree 36: 24 DBs instantiated.
2024-11-24 11:43:45,444 - pyALS-RF - INFO: Tree 37: 19 DBs instantiated.
2024-11-24 11:43:45,445 - pyALS-RF - INFO: Tree 38: 27 DBs instantiated.
2024-11-24 11:43:45,447 - pyALS-RF - INFO: Tree 39: 22 DBs instantiated.
2024-11-24 11:43:51,378 - pyALS-RF - INFO: Runing the TMR flow.
2024-11-24 11:43:51,408 - pyALS-RF - INFO: Tree 0: 20 DBs instantiated.
2024-11-24 11:43:51,410 - pyALS-RF - INFO: Tree 1: 21 DBs instantiated.
2024-11-24 11:43:51,412 - pyALS-RF - INFO: Tree 2: 23 DBs instantiated.
2024-11-24 11:43:51,413 - pyALS-RF - INFO: Tree 3: 17 DBs instantiated.
2024-11-24 11:43:51,415 - pyALS-RF - INFO: Tree 4: 23 DBs instantiated.
2024-11-24 11:43:51,416 - pyALS-RF - INFO: Tree 5: 20 DBs instantiated.
2024-11-24 11:43:51,417 - pyALS-RF - INFO: Tree 6: 22 DBs instantiated.
2024-11-24 11:43:51,419 - pyALS-RF - INFO: Tree 7: 17 DBs instantiated.
2024-11-24 11:43:51,420 - pyALS-RF - INFO: Tree 8: 23 DBs instantiated.
2024-11-24 11:43:51,421 - pyALS-RF - INFO: Tree 9: 21 DBs instantiated.
2024-11-24 11:43:51,423 - pyALS-RF - INFO: Tree 10: 25 DBs instantiated.
2024-11-24 11:43:51,424 - pyALS-RF - INFO: Tree 11: 27 DBs instantiated.
2024-11-24 11:43:51,426 - pyALS-RF - INFO: Tree 12: 26 DBs instantiated.
2024-11-24 11:43:51,427 - pyALS-RF - INFO: Tree 13: 24 DBs instantiated.
2024-11-24 11:43:51,429 - pyALS-RF - INFO: Tree 14: 21 DBs instantiated.
2024-11-24 11:43:51,430 - pyALS-RF - INFO: Tree 15: 23 DBs instantiated.
2024-11-24 11:43:51,432 - pyALS-RF - INFO: Tree 16: 18 DBs instantiated.
2024-11-24 11:43:51,433 - pyALS-RF - INFO: Tree 17: 16 DBs instantiated.
2024-11-24 11:43:51,434 - pyALS-RF - INFO: Tree 18: 20 DBs instantiated.
2024-11-24 11:43:51,436 - pyALS-RF - INFO: Tree 19: 22 DBs instantiated.
2024-11-24 11:43:51,437 - pyALS-RF - INFO: Tree 20: 19 DBs instantiated.
2024-11-24 11:43:51,438 - pyALS-RF - INFO: Tree 21: 19 DBs instantiated.
2024-11-24 11:43:51,439 - pyALS-RF - INFO: Tree 22: 19 DBs instantiated.
2024-11-24 11:43:51,441 - pyALS-RF - INFO: Tree 23: 18 DBs instantiated.
2024-11-24 11:43:51,442 - pyALS-RF - INFO: Tree 24: 18 DBs instantiated.
2024-11-24 11:43:51,443 - pyALS-RF - INFO: Tree 25: 22 DBs instantiated.
2024-11-24 11:43:51,445 - pyALS-RF - INFO: Tree 26: 24 DBs instantiated.
2024-11-24 11:43:51,446 - pyALS-RF - INFO: Tree 27: 21 DBs instantiated.
2024-11-24 11:43:51,447 - pyALS-RF - INFO: Tree 28: 24 DBs instantiated.
2024-11-24 11:43:51,449 - pyALS-RF - INFO: Tree 29: 15 DBs instantiated.
2024-11-24 11:43:51,450 - pyALS-RF - INFO: Tree 30: 17 DBs instantiated.
2024-11-24 11:43:51,451 - pyALS-RF - INFO: Tree 31: 21 DBs instantiated.
2024-11-24 11:43:51,452 - pyALS-RF - INFO: Tree 32: 25 DBs instantiated.
2024-11-24 11:43:51,454 - pyALS-RF - INFO: Tree 33: 24 DBs instantiated.
2024-11-24 11:43:51,455 - pyALS-RF - INFO: Tree 34: 17 DBs instantiated.
2024-11-24 11:43:51,457 - pyALS-RF - INFO: Tree 35: 21 DBs instantiated.
2024-11-24 11:43:51,458 - pyALS-RF - INFO: Tree 36: 24 DBs instantiated.
2024-11-24 11:43:51,460 - pyALS-RF - INFO: Tree 37: 19 DBs instantiated.
2024-11-24 11:43:51,461 - pyALS-RF - INFO: Tree 38: 27 DBs instantiated.
2024-11-24 11:43:51,462 - pyALS-RF - INFO: Tree 39: 22 DBs instantiated.
2024-11-24 11:43:53,531 - pyALS-RF - INFO: Runing the TMR flow.
2024-11-24 11:43:53,560 - pyALS-RF - INFO: Tree 0: 20 DBs instantiated.
2024-11-24 11:43:53,563 - pyALS-RF - INFO: Tree 1: 21 DBs instantiated.
2024-11-24 11:43:53,564 - pyALS-RF - INFO: Tree 2: 23 DBs instantiated.
2024-11-24 11:43:53,565 - pyALS-RF - INFO: Tree 3: 17 DBs instantiated.
2024-11-24 11:43:53,566 - pyALS-RF - INFO: Tree 4: 23 DBs instantiated.
2024-11-24 11:43:53,568 - pyALS-RF - INFO: Tree 5: 20 DBs instantiated.
2024-11-24 11:43:53,569 - pyALS-RF - INFO: Tree 6: 22 DBs instantiated.
2024-11-24 11:43:53,570 - pyALS-RF - INFO: Tree 7: 17 DBs instantiated.
2024-11-24 11:43:53,572 - pyALS-RF - INFO: Tree 8: 23 DBs instantiated.
2024-11-24 11:43:53,573 - pyALS-RF - INFO: Tree 9: 21 DBs instantiated.
2024-11-24 11:43:53,575 - pyALS-RF - INFO: Tree 10: 25 DBs instantiated.
2024-11-24 11:43:53,576 - pyALS-RF - INFO: Tree 11: 27 DBs instantiated.
2024-11-24 11:43:53,578 - pyALS-RF - INFO: Tree 12: 26 DBs instantiated.
2024-11-24 11:43:53,579 - pyALS-RF - INFO: Tree 13: 24 DBs instantiated.
2024-11-24 11:43:53,581 - pyALS-RF - INFO: Tree 14: 21 DBs instantiated.
2024-11-24 11:43:53,582 - pyALS-RF - INFO: Tree 15: 23 DBs instantiated.
2024-11-24 11:43:53,583 - pyALS-RF - INFO: Tree 16: 18 DBs instantiated.
2024-11-24 11:43:53,585 - pyALS-RF - INFO: Tree 17: 16 DBs instantiated.
2024-11-24 11:43:53,586 - pyALS-RF - INFO: Tree 18: 20 DBs instantiated.
2024-11-24 11:43:53,587 - pyALS-RF - INFO: Tree 19: 22 DBs instantiated.
2024-11-24 11:43:53,589 - pyALS-RF - INFO: Tree 20: 19 DBs instantiated.
2024-11-24 11:43:53,590 - pyALS-RF - INFO: Tree 21: 19 DBs instantiated.
2024-11-24 11:43:53,591 - pyALS-RF - INFO: Tree 22: 19 DBs instantiated.
2024-11-24 11:43:53,592 - pyALS-RF - INFO: Tree 23: 18 DBs instantiated.
2024-11-24 11:43:53,594 - pyALS-RF - INFO: Tree 24: 18 DBs instantiated.
2024-11-24 11:43:53,595 - pyALS-RF - INFO: Tree 25: 22 DBs instantiated.
2024-11-24 11:43:53,596 - pyALS-RF - INFO: Tree 26: 24 DBs instantiated.
2024-11-24 11:43:53,598 - pyALS-RF - INFO: Tree 27: 21 DBs instantiated.
2024-11-24 11:43:53,599 - pyALS-RF - INFO: Tree 28: 24 DBs instantiated.
2024-11-24 11:43:53,600 - pyALS-RF - INFO: Tree 29: 15 DBs instantiated.
2024-11-24 11:43:53,601 - pyALS-RF - INFO: Tree 30: 17 DBs instantiated.
2024-11-24 11:43:53,603 - pyALS-RF - INFO: Tree 31: 21 DBs instantiated.
2024-11-24 11:43:53,604 - pyALS-RF - INFO: Tree 32: 25 DBs instantiated.
2024-11-24 11:43:53,606 - pyALS-RF - INFO: Tree 33: 24 DBs instantiated.
2024-11-24 11:43:53,607 - pyALS-RF - INFO: Tree 34: 17 DBs instantiated.
2024-11-24 11:43:53,608 - pyALS-RF - INFO: Tree 35: 21 DBs instantiated.
2024-11-24 11:43:53,610 - pyALS-RF - INFO: Tree 36: 24 DBs instantiated.
2024-11-24 11:43:53,611 - pyALS-RF - INFO: Tree 37: 19 DBs instantiated.
2024-11-24 11:43:53,612 - pyALS-RF - INFO: Tree 38: 27 DBs instantiated.
2024-11-24 11:43:53,614 - pyALS-RF - INFO: Tree 39: 22 DBs instantiated.
2024-11-24 11:43:56,169 - pyALS-RF - INFO: Runing the TMR flow.
2024-11-24 11:43:56,198 - pyALS-RF - INFO: Tree 0: 20 DBs instantiated.
2024-11-24 11:43:56,201 - pyALS-RF - INFO: Tree 1: 21 DBs instantiated.
2024-11-24 11:43:56,202 - pyALS-RF - INFO: Tree 2: 23 DBs instantiated.
2024-11-24 11:43:56,203 - pyALS-RF - INFO: Tree 3: 17 DBs instantiated.
2024-11-24 11:43:56,204 - pyALS-RF - INFO: Tree 4: 23 DBs instantiated.
2024-11-24 11:43:56,206 - pyALS-RF - INFO: Tree 5: 20 DBs instantiated.
2024-11-24 11:43:56,207 - pyALS-RF - INFO: Tree 6: 22 DBs instantiated.
2024-11-24 11:43:56,209 - pyALS-RF - INFO: Tree 7: 17 DBs instantiated.
2024-11-24 11:43:56,210 - pyALS-RF - INFO: Tree 8: 23 DBs instantiated.
2024-11-24 11:43:56,211 - pyALS-RF - INFO: Tree 9: 21 DBs instantiated.
2024-11-24 11:43:56,213 - pyALS-RF - INFO: Tree 10: 25 DBs instantiated.
2024-11-24 11:43:56,214 - pyALS-RF - INFO: Tree 11: 27 DBs instantiated.
2024-11-24 11:43:56,216 - pyALS-RF - INFO: Tree 12: 26 DBs instantiated.
2024-11-24 11:43:56,218 - pyALS-RF - INFO: Tree 13: 24 DBs instantiated.
2024-11-24 11:43:56,219 - pyALS-RF - INFO: Tree 14: 21 DBs instantiated.
2024-11-24 11:43:56,220 - pyALS-RF - INFO: Tree 15: 23 DBs instantiated.
2024-11-24 11:43:56,222 - pyALS-RF - INFO: Tree 16: 18 DBs instantiated.
2024-11-24 11:43:56,223 - pyALS-RF - INFO: Tree 17: 16 DBs instantiated.
2024-11-24 11:43:56,224 - pyALS-RF - INFO: Tree 18: 20 DBs instantiated.
2024-11-24 11:43:56,226 - pyALS-RF - INFO: Tree 19: 22 DBs instantiated.
2024-11-24 11:43:56,227 - pyALS-RF - INFO: Tree 20: 19 DBs instantiated.
2024-11-24 11:43:56,228 - pyALS-RF - INFO: Tree 21: 19 DBs instantiated.
2024-11-24 11:43:56,229 - pyALS-RF - INFO: Tree 22: 19 DBs instantiated.
2024-11-24 11:43:56,231 - pyALS-RF - INFO: Tree 23: 18 DBs instantiated.
2024-11-24 11:43:56,233 - pyALS-RF - INFO: Tree 24: 18 DBs instantiated.
2024-11-24 11:43:56,234 - pyALS-RF - INFO: Tree 25: 22 DBs instantiated.
2024-11-24 11:43:56,235 - pyALS-RF - INFO: Tree 26: 24 DBs instantiated.
2024-11-24 11:43:56,237 - pyALS-RF - INFO: Tree 27: 21 DBs instantiated.
2024-11-24 11:43:56,238 - pyALS-RF - INFO: Tree 28: 24 DBs instantiated.
2024-11-24 11:43:56,239 - pyALS-RF - INFO: Tree 29: 15 DBs instantiated.
2024-11-24 11:43:56,241 - pyALS-RF - INFO: Tree 30: 17 DBs instantiated.
2024-11-24 11:43:56,242 - pyALS-RF - INFO: Tree 31: 21 DBs instantiated.
2024-11-24 11:43:56,243 - pyALS-RF - INFO: Tree 32: 25 DBs instantiated.
2024-11-24 11:43:56,245 - pyALS-RF - INFO: Tree 33: 24 DBs instantiated.
2024-11-24 11:43:56,246 - pyALS-RF - INFO: Tree 34: 17 DBs instantiated.
2024-11-24 11:43:56,248 - pyALS-RF - INFO: Tree 35: 21 DBs instantiated.
2024-11-24 11:43:56,249 - pyALS-RF - INFO: Tree 36: 24 DBs instantiated.
2024-11-24 11:43:56,251 - pyALS-RF - INFO: Tree 37: 19 DBs instantiated.
2024-11-24 11:43:56,252 - pyALS-RF - INFO: Tree 38: 27 DBs instantiated.
2024-11-24 11:43:56,253 - pyALS-RF - INFO: Tree 39: 22 DBs instantiated.
2024-11-24 11:46:28,772 - pyALS-RF - INFO: Runing the TMR flow.
2024-11-24 11:46:28,802 - pyALS-RF - INFO: Tree 0: 20 DBs instantiated.
2024-11-24 11:46:28,804 - pyALS-RF - INFO: Tree 1: 21 DBs instantiated.
2024-11-24 11:46:28,806 - pyALS-RF - INFO: Tree 2: 23 DBs instantiated.
2024-11-24 11:46:28,807 - pyALS-RF - INFO: Tree 3: 17 DBs instantiated.
2024-11-24 11:46:28,808 - pyALS-RF - INFO: Tree 4: 23 DBs instantiated.
2024-11-24 11:46:28,810 - pyALS-RF - INFO: Tree 5: 20 DBs instantiated.
2024-11-24 11:46:28,811 - pyALS-RF - INFO: Tree 6: 22 DBs instantiated.
2024-11-24 11:46:28,813 - pyALS-RF - INFO: Tree 7: 17 DBs instantiated.
2024-11-24 11:46:28,814 - pyALS-RF - INFO: Tree 8: 23 DBs instantiated.
2024-11-24 11:46:28,816 - pyALS-RF - INFO: Tree 9: 21 DBs instantiated.
2024-11-24 11:46:28,818 - pyALS-RF - INFO: Tree 10: 25 DBs instantiated.
2024-11-24 11:46:28,820 - pyALS-RF - INFO: Tree 11: 27 DBs instantiated.
2024-11-24 11:46:28,821 - pyALS-RF - INFO: Tree 12: 26 DBs instantiated.
2024-11-24 11:46:28,823 - pyALS-RF - INFO: Tree 13: 24 DBs instantiated.
2024-11-24 11:46:28,824 - pyALS-RF - INFO: Tree 14: 21 DBs instantiated.
2024-11-24 11:46:28,826 - pyALS-RF - INFO: Tree 15: 23 DBs instantiated.
2024-11-24 11:46:28,827 - pyALS-RF - INFO: Tree 16: 18 DBs instantiated.
2024-11-24 11:46:28,828 - pyALS-RF - INFO: Tree 17: 16 DBs instantiated.
2024-11-24 11:46:28,829 - pyALS-RF - INFO: Tree 18: 20 DBs instantiated.
2024-11-24 11:46:28,831 - pyALS-RF - INFO: Tree 19: 22 DBs instantiated.
2024-11-24 11:46:28,833 - pyALS-RF - INFO: Tree 20: 19 DBs instantiated.
2024-11-24 11:46:28,834 - pyALS-RF - INFO: Tree 21: 19 DBs instantiated.
2024-11-24 11:46:28,835 - pyALS-RF - INFO: Tree 22: 19 DBs instantiated.
2024-11-24 11:46:28,836 - pyALS-RF - INFO: Tree 23: 18 DBs instantiated.
2024-11-24 11:46:28,838 - pyALS-RF - INFO: Tree 24: 18 DBs instantiated.
2024-11-24 11:46:28,839 - pyALS-RF - INFO: Tree 25: 22 DBs instantiated.
2024-11-24 11:46:28,840 - pyALS-RF - INFO: Tree 26: 24 DBs instantiated.
2024-11-24 11:46:28,842 - pyALS-RF - INFO: Tree 27: 21 DBs instantiated.
2024-11-24 11:46:28,843 - pyALS-RF - INFO: Tree 28: 24 DBs instantiated.
2024-11-24 11:46:28,844 - pyALS-RF - INFO: Tree 29: 15 DBs instantiated.
2024-11-24 11:46:28,845 - pyALS-RF - INFO: Tree 30: 17 DBs instantiated.
2024-11-24 11:46:28,847 - pyALS-RF - INFO: Tree 31: 21 DBs instantiated.
2024-11-24 11:46:28,848 - pyALS-RF - INFO: Tree 32: 25 DBs instantiated.
2024-11-24 11:46:28,850 - pyALS-RF - INFO: Tree 33: 24 DBs instantiated.
2024-11-24 11:46:28,852 - pyALS-RF - INFO: Tree 34: 17 DBs instantiated.
2024-11-24 11:46:28,853 - pyALS-RF - INFO: Tree 35: 21 DBs instantiated.
2024-11-24 11:46:28,854 - pyALS-RF - INFO: Tree 36: 24 DBs instantiated.
2024-11-24 11:46:28,856 - pyALS-RF - INFO: Tree 37: 19 DBs instantiated.
2024-11-24 11:46:28,857 - pyALS-RF - INFO: Tree 38: 27 DBs instantiated.
2024-11-24 11:46:28,859 - pyALS-RF - INFO: Tree 39: 22 DBs instantiated.
2024-11-24 11:54:54,963 - pyALS-RF - INFO: Runing the TMR flow.
2024-11-24 11:54:54,992 - pyALS-RF - INFO: Tree 0: 20 DBs instantiated.
2024-11-24 11:54:54,994 - pyALS-RF - INFO: Tree 1: 21 DBs instantiated.
2024-11-24 11:54:54,995 - pyALS-RF - INFO: Tree 2: 23 DBs instantiated.
2024-11-24 11:54:54,997 - pyALS-RF - INFO: Tree 3: 17 DBs instantiated.
2024-11-24 11:54:54,998 - pyALS-RF - INFO: Tree 4: 23 DBs instantiated.
2024-11-24 11:54:54,999 - pyALS-RF - INFO: Tree 5: 20 DBs instantiated.
2024-11-24 11:54:55,001 - pyALS-RF - INFO: Tree 6: 22 DBs instantiated.
2024-11-24 11:54:55,002 - pyALS-RF - INFO: Tree 7: 17 DBs instantiated.
2024-11-24 11:54:55,004 - pyALS-RF - INFO: Tree 8: 23 DBs instantiated.
2024-11-24 11:54:55,005 - pyALS-RF - INFO: Tree 9: 21 DBs instantiated.
2024-11-24 11:54:55,007 - pyALS-RF - INFO: Tree 10: 25 DBs instantiated.
2024-11-24 11:54:55,008 - pyALS-RF - INFO: Tree 11: 27 DBs instantiated.
2024-11-24 11:54:55,010 - pyALS-RF - INFO: Tree 12: 26 DBs instantiated.
2024-11-24 11:54:55,011 - pyALS-RF - INFO: Tree 13: 24 DBs instantiated.
2024-11-24 11:54:55,013 - pyALS-RF - INFO: Tree 14: 21 DBs instantiated.
2024-11-24 11:54:55,014 - pyALS-RF - INFO: Tree 15: 23 DBs instantiated.
2024-11-24 11:54:55,015 - pyALS-RF - INFO: Tree 16: 18 DBs instantiated.
2024-11-24 11:54:55,016 - pyALS-RF - INFO: Tree 17: 16 DBs instantiated.
2024-11-24 11:54:55,018 - pyALS-RF - INFO: Tree 18: 20 DBs instantiated.
2024-11-24 11:54:55,020 - pyALS-RF - INFO: Tree 19: 22 DBs instantiated.
2024-11-24 11:54:55,021 - pyALS-RF - INFO: Tree 20: 19 DBs instantiated.
2024-11-24 11:54:55,022 - pyALS-RF - INFO: Tree 21: 19 DBs instantiated.
2024-11-24 11:54:55,024 - pyALS-RF - INFO: Tree 22: 19 DBs instantiated.
2024-11-24 11:54:55,025 - pyALS-RF - INFO: Tree 23: 18 DBs instantiated.
2024-11-24 11:54:55,026 - pyALS-RF - INFO: Tree 24: 18 DBs instantiated.
2024-11-24 11:54:55,027 - pyALS-RF - INFO: Tree 25: 22 DBs instantiated.
2024-11-24 11:54:55,029 - pyALS-RF - INFO: Tree 26: 24 DBs instantiated.
2024-11-24 11:54:55,030 - pyALS-RF - INFO: Tree 27: 21 DBs instantiated.
2024-11-24 11:54:55,032 - pyALS-RF - INFO: Tree 28: 24 DBs instantiated.
2024-11-24 11:54:55,033 - pyALS-RF - INFO: Tree 29: 15 DBs instantiated.
2024-11-24 11:54:55,034 - pyALS-RF - INFO: Tree 30: 17 DBs instantiated.
2024-11-24 11:54:55,035 - pyALS-RF - INFO: Tree 31: 21 DBs instantiated.
2024-11-24 11:54:55,037 - pyALS-RF - INFO: Tree 32: 25 DBs instantiated.
2024-11-24 11:54:55,038 - pyALS-RF - INFO: Tree 33: 24 DBs instantiated.
2024-11-24 11:54:55,040 - pyALS-RF - INFO: Tree 34: 17 DBs instantiated.
2024-11-24 11:54:55,041 - pyALS-RF - INFO: Tree 35: 21 DBs instantiated.
2024-11-24 11:54:55,042 - pyALS-RF - INFO: Tree 36: 24 DBs instantiated.
2024-11-24 11:54:55,044 - pyALS-RF - INFO: Tree 37: 19 DBs instantiated.
2024-11-24 11:54:55,045 - pyALS-RF - INFO: Tree 38: 27 DBs instantiated.
2024-11-24 11:54:55,047 - pyALS-RF - INFO: Tree 39: 22 DBs instantiated.
2024-11-24 11:55:17,210 - pyALS-RF - INFO: Runing the TMR flow.
2024-11-24 11:55:17,241 - pyALS-RF - INFO: Tree 0: 20 DBs instantiated.
2024-11-24 11:55:17,243 - pyALS-RF - INFO: Tree 1: 21 DBs instantiated.
2024-11-24 11:55:17,244 - pyALS-RF - INFO: Tree 2: 23 DBs instantiated.
2024-11-24 11:55:17,245 - pyALS-RF - INFO: Tree 3: 17 DBs instantiated.
2024-11-24 11:55:17,247 - pyALS-RF - INFO: Tree 4: 23 DBs instantiated.
2024-11-24 11:55:17,248 - pyALS-RF - INFO: Tree 5: 20 DBs instantiated.
2024-11-24 11:55:17,249 - pyALS-RF - INFO: Tree 6: 22 DBs instantiated.
2024-11-24 11:55:17,251 - pyALS-RF - INFO: Tree 7: 17 DBs instantiated.
2024-11-24 11:55:17,252 - pyALS-RF - INFO: Tree 8: 23 DBs instantiated.
2024-11-24 11:55:17,253 - pyALS-RF - INFO: Tree 9: 21 DBs instantiated.
2024-11-24 11:55:17,255 - pyALS-RF - INFO: Tree 10: 25 DBs instantiated.
2024-11-24 11:55:17,256 - pyALS-RF - INFO: Tree 11: 27 DBs instantiated.
2024-11-24 11:55:17,258 - pyALS-RF - INFO: Tree 12: 26 DBs instantiated.
2024-11-24 11:55:17,259 - pyALS-RF - INFO: Tree 13: 24 DBs instantiated.
2024-11-24 11:55:17,261 - pyALS-RF - INFO: Tree 14: 21 DBs instantiated.
2024-11-24 11:55:17,262 - pyALS-RF - INFO: Tree 15: 23 DBs instantiated.
2024-11-24 11:55:17,263 - pyALS-RF - INFO: Tree 16: 18 DBs instantiated.
2024-11-24 11:55:17,265 - pyALS-RF - INFO: Tree 17: 16 DBs instantiated.
2024-11-24 11:55:17,266 - pyALS-RF - INFO: Tree 18: 20 DBs instantiated.
2024-11-24 11:55:17,267 - pyALS-RF - INFO: Tree 19: 22 DBs instantiated.
2024-11-24 11:55:17,268 - pyALS-RF - INFO: Tree 20: 19 DBs instantiated.
2024-11-24 11:55:17,270 - pyALS-RF - INFO: Tree 21: 19 DBs instantiated.
2024-11-24 11:55:17,271 - pyALS-RF - INFO: Tree 22: 19 DBs instantiated.
2024-11-24 11:55:17,272 - pyALS-RF - INFO: Tree 23: 18 DBs instantiated.
2024-11-24 11:55:17,273 - pyALS-RF - INFO: Tree 24: 18 DBs instantiated.
2024-11-24 11:55:17,275 - pyALS-RF - INFO: Tree 25: 22 DBs instantiated.
2024-11-24 11:55:17,276 - pyALS-RF - INFO: Tree 26: 24 DBs instantiated.
2024-11-24 11:55:17,278 - pyALS-RF - INFO: Tree 27: 21 DBs instantiated.
2024-11-24 11:55:17,280 - pyALS-RF - INFO: Tree 28: 24 DBs instantiated.
2024-11-24 11:55:17,281 - pyALS-RF - INFO: Tree 29: 15 DBs instantiated.
2024-11-24 11:55:17,282 - pyALS-RF - INFO: Tree 30: 17 DBs instantiated.
2024-11-24 11:55:17,284 - pyALS-RF - INFO: Tree 31: 21 DBs instantiated.
2024-11-24 11:55:17,285 - pyALS-RF - INFO: Tree 32: 25 DBs instantiated.
2024-11-24 11:55:17,287 - pyALS-RF - INFO: Tree 33: 24 DBs instantiated.
2024-11-24 11:55:17,288 - pyALS-RF - INFO: Tree 34: 17 DBs instantiated.
2024-11-24 11:55:17,289 - pyALS-RF - INFO: Tree 35: 21 DBs instantiated.
2024-11-24 11:55:17,291 - pyALS-RF - INFO: Tree 36: 24 DBs instantiated.
2024-11-24 11:55:17,292 - pyALS-RF - INFO: Tree 37: 19 DBs instantiated.
2024-11-24 11:55:17,294 - pyALS-RF - INFO: Tree 38: 27 DBs instantiated.
2024-11-24 11:55:17,295 - pyALS-RF - INFO: Tree 39: 22 DBs instantiated.
2024-11-24 11:55:26,665 - pyALS-RF - INFO: Runing the TMR flow.
2024-11-24 11:55:26,695 - pyALS-RF - INFO: Tree 0: 20 DBs instantiated.
2024-11-24 11:55:26,697 - pyALS-RF - INFO: Tree 1: 21 DBs instantiated.
2024-11-24 11:55:26,699 - pyALS-RF - INFO: Tree 2: 23 DBs instantiated.
2024-11-24 11:55:26,700 - pyALS-RF - INFO: Tree 3: 17 DBs instantiated.
2024-11-24 11:55:26,701 - pyALS-RF - INFO: Tree 4: 23 DBs instantiated.
2024-11-24 11:55:26,702 - pyALS-RF - INFO: Tree 5: 20 DBs instantiated.
2024-11-24 11:55:26,704 - pyALS-RF - INFO: Tree 6: 22 DBs instantiated.
2024-11-24 11:55:26,705 - pyALS-RF - INFO: Tree 7: 17 DBs instantiated.
2024-11-24 11:55:26,706 - pyALS-RF - INFO: Tree 8: 23 DBs instantiated.
2024-11-24 11:55:26,708 - pyALS-RF - INFO: Tree 9: 21 DBs instantiated.
2024-11-24 11:55:26,709 - pyALS-RF - INFO: Tree 10: 25 DBs instantiated.
2024-11-24 11:55:26,711 - pyALS-RF - INFO: Tree 11: 27 DBs instantiated.
2024-11-24 11:55:26,712 - pyALS-RF - INFO: Tree 12: 26 DBs instantiated.
2024-11-24 11:55:26,714 - pyALS-RF - INFO: Tree 13: 24 DBs instantiated.
2024-11-24 11:55:26,715 - pyALS-RF - INFO: Tree 14: 21 DBs instantiated.
2024-11-24 11:55:26,717 - pyALS-RF - INFO: Tree 15: 23 DBs instantiated.
2024-11-24 11:55:26,718 - pyALS-RF - INFO: Tree 16: 18 DBs instantiated.
2024-11-24 11:55:26,719 - pyALS-RF - INFO: Tree 17: 16 DBs instantiated.
2024-11-24 11:55:26,721 - pyALS-RF - INFO: Tree 18: 20 DBs instantiated.
2024-11-24 11:55:26,722 - pyALS-RF - INFO: Tree 19: 22 DBs instantiated.
2024-11-24 11:55:26,724 - pyALS-RF - INFO: Tree 20: 19 DBs instantiated.
2024-11-24 11:55:26,725 - pyALS-RF - INFO: Tree 21: 19 DBs instantiated.
2024-11-24 11:55:26,726 - pyALS-RF - INFO: Tree 22: 19 DBs instantiated.
2024-11-24 11:55:26,727 - pyALS-RF - INFO: Tree 23: 18 DBs instantiated.
2024-11-24 11:55:26,729 - pyALS-RF - INFO: Tree 24: 18 DBs instantiated.
2024-11-24 11:55:26,730 - pyALS-RF - INFO: Tree 25: 22 DBs instantiated.
2024-11-24 11:55:26,731 - pyALS-RF - INFO: Tree 26: 24 DBs instantiated.
2024-11-24 11:55:26,733 - pyALS-RF - INFO: Tree 27: 21 DBs instantiated.
2024-11-24 11:55:26,734 - pyALS-RF - INFO: Tree 28: 24 DBs instantiated.
2024-11-24 11:55:26,735 - pyALS-RF - INFO: Tree 29: 15 DBs instantiated.
2024-11-24 11:55:26,736 - pyALS-RF - INFO: Tree 30: 17 DBs instantiated.
2024-11-24 11:55:26,738 - pyALS-RF - INFO: Tree 31: 21 DBs instantiated.
2024-11-24 11:55:26,739 - pyALS-RF - INFO: Tree 32: 25 DBs instantiated.
2024-11-24 11:55:26,741 - pyALS-RF - INFO: Tree 33: 24 DBs instantiated.
2024-11-24 11:55:26,742 - pyALS-RF - INFO: Tree 34: 17 DBs instantiated.
2024-11-24 11:55:26,743 - pyALS-RF - INFO: Tree 35: 21 DBs instantiated.
2024-11-24 11:55:26,745 - pyALS-RF - INFO: Tree 36: 24 DBs instantiated.
2024-11-24 11:55:26,746 - pyALS-RF - INFO: Tree 37: 19 DBs instantiated.
2024-11-24 11:55:26,747 - pyALS-RF - INFO: Tree 38: 27 DBs instantiated.
2024-11-24 11:55:26,749 - pyALS-RF - INFO: Tree 39: 22 DBs instantiated.
2024-11-24 11:55:49,491 - pyALS-RF - INFO: Runing the TMR flow.
2024-11-24 11:55:49,520 - pyALS-RF - INFO: Tree 0: 20 DBs instantiated.
2024-11-24 11:55:49,523 - pyALS-RF - INFO: Tree 1: 21 DBs instantiated.
2024-11-24 11:55:49,524 - pyALS-RF - INFO: Tree 2: 23 DBs instantiated.
2024-11-24 11:55:49,525 - pyALS-RF - INFO: Tree 3: 17 DBs instantiated.
2024-11-24 11:55:49,526 - pyALS-RF - INFO: Tree 4: 23 DBs instantiated.
2024-11-24 11:55:49,528 - pyALS-RF - INFO: Tree 5: 20 DBs instantiated.
2024-11-24 11:55:49,530 - pyALS-RF - INFO: Tree 6: 22 DBs instantiated.
2024-11-24 11:55:49,531 - pyALS-RF - INFO: Tree 7: 17 DBs instantiated.
2024-11-24 11:55:49,532 - pyALS-RF - INFO: Tree 8: 23 DBs instantiated.
2024-11-24 11:55:49,534 - pyALS-RF - INFO: Tree 9: 21 DBs instantiated.
2024-11-24 11:55:49,535 - pyALS-RF - INFO: Tree 10: 25 DBs instantiated.
2024-11-24 11:55:49,537 - pyALS-RF - INFO: Tree 11: 27 DBs instantiated.
2024-11-24 11:55:49,538 - pyALS-RF - INFO: Tree 12: 26 DBs instantiated.
2024-11-24 11:55:49,540 - pyALS-RF - INFO: Tree 13: 24 DBs instantiated.
2024-11-24 11:55:49,541 - pyALS-RF - INFO: Tree 14: 21 DBs instantiated.
2024-11-24 11:55:49,543 - pyALS-RF - INFO: Tree 15: 23 DBs instantiated.
2024-11-24 11:55:49,544 - pyALS-RF - INFO: Tree 16: 18 DBs instantiated.
2024-11-24 11:55:49,545 - pyALS-RF - INFO: Tree 17: 16 DBs instantiated.
2024-11-24 11:55:49,547 - pyALS-RF - INFO: Tree 18: 20 DBs instantiated.
2024-11-24 11:55:49,548 - pyALS-RF - INFO: Tree 19: 22 DBs instantiated.
2024-11-24 11:55:49,549 - pyALS-RF - INFO: Tree 20: 19 DBs instantiated.
2024-11-24 11:55:49,551 - pyALS-RF - INFO: Tree 21: 19 DBs instantiated.
2024-11-24 11:55:49,552 - pyALS-RF - INFO: Tree 22: 19 DBs instantiated.
2024-11-24 11:55:49,553 - pyALS-RF - INFO: Tree 23: 18 DBs instantiated.
2024-11-24 11:55:49,555 - pyALS-RF - INFO: Tree 24: 18 DBs instantiated.
2024-11-24 11:55:49,556 - pyALS-RF - INFO: Tree 25: 22 DBs instantiated.
2024-11-24 11:55:49,557 - pyALS-RF - INFO: Tree 26: 24 DBs instantiated.
2024-11-24 11:55:49,559 - pyALS-RF - INFO: Tree 27: 21 DBs instantiated.
2024-11-24 11:55:49,560 - pyALS-RF - INFO: Tree 28: 24 DBs instantiated.
2024-11-24 11:55:49,561 - pyALS-RF - INFO: Tree 29: 15 DBs instantiated.
2024-11-24 11:55:49,563 - pyALS-RF - INFO: Tree 30: 17 DBs instantiated.
2024-11-24 11:55:49,564 - pyALS-RF - INFO: Tree 31: 21 DBs instantiated.
2024-11-24 11:55:49,566 - pyALS-RF - INFO: Tree 32: 25 DBs instantiated.
2024-11-24 11:55:49,567 - pyALS-RF - INFO: Tree 33: 24 DBs instantiated.
2024-11-24 11:55:49,569 - pyALS-RF - INFO: Tree 34: 17 DBs instantiated.
2024-11-24 11:55:49,570 - pyALS-RF - INFO: Tree 35: 21 DBs instantiated.
2024-11-24 11:55:49,571 - pyALS-RF - INFO: Tree 36: 24 DBs instantiated.
2024-11-24 11:55:49,573 - pyALS-RF - INFO: Tree 37: 19 DBs instantiated.
2024-11-24 11:55:49,574 - pyALS-RF - INFO: Tree 38: 27 DBs instantiated.
2024-11-24 11:55:49,575 - pyALS-RF - INFO: Tree 39: 22 DBs instantiated.
2024-11-24 11:56:45,710 - pyALS-RF - INFO: Runing the TMR flow.
2024-11-24 11:56:45,740 - pyALS-RF - INFO: Tree 0: 20 DBs instantiated.
2024-11-24 11:56:45,742 - pyALS-RF - INFO: Tree 1: 21 DBs instantiated.
2024-11-24 11:56:45,743 - pyALS-RF - INFO: Tree 2: 23 DBs instantiated.
2024-11-24 11:56:45,745 - pyALS-RF - INFO: Tree 3: 17 DBs instantiated.
2024-11-24 11:56:45,746 - pyALS-RF - INFO: Tree 4: 23 DBs instantiated.
2024-11-24 11:56:45,747 - pyALS-RF - INFO: Tree 5: 20 DBs instantiated.
2024-11-24 11:56:45,749 - pyALS-RF - INFO: Tree 6: 22 DBs instantiated.
2024-11-24 11:56:45,750 - pyALS-RF - INFO: Tree 7: 17 DBs instantiated.
2024-11-24 11:56:45,751 - pyALS-RF - INFO: Tree 8: 23 DBs instantiated.
2024-11-24 11:56:45,752 - pyALS-RF - INFO: Tree 9: 21 DBs instantiated.
2024-11-24 11:56:45,754 - pyALS-RF - INFO: Tree 10: 25 DBs instantiated.
2024-11-24 11:56:45,755 - pyALS-RF - INFO: Tree 11: 27 DBs instantiated.
2024-11-24 11:56:45,757 - pyALS-RF - INFO: Tree 12: 26 DBs instantiated.
2024-11-24 11:56:45,758 - pyALS-RF - INFO: Tree 13: 24 DBs instantiated.
2024-11-24 11:56:45,760 - pyALS-RF - INFO: Tree 14: 21 DBs instantiated.
2024-11-24 11:56:45,761 - pyALS-RF - INFO: Tree 15: 23 DBs instantiated.
2024-11-24 11:56:45,762 - pyALS-RF - INFO: Tree 16: 18 DBs instantiated.
2024-11-24 11:56:45,764 - pyALS-RF - INFO: Tree 17: 16 DBs instantiated.
2024-11-24 11:56:45,765 - pyALS-RF - INFO: Tree 18: 20 DBs instantiated.
2024-11-24 11:56:45,766 - pyALS-RF - INFO: Tree 19: 22 DBs instantiated.
2024-11-24 11:56:45,768 - pyALS-RF - INFO: Tree 20: 19 DBs instantiated.
2024-11-24 11:56:45,769 - pyALS-RF - INFO: Tree 21: 19 DBs instantiated.
2024-11-24 11:56:45,771 - pyALS-RF - INFO: Tree 22: 19 DBs instantiated.
2024-11-24 11:56:45,772 - pyALS-RF - INFO: Tree 23: 18 DBs instantiated.
2024-11-24 11:56:45,773 - pyALS-RF - INFO: Tree 24: 18 DBs instantiated.
2024-11-24 11:56:45,774 - pyALS-RF - INFO: Tree 25: 22 DBs instantiated.
2024-11-24 11:56:45,776 - pyALS-RF - INFO: Tree 26: 24 DBs instantiated.
2024-11-24 11:56:45,777 - pyALS-RF - INFO: Tree 27: 21 DBs instantiated.
2024-11-24 11:56:45,779 - pyALS-RF - INFO: Tree 28: 24 DBs instantiated.
2024-11-24 11:56:45,780 - pyALS-RF - INFO: Tree 29: 15 DBs instantiated.
2024-11-24 11:56:45,781 - pyALS-RF - INFO: Tree 30: 17 DBs instantiated.
2024-11-24 11:56:45,782 - pyALS-RF - INFO: Tree 31: 21 DBs instantiated.
2024-11-24 11:56:45,784 - pyALS-RF - INFO: Tree 32: 25 DBs instantiated.
2024-11-24 11:56:45,786 - pyALS-RF - INFO: Tree 33: 24 DBs instantiated.
2024-11-24 11:56:45,787 - pyALS-RF - INFO: Tree 34: 17 DBs instantiated.
2024-11-24 11:56:45,788 - pyALS-RF - INFO: Tree 35: 21 DBs instantiated.
2024-11-24 11:56:45,789 - pyALS-RF - INFO: Tree 36: 24 DBs instantiated.
2024-11-24 11:56:45,791 - pyALS-RF - INFO: Tree 37: 19 DBs instantiated.
2024-11-24 11:56:45,792 - pyALS-RF - INFO: Tree 38: 27 DBs instantiated.
2024-11-24 11:56:45,794 - pyALS-RF - INFO: Tree 39: 22 DBs instantiated.
2024-11-24 11:56:58,490 - pyALS-RF - INFO: Runing the TMR flow.
2024-11-24 11:56:58,520 - pyALS-RF - INFO: Tree 0: 20 DBs instantiated.
2024-11-24 11:56:58,522 - pyALS-RF - INFO: Tree 1: 21 DBs instantiated.
2024-11-24 11:56:58,523 - pyALS-RF - INFO: Tree 2: 23 DBs instantiated.
2024-11-24 11:56:58,525 - pyALS-RF - INFO: Tree 3: 17 DBs instantiated.
2024-11-24 11:56:58,526 - pyALS-RF - INFO: Tree 4: 23 DBs instantiated.
2024-11-24 11:56:58,527 - pyALS-RF - INFO: Tree 5: 20 DBs instantiated.
2024-11-24 11:56:58,528 - pyALS-RF - INFO: Tree 6: 22 DBs instantiated.
2024-11-24 11:56:58,530 - pyALS-RF - INFO: Tree 7: 17 DBs instantiated.
2024-11-24 11:56:58,531 - pyALS-RF - INFO: Tree 8: 23 DBs instantiated.
2024-11-24 11:56:58,532 - pyALS-RF - INFO: Tree 9: 21 DBs instantiated.
2024-11-24 11:56:58,534 - pyALS-RF - INFO: Tree 10: 25 DBs instantiated.
2024-11-24 11:56:58,536 - pyALS-RF - INFO: Tree 11: 27 DBs instantiated.
2024-11-24 11:56:58,538 - pyALS-RF - INFO: Tree 12: 26 DBs instantiated.
2024-11-24 11:56:58,540 - pyALS-RF - INFO: Tree 13: 24 DBs instantiated.
2024-11-24 11:56:58,541 - pyALS-RF - INFO: Tree 14: 21 DBs instantiated.
2024-11-24 11:56:58,543 - pyALS-RF - INFO: Tree 15: 23 DBs instantiated.
2024-11-24 11:56:58,544 - pyALS-RF - INFO: Tree 16: 18 DBs instantiated.
2024-11-24 11:56:58,545 - pyALS-RF - INFO: Tree 17: 16 DBs instantiated.
2024-11-24 11:56:58,547 - pyALS-RF - INFO: Tree 18: 20 DBs instantiated.
2024-11-24 11:56:58,549 - pyALS-RF - INFO: Tree 19: 22 DBs instantiated.
2024-11-24 11:56:58,550 - pyALS-RF - INFO: Tree 20: 19 DBs instantiated.
2024-11-24 11:56:58,552 - pyALS-RF - INFO: Tree 21: 19 DBs instantiated.
2024-11-24 11:56:58,553 - pyALS-RF - INFO: Tree 22: 19 DBs instantiated.
2024-11-24 11:56:58,554 - pyALS-RF - INFO: Tree 23: 18 DBs instantiated.
2024-11-24 11:56:58,556 - pyALS-RF - INFO: Tree 24: 18 DBs instantiated.
2024-11-24 11:56:58,557 - pyALS-RF - INFO: Tree 25: 22 DBs instantiated.
2024-11-24 11:56:58,559 - pyALS-RF - INFO: Tree 26: 24 DBs instantiated.
2024-11-24 11:56:58,560 - pyALS-RF - INFO: Tree 27: 21 DBs instantiated.
2024-11-24 11:56:58,561 - pyALS-RF - INFO: Tree 28: 24 DBs instantiated.
2024-11-24 11:56:58,562 - pyALS-RF - INFO: Tree 29: 15 DBs instantiated.
2024-11-24 11:56:58,564 - pyALS-RF - INFO: Tree 30: 17 DBs instantiated.
2024-11-24 11:56:58,565 - pyALS-RF - INFO: Tree 31: 21 DBs instantiated.
2024-11-24 11:56:58,566 - pyALS-RF - INFO: Tree 32: 25 DBs instantiated.
2024-11-24 11:56:58,568 - pyALS-RF - INFO: Tree 33: 24 DBs instantiated.
2024-11-24 11:56:58,570 - pyALS-RF - INFO: Tree 34: 17 DBs instantiated.
2024-11-24 11:56:58,571 - pyALS-RF - INFO: Tree 35: 21 DBs instantiated.
2024-11-24 11:56:58,572 - pyALS-RF - INFO: Tree 36: 24 DBs instantiated.
2024-11-24 11:56:58,574 - pyALS-RF - INFO: Tree 37: 19 DBs instantiated.
2024-11-24 11:56:58,575 - pyALS-RF - INFO: Tree 38: 27 DBs instantiated.
2024-11-24 11:56:58,576 - pyALS-RF - INFO: Tree 39: 22 DBs instantiated.
2024-11-24 11:57:18,987 - pyALS-RF - INFO: Runing the TMR flow.
2024-11-24 11:57:19,016 - pyALS-RF - INFO: Tree 0: 20 DBs instantiated.
2024-11-24 11:57:19,018 - pyALS-RF - INFO: Tree 1: 21 DBs instantiated.
2024-11-24 11:57:19,020 - pyALS-RF - INFO: Tree 2: 23 DBs instantiated.
2024-11-24 11:57:19,021 - pyALS-RF - INFO: Tree 3: 17 DBs instantiated.
2024-11-24 11:57:19,022 - pyALS-RF - INFO: Tree 4: 23 DBs instantiated.
2024-11-24 11:57:19,024 - pyALS-RF - INFO: Tree 5: 20 DBs instantiated.
2024-11-24 11:57:19,025 - pyALS-RF - INFO: Tree 6: 22 DBs instantiated.
2024-11-24 11:57:19,026 - pyALS-RF - INFO: Tree 7: 17 DBs instantiated.
2024-11-24 11:57:19,028 - pyALS-RF - INFO: Tree 8: 23 DBs instantiated.
2024-11-24 11:57:19,029 - pyALS-RF - INFO: Tree 9: 21 DBs instantiated.
2024-11-24 11:57:19,031 - pyALS-RF - INFO: Tree 10: 25 DBs instantiated.
2024-11-24 11:57:19,032 - pyALS-RF - INFO: Tree 11: 27 DBs instantiated.
2024-11-24 11:57:19,034 - pyALS-RF - INFO: Tree 12: 26 DBs instantiated.
2024-11-24 11:57:19,035 - pyALS-RF - INFO: Tree 13: 24 DBs instantiated.
2024-11-24 11:57:19,037 - pyALS-RF - INFO: Tree 14: 21 DBs instantiated.
2024-11-24 11:57:19,038 - pyALS-RF - INFO: Tree 15: 23 DBs instantiated.
2024-11-24 11:57:19,039 - pyALS-RF - INFO: Tree 16: 18 DBs instantiated.
2024-11-24 11:57:19,041 - pyALS-RF - INFO: Tree 17: 16 DBs instantiated.
2024-11-24 11:57:19,042 - pyALS-RF - INFO: Tree 18: 20 DBs instantiated.
2024-11-24 11:57:19,043 - pyALS-RF - INFO: Tree 19: 22 DBs instantiated.
2024-11-24 11:57:19,044 - pyALS-RF - INFO: Tree 20: 19 DBs instantiated.
2024-11-24 11:57:19,046 - pyALS-RF - INFO: Tree 21: 19 DBs instantiated.
2024-11-24 11:57:19,047 - pyALS-RF - INFO: Tree 22: 19 DBs instantiated.
2024-11-24 11:57:19,048 - pyALS-RF - INFO: Tree 23: 18 DBs instantiated.
2024-11-24 11:57:19,049 - pyALS-RF - INFO: Tree 24: 18 DBs instantiated.
2024-11-24 11:57:19,051 - pyALS-RF - INFO: Tree 25: 22 DBs instantiated.
2024-11-24 11:57:19,052 - pyALS-RF - INFO: Tree 26: 24 DBs instantiated.
2024-11-24 11:57:19,053 - pyALS-RF - INFO: Tree 27: 21 DBs instantiated.
2024-11-24 11:57:19,055 - pyALS-RF - INFO: Tree 28: 24 DBs instantiated.
2024-11-24 11:57:19,056 - pyALS-RF - INFO: Tree 29: 15 DBs instantiated.
2024-11-24 11:57:19,057 - pyALS-RF - INFO: Tree 30: 17 DBs instantiated.
2024-11-24 11:57:19,058 - pyALS-RF - INFO: Tree 31: 21 DBs instantiated.
2024-11-24 11:57:19,060 - pyALS-RF - INFO: Tree 32: 25 DBs instantiated.
2024-11-24 11:57:19,062 - pyALS-RF - INFO: Tree 33: 24 DBs instantiated.
2024-11-24 11:57:19,063 - pyALS-RF - INFO: Tree 34: 17 DBs instantiated.
2024-11-24 11:57:19,064 - pyALS-RF - INFO: Tree 35: 21 DBs instantiated.
2024-11-24 11:57:19,066 - pyALS-RF - INFO: Tree 36: 24 DBs instantiated.
2024-11-24 11:57:19,067 - pyALS-RF - INFO: Tree 37: 19 DBs instantiated.
2024-11-24 11:57:19,069 - pyALS-RF - INFO: Tree 38: 27 DBs instantiated.
2024-11-24 11:57:19,070 - pyALS-RF - INFO: Tree 39: 22 DBs instantiated.
2024-11-24 11:58:12,789 - pyALS-RF - INFO: Runing the TMR flow.
2024-11-24 11:58:12,818 - pyALS-RF - INFO: Tree 0: 20 DBs instantiated.
2024-11-24 11:58:12,820 - pyALS-RF - INFO: Tree 1: 21 DBs instantiated.
2024-11-24 11:58:12,822 - pyALS-RF - INFO: Tree 2: 23 DBs instantiated.
2024-11-24 11:58:12,823 - pyALS-RF - INFO: Tree 3: 17 DBs instantiated.
2024-11-24 11:58:12,824 - pyALS-RF - INFO: Tree 4: 23 DBs instantiated.
2024-11-24 11:58:12,825 - pyALS-RF - INFO: Tree 5: 20 DBs instantiated.
2024-11-24 11:58:12,827 - pyALS-RF - INFO: Tree 6: 22 DBs instantiated.
2024-11-24 11:58:12,828 - pyALS-RF - INFO: Tree 7: 17 DBs instantiated.
2024-11-24 11:58:12,829 - pyALS-RF - INFO: Tree 8: 23 DBs instantiated.
2024-11-24 11:58:12,831 - pyALS-RF - INFO: Tree 9: 21 DBs instantiated.
2024-11-24 11:58:12,832 - pyALS-RF - INFO: Tree 10: 25 DBs instantiated.
2024-11-24 11:58:12,834 - pyALS-RF - INFO: Tree 11: 27 DBs instantiated.
2024-11-24 11:58:12,835 - pyALS-RF - INFO: Tree 12: 26 DBs instantiated.
2024-11-24 11:58:12,837 - pyALS-RF - INFO: Tree 13: 24 DBs instantiated.
2024-11-24 11:58:12,838 - pyALS-RF - INFO: Tree 14: 21 DBs instantiated.
2024-11-24 11:58:12,839 - pyALS-RF - INFO: Tree 15: 23 DBs instantiated.
2024-11-24 11:58:12,841 - pyALS-RF - INFO: Tree 16: 18 DBs instantiated.
2024-11-24 11:58:12,842 - pyALS-RF - INFO: Tree 17: 16 DBs instantiated.
2024-11-24 11:58:12,843 - pyALS-RF - INFO: Tree 18: 20 DBs instantiated.
2024-11-24 11:58:12,844 - pyALS-RF - INFO: Tree 19: 22 DBs instantiated.
2024-11-24 11:58:12,846 - pyALS-RF - INFO: Tree 20: 19 DBs instantiated.
2024-11-24 11:58:12,847 - pyALS-RF - INFO: Tree 21: 19 DBs instantiated.
2024-11-24 11:58:12,848 - pyALS-RF - INFO: Tree 22: 19 DBs instantiated.
2024-11-24 11:58:12,850 - pyALS-RF - INFO: Tree 23: 18 DBs instantiated.
2024-11-24 11:58:12,851 - pyALS-RF - INFO: Tree 24: 18 DBs instantiated.
2024-11-24 11:58:12,852 - pyALS-RF - INFO: Tree 25: 22 DBs instantiated.
2024-11-24 11:58:12,854 - pyALS-RF - INFO: Tree 26: 24 DBs instantiated.
2024-11-24 11:58:12,855 - pyALS-RF - INFO: Tree 27: 21 DBs instantiated.
2024-11-24 11:58:12,857 - pyALS-RF - INFO: Tree 28: 24 DBs instantiated.
2024-11-24 11:58:12,858 - pyALS-RF - INFO: Tree 29: 15 DBs instantiated.
2024-11-24 11:58:12,859 - pyALS-RF - INFO: Tree 30: 17 DBs instantiated.
2024-11-24 11:58:12,860 - pyALS-RF - INFO: Tree 31: 21 DBs instantiated.
2024-11-24 11:58:12,862 - pyALS-RF - INFO: Tree 32: 25 DBs instantiated.
2024-11-24 11:58:12,864 - pyALS-RF - INFO: Tree 33: 24 DBs instantiated.
2024-11-24 11:58:12,865 - pyALS-RF - INFO: Tree 34: 17 DBs instantiated.
2024-11-24 11:58:12,866 - pyALS-RF - INFO: Tree 35: 21 DBs instantiated.
2024-11-24 11:58:12,868 - pyALS-RF - INFO: Tree 36: 24 DBs instantiated.
2024-11-24 11:58:12,869 - pyALS-RF - INFO: Tree 37: 19 DBs instantiated.
2024-11-24 11:58:12,870 - pyALS-RF - INFO: Tree 38: 27 DBs instantiated.
2024-11-24 11:58:12,872 - pyALS-RF - INFO: Tree 39: 22 DBs instantiated.
2024-11-24 11:59:25,353 - pyALS-RF - INFO: Runing the TMR flow.
2024-11-24 11:59:25,384 - pyALS-RF - INFO: Tree 0: 20 DBs instantiated.
2024-11-24 11:59:25,386 - pyALS-RF - INFO: Tree 1: 21 DBs instantiated.
2024-11-24 11:59:25,387 - pyALS-RF - INFO: Tree 2: 23 DBs instantiated.
2024-11-24 11:59:25,388 - pyALS-RF - INFO: Tree 3: 17 DBs instantiated.
2024-11-24 11:59:25,390 - pyALS-RF - INFO: Tree 4: 23 DBs instantiated.
2024-11-24 11:59:25,391 - pyALS-RF - INFO: Tree 5: 20 DBs instantiated.
2024-11-24 11:59:25,392 - pyALS-RF - INFO: Tree 6: 22 DBs instantiated.
2024-11-24 11:59:25,394 - pyALS-RF - INFO: Tree 7: 17 DBs instantiated.
2024-11-24 11:59:25,395 - pyALS-RF - INFO: Tree 8: 23 DBs instantiated.
2024-11-24 11:59:25,396 - pyALS-RF - INFO: Tree 9: 21 DBs instantiated.
2024-11-24 11:59:25,398 - pyALS-RF - INFO: Tree 10: 25 DBs instantiated.
2024-11-24 11:59:25,399 - pyALS-RF - INFO: Tree 11: 27 DBs instantiated.
2024-11-24 11:59:25,401 - pyALS-RF - INFO: Tree 12: 26 DBs instantiated.
2024-11-24 11:59:25,403 - pyALS-RF - INFO: Tree 13: 24 DBs instantiated.
2024-11-24 11:59:25,404 - pyALS-RF - INFO: Tree 14: 21 DBs instantiated.
2024-11-24 11:59:25,405 - pyALS-RF - INFO: Tree 15: 23 DBs instantiated.
2024-11-24 11:59:25,407 - pyALS-RF - INFO: Tree 16: 18 DBs instantiated.
2024-11-24 11:59:25,408 - pyALS-RF - INFO: Tree 17: 16 DBs instantiated.
2024-11-24 11:59:25,409 - pyALS-RF - INFO: Tree 18: 20 DBs instantiated.
2024-11-24 11:59:25,411 - pyALS-RF - INFO: Tree 19: 22 DBs instantiated.
2024-11-24 11:59:25,412 - pyALS-RF - INFO: Tree 20: 19 DBs instantiated.
2024-11-24 11:59:25,413 - pyALS-RF - INFO: Tree 21: 19 DBs instantiated.
2024-11-24 11:59:25,415 - pyALS-RF - INFO: Tree 22: 19 DBs instantiated.
2024-11-24 11:59:25,416 - pyALS-RF - INFO: Tree 23: 18 DBs instantiated.
2024-11-24 11:59:25,417 - pyALS-RF - INFO: Tree 24: 18 DBs instantiated.
2024-11-24 11:59:25,418 - pyALS-RF - INFO: Tree 25: 22 DBs instantiated.
2024-11-24 11:59:25,420 - pyALS-RF - INFO: Tree 26: 24 DBs instantiated.
2024-11-24 11:59:25,421 - pyALS-RF - INFO: Tree 27: 21 DBs instantiated.
2024-11-24 11:59:25,423 - pyALS-RF - INFO: Tree 28: 24 DBs instantiated.
2024-11-24 11:59:25,424 - pyALS-RF - INFO: Tree 29: 15 DBs instantiated.
2024-11-24 11:59:25,426 - pyALS-RF - INFO: Tree 30: 17 DBs instantiated.
2024-11-24 11:59:25,427 - pyALS-RF - INFO: Tree 31: 21 DBs instantiated.
2024-11-24 11:59:25,428 - pyALS-RF - INFO: Tree 32: 25 DBs instantiated.
2024-11-24 11:59:25,430 - pyALS-RF - INFO: Tree 33: 24 DBs instantiated.
2024-11-24 11:59:25,431 - pyALS-RF - INFO: Tree 34: 17 DBs instantiated.
2024-11-24 11:59:25,433 - pyALS-RF - INFO: Tree 35: 21 DBs instantiated.
2024-11-24 11:59:25,434 - pyALS-RF - INFO: Tree 36: 24 DBs instantiated.
2024-11-24 11:59:25,435 - pyALS-RF - INFO: Tree 37: 19 DBs instantiated.
2024-11-24 11:59:25,437 - pyALS-RF - INFO: Tree 38: 27 DBs instantiated.
2024-11-24 11:59:25,438 - pyALS-RF - INFO: Tree 39: 22 DBs instantiated.
2024-11-24 11:59:35,140 - pyALS-RF - INFO: Runing the TMR flow.
2024-11-24 11:59:35,169 - pyALS-RF - INFO: Tree 0: 20 DBs instantiated.
2024-11-24 11:59:35,172 - pyALS-RF - INFO: Tree 1: 21 DBs instantiated.
2024-11-24 11:59:35,173 - pyALS-RF - INFO: Tree 2: 23 DBs instantiated.
2024-11-24 11:59:35,175 - pyALS-RF - INFO: Tree 3: 17 DBs instantiated.
2024-11-24 11:59:35,176 - pyALS-RF - INFO: Tree 4: 23 DBs instantiated.
2024-11-24 11:59:35,177 - pyALS-RF - INFO: Tree 5: 20 DBs instantiated.
2024-11-24 11:59:35,179 - pyALS-RF - INFO: Tree 6: 22 DBs instantiated.
2024-11-24 11:59:35,180 - pyALS-RF - INFO: Tree 7: 17 DBs instantiated.
2024-11-24 11:59:35,182 - pyALS-RF - INFO: Tree 8: 23 DBs instantiated.
2024-11-24 11:59:35,183 - pyALS-RF - INFO: Tree 9: 21 DBs instantiated.
2024-11-24 11:59:35,185 - pyALS-RF - INFO: Tree 10: 25 DBs instantiated.
2024-11-24 11:59:35,186 - pyALS-RF - INFO: Tree 11: 27 DBs instantiated.
2024-11-24 11:59:35,188 - pyALS-RF - INFO: Tree 12: 26 DBs instantiated.
2024-11-24 11:59:35,190 - pyALS-RF - INFO: Tree 13: 24 DBs instantiated.
2024-11-24 11:59:35,191 - pyALS-RF - INFO: Tree 14: 21 DBs instantiated.
2024-11-24 11:59:35,192 - pyALS-RF - INFO: Tree 15: 23 DBs instantiated.
2024-11-24 11:59:35,194 - pyALS-RF - INFO: Tree 16: 18 DBs instantiated.
2024-11-24 11:59:35,195 - pyALS-RF - INFO: Tree 17: 16 DBs instantiated.
2024-11-24 11:59:35,196 - pyALS-RF - INFO: Tree 18: 20 DBs instantiated.
2024-11-24 11:59:35,198 - pyALS-RF - INFO: Tree 19: 22 DBs instantiated.
2024-11-24 11:59:35,199 - pyALS-RF - INFO: Tree 20: 19 DBs instantiated.
2024-11-24 11:59:35,200 - pyALS-RF - INFO: Tree 21: 19 DBs instantiated.
2024-11-24 11:59:35,202 - pyALS-RF - INFO: Tree 22: 19 DBs instantiated.
2024-11-24 11:59:35,203 - pyALS-RF - INFO: Tree 23: 18 DBs instantiated.
2024-11-24 11:59:35,204 - pyALS-RF - INFO: Tree 24: 18 DBs instantiated.
2024-11-24 11:59:35,206 - pyALS-RF - INFO: Tree 25: 22 DBs instantiated.
2024-11-24 11:59:35,207 - pyALS-RF - INFO: Tree 26: 24 DBs instantiated.
2024-11-24 11:59:35,208 - pyALS-RF - INFO: Tree 27: 21 DBs instantiated.
2024-11-24 11:59:35,210 - pyALS-RF - INFO: Tree 28: 24 DBs instantiated.
2024-11-24 11:59:35,211 - pyALS-RF - INFO: Tree 29: 15 DBs instantiated.
2024-11-24 11:59:35,212 - pyALS-RF - INFO: Tree 30: 17 DBs instantiated.
2024-11-24 11:59:35,213 - pyALS-RF - INFO: Tree 31: 21 DBs instantiated.
2024-11-24 11:59:35,215 - pyALS-RF - INFO: Tree 32: 25 DBs instantiated.
2024-11-24 11:59:35,217 - pyALS-RF - INFO: Tree 33: 24 DBs instantiated.
2024-11-24 11:59:35,218 - pyALS-RF - INFO: Tree 34: 17 DBs instantiated.
2024-11-24 11:59:35,220 - pyALS-RF - INFO: Tree 35: 21 DBs instantiated.
2024-11-24 11:59:35,221 - pyALS-RF - INFO: Tree 36: 24 DBs instantiated.
2024-11-24 11:59:35,222 - pyALS-RF - INFO: Tree 37: 19 DBs instantiated.
2024-11-24 11:59:35,224 - pyALS-RF - INFO: Tree 38: 27 DBs instantiated.
2024-11-24 11:59:35,225 - pyALS-RF - INFO: Tree 39: 22 DBs instantiated.
2024-11-24 12:00:13,374 - pyALS-RF - INFO: Runing the TMR flow.
2024-11-24 12:00:13,403 - pyALS-RF - INFO: Tree 0: 20 DBs instantiated.
2024-11-24 12:00:13,406 - pyALS-RF - INFO: Tree 1: 21 DBs instantiated.
2024-11-24 12:00:13,407 - pyALS-RF - INFO: Tree 2: 23 DBs instantiated.
2024-11-24 12:00:13,409 - pyALS-RF - INFO: Tree 3: 17 DBs instantiated.
2024-11-24 12:00:13,410 - pyALS-RF - INFO: Tree 4: 23 DBs instantiated.
2024-11-24 12:00:13,412 - pyALS-RF - INFO: Tree 5: 20 DBs instantiated.
2024-11-24 12:00:13,413 - pyALS-RF - INFO: Tree 6: 22 DBs instantiated.
2024-11-24 12:00:13,414 - pyALS-RF - INFO: Tree 7: 17 DBs instantiated.
2024-11-24 12:00:13,415 - pyALS-RF - INFO: Tree 8: 23 DBs instantiated.
2024-11-24 12:00:13,417 - pyALS-RF - INFO: Tree 9: 21 DBs instantiated.
2024-11-24 12:00:13,419 - pyALS-RF - INFO: Tree 10: 25 DBs instantiated.
2024-11-24 12:00:13,421 - pyALS-RF - INFO: Tree 11: 27 DBs instantiated.
2024-11-24 12:00:13,422 - pyALS-RF - INFO: Tree 12: 26 DBs instantiated.
2024-11-24 12:00:13,424 - pyALS-RF - INFO: Tree 13: 24 DBs instantiated.
2024-11-24 12:00:13,425 - pyALS-RF - INFO: Tree 14: 21 DBs instantiated.
2024-11-24 12:00:13,427 - pyALS-RF - INFO: Tree 15: 23 DBs instantiated.
2024-11-24 12:00:13,428 - pyALS-RF - INFO: Tree 16: 18 DBs instantiated.
2024-11-24 12:00:13,429 - pyALS-RF - INFO: Tree 17: 16 DBs instantiated.
2024-11-24 12:00:13,431 - pyALS-RF - INFO: Tree 18: 20 DBs instantiated.
2024-11-24 12:00:13,432 - pyALS-RF - INFO: Tree 19: 22 DBs instantiated.
2024-11-24 12:00:13,434 - pyALS-RF - INFO: Tree 20: 19 DBs instantiated.
2024-11-24 12:00:13,435 - pyALS-RF - INFO: Tree 21: 19 DBs instantiated.
2024-11-24 12:00:13,436 - pyALS-RF - INFO: Tree 22: 19 DBs instantiated.
2024-11-24 12:00:13,438 - pyALS-RF - INFO: Tree 23: 18 DBs instantiated.
2024-11-24 12:00:13,439 - pyALS-RF - INFO: Tree 24: 18 DBs instantiated.
2024-11-24 12:00:13,440 - pyALS-RF - INFO: Tree 25: 22 DBs instantiated.
2024-11-24 12:00:13,442 - pyALS-RF - INFO: Tree 26: 24 DBs instantiated.
2024-11-24 12:00:13,443 - pyALS-RF - INFO: Tree 27: 21 DBs instantiated.
2024-11-24 12:00:13,445 - pyALS-RF - INFO: Tree 28: 24 DBs instantiated.
2024-11-24 12:00:13,446 - pyALS-RF - INFO: Tree 29: 15 DBs instantiated.
2024-11-24 12:00:13,448 - pyALS-RF - INFO: Tree 30: 17 DBs instantiated.
2024-11-24 12:00:13,450 - pyALS-RF - INFO: Tree 31: 21 DBs instantiated.
2024-11-24 12:00:13,452 - pyALS-RF - INFO: Tree 32: 25 DBs instantiated.
2024-11-24 12:00:13,455 - pyALS-RF - INFO: Tree 33: 24 DBs instantiated.
2024-11-24 12:00:13,457 - pyALS-RF - INFO: Tree 34: 17 DBs instantiated.
2024-11-24 12:00:13,458 - pyALS-RF - INFO: Tree 35: 21 DBs instantiated.
2024-11-24 12:00:13,460 - pyALS-RF - INFO: Tree 36: 24 DBs instantiated.
2024-11-24 12:00:13,463 - pyALS-RF - INFO: Tree 37: 19 DBs instantiated.
2024-11-24 12:00:13,464 - pyALS-RF - INFO: Tree 38: 27 DBs instantiated.
2024-11-24 12:00:13,466 - pyALS-RF - INFO: Tree 39: 22 DBs instantiated.
2024-11-24 12:02:28,712 - pyALS-RF - INFO: Runing the TMR flow.
2024-11-24 12:02:28,729 - pyALS-RF - INFO: Tree 0: 23 DBs instantiated.
2024-11-24 12:02:28,731 - pyALS-RF - INFO: Tree 1: 22 DBs instantiated.
2024-11-24 12:02:28,733 - pyALS-RF - INFO: Tree 2: 24 DBs instantiated.
2024-11-24 12:02:28,734 - pyALS-RF - INFO: Tree 3: 21 DBs instantiated.
2024-11-24 12:02:28,735 - pyALS-RF - INFO: Tree 4: 25 DBs instantiated.
2024-11-24 12:02:38,683 - pyALS-RF - INFO: Runing the TMR flow.
2024-11-24 12:02:38,701 - pyALS-RF - INFO: Tree 0: 23 DBs instantiated.
2024-11-24 12:02:38,703 - pyALS-RF - INFO: Tree 1: 22 DBs instantiated.
2024-11-24 12:02:38,704 - pyALS-RF - INFO: Tree 2: 24 DBs instantiated.
2024-11-24 12:02:38,706 - pyALS-RF - INFO: Tree 3: 21 DBs instantiated.
2024-11-24 12:02:38,707 - pyALS-RF - INFO: Tree 4: 25 DBs instantiated.
2024-11-24 12:03:28,606 - pyALS-RF - INFO: Runing the TMR flow.
2024-11-24 12:03:28,623 - pyALS-RF - INFO: Tree 0: 23 DBs instantiated.
2024-11-24 12:03:28,625 - pyALS-RF - INFO: Tree 1: 22 DBs instantiated.
2024-11-24 12:03:28,627 - pyALS-RF - INFO: Tree 2: 24 DBs instantiated.
2024-11-24 12:03:28,628 - pyALS-RF - INFO: Tree 3: 21 DBs instantiated.
2024-11-24 12:03:28,630 - pyALS-RF - INFO: Tree 4: 25 DBs instantiated.
2024-11-24 12:04:25,705 - pyALS-RF - INFO: Runing the TMR flow.
2024-11-24 12:04:25,722 - pyALS-RF - INFO: Tree 0: 23 DBs instantiated.
2024-11-24 12:04:25,725 - pyALS-RF - INFO: Tree 1: 22 DBs instantiated.
2024-11-24 12:04:25,726 - pyALS-RF - INFO: Tree 2: 24 DBs instantiated.
2024-11-24 12:04:25,727 - pyALS-RF - INFO: Tree 3: 21 DBs instantiated.
2024-11-24 12:04:25,729 - pyALS-RF - INFO: Tree 4: 25 DBs instantiated.
2024-11-24 12:05:01,172 - pyALS-RF - INFO: Runing the TMR flow.
2024-11-24 12:05:01,189 - pyALS-RF - INFO: Tree 0: 23 DBs instantiated.
2024-11-24 12:05:01,191 - pyALS-RF - INFO: Tree 1: 22 DBs instantiated.
2024-11-24 12:05:01,193 - pyALS-RF - INFO: Tree 2: 24 DBs instantiated.
2024-11-24 12:05:01,194 - pyALS-RF - INFO: Tree 3: 21 DBs instantiated.
2024-11-24 12:05:01,195 - pyALS-RF - INFO: Tree 4: 25 DBs instantiated.
2024-11-24 12:06:16,191 - pyALS-RF - INFO: Runing the TMR flow.
2024-11-24 12:06:16,209 - pyALS-RF - INFO: Tree 0: 23 DBs instantiated.
2024-11-24 12:06:16,212 - pyALS-RF - INFO: Tree 1: 22 DBs instantiated.
2024-11-24 12:06:16,213 - pyALS-RF - INFO: Tree 2: 24 DBs instantiated.
2024-11-24 12:06:16,214 - pyALS-RF - INFO: Tree 3: 21 DBs instantiated.
2024-11-24 12:06:16,216 - pyALS-RF - INFO: Tree 4: 25 DBs instantiated.
2024-11-24 12:06:52,969 - pyALS-RF - INFO: Runing the TMR flow.
2024-11-24 12:06:52,987 - pyALS-RF - INFO: Tree 0: 23 DBs instantiated.
2024-11-24 12:06:52,989 - pyALS-RF - INFO: Tree 1: 22 DBs instantiated.
2024-11-24 12:06:52,991 - pyALS-RF - INFO: Tree 2: 24 DBs instantiated.
2024-11-24 12:06:52,992 - pyALS-RF - INFO: Tree 3: 21 DBs instantiated.
2024-11-24 12:06:52,994 - pyALS-RF - INFO: Tree 4: 25 DBs instantiated.
2024-11-24 12:07:57,814 - pyALS-RF - INFO: Runing the TMR flow.
2024-11-24 12:07:57,831 - pyALS-RF - INFO: Tree 0: 23 DBs instantiated.
2024-11-24 12:07:57,834 - pyALS-RF - INFO: Tree 1: 22 DBs instantiated.
2024-11-24 12:07:57,835 - pyALS-RF - INFO: Tree 2: 24 DBs instantiated.
2024-11-24 12:07:57,836 - pyALS-RF - INFO: Tree 3: 21 DBs instantiated.
2024-11-24 12:07:57,838 - pyALS-RF - INFO: Tree 4: 25 DBs instantiated.
2024-11-24 12:08:15,326 - pyALS-RF - INFO: Runing the TMR flow.
2024-11-24 12:08:15,343 - pyALS-RF - INFO: Tree 0: 23 DBs instantiated.
2024-11-24 12:08:15,345 - pyALS-RF - INFO: Tree 1: 22 DBs instantiated.
2024-11-24 12:08:15,346 - pyALS-RF - INFO: Tree 2: 24 DBs instantiated.
2024-11-24 12:08:15,348 - pyALS-RF - INFO: Tree 3: 21 DBs instantiated.
2024-11-24 12:08:15,349 - pyALS-RF - INFO: Tree 4: 25 DBs instantiated.
2024-11-24 12:09:26,822 - pyALS-RF - INFO: Runing the TMR flow.
2024-11-24 12:09:26,840 - pyALS-RF - INFO: Tree 0: 23 DBs instantiated.
2024-11-24 12:09:26,842 - pyALS-RF - INFO: Tree 1: 22 DBs instantiated.
2024-11-24 12:09:26,843 - pyALS-RF - INFO: Tree 2: 24 DBs instantiated.
2024-11-24 12:09:26,845 - pyALS-RF - INFO: Tree 3: 21 DBs instantiated.
2024-11-24 12:09:26,846 - pyALS-RF - INFO: Tree 4: 25 DBs instantiated.
2024-11-24 12:09:50,587 - pyALS-RF - INFO: Runing the TMR flow.
2024-11-24 12:09:50,605 - pyALS-RF - INFO: Tree 0: 23 DBs instantiated.
2024-11-24 12:09:50,607 - pyALS-RF - INFO: Tree 1: 22 DBs instantiated.
2024-11-24 12:09:50,608 - pyALS-RF - INFO: Tree 2: 24 DBs instantiated.
2024-11-24 12:09:50,610 - pyALS-RF - INFO: Tree 3: 21 DBs instantiated.
2024-11-24 12:09:50,611 - pyALS-RF - INFO: Tree 4: 25 DBs instantiated.
2024-11-24 12:10:05,068 - pyALS-RF - INFO: Runing the TMR flow.
2024-11-24 12:10:05,084 - pyALS-RF - INFO: Tree 0: 23 DBs instantiated.
2024-11-24 12:10:05,087 - pyALS-RF - INFO: Tree 1: 22 DBs instantiated.
2024-11-24 12:10:05,088 - pyALS-RF - INFO: Tree 2: 24 DBs instantiated.
2024-11-24 12:10:05,089 - pyALS-RF - INFO: Tree 3: 21 DBs instantiated.
2024-11-24 12:10:05,091 - pyALS-RF - INFO: Tree 4: 25 DBs instantiated.
2024-11-24 12:10:20,343 - pyALS-RF - INFO: Runing the TMR flow.
2024-11-24 12:10:20,360 - pyALS-RF - INFO: Tree 0: 23 DBs instantiated.
2024-11-24 12:10:20,363 - pyALS-RF - INFO: Tree 1: 22 DBs instantiated.
2024-11-24 12:10:20,364 - pyALS-RF - INFO: Tree 2: 24 DBs instantiated.
2024-11-24 12:10:20,365 - pyALS-RF - INFO: Tree 3: 21 DBs instantiated.
2024-11-24 12:10:20,367 - pyALS-RF - INFO: Tree 4: 25 DBs instantiated.
2024-11-24 12:10:22,400 - pyALS-RF - INFO: Runing the TMR flow.
2024-11-24 12:10:22,417 - pyALS-RF - INFO: Tree 0: 23 DBs instantiated.
2024-11-24 12:10:22,419 - pyALS-RF - INFO: Tree 1: 22 DBs instantiated.
2024-11-24 12:10:22,421 - pyALS-RF - INFO: Tree 2: 24 DBs instantiated.
2024-11-24 12:10:22,422 - pyALS-RF - INFO: Tree 3: 21 DBs instantiated.
2024-11-24 12:10:22,423 - pyALS-RF - INFO: Tree 4: 25 DBs instantiated.
2024-11-24 12:10:23,815 - pyALS-RF - INFO: Runing the TMR flow.
2024-11-24 12:10:23,833 - pyALS-RF - INFO: Tree 0: 23 DBs instantiated.
2024-11-24 12:10:23,836 - pyALS-RF - INFO: Tree 1: 22 DBs instantiated.
2024-11-24 12:10:23,837 - pyALS-RF - INFO: Tree 2: 24 DBs instantiated.
2024-11-24 12:10:23,838 - pyALS-RF - INFO: Tree 3: 21 DBs instantiated.
2024-11-24 12:10:23,840 - pyALS-RF - INFO: Tree 4: 25 DBs instantiated.
2024-11-24 12:10:25,963 - pyALS-RF - INFO: Runing the TMR flow.
2024-11-24 12:10:25,980 - pyALS-RF - INFO: Tree 0: 23 DBs instantiated.
2024-11-24 12:10:25,982 - pyALS-RF - INFO: Tree 1: 22 DBs instantiated.
2024-11-24 12:10:25,983 - pyALS-RF - INFO: Tree 2: 24 DBs instantiated.
2024-11-24 12:10:25,985 - pyALS-RF - INFO: Tree 3: 21 DBs instantiated.
2024-11-24 12:10:25,986 - pyALS-RF - INFO: Tree 4: 25 DBs instantiated.
2024-11-24 12:10:28,507 - pyALS-RF - INFO: Runing the TMR flow.
2024-11-24 12:10:28,523 - pyALS-RF - INFO: Tree 0: 23 DBs instantiated.
2024-11-24 12:10:28,526 - pyALS-RF - INFO: Tree 1: 22 DBs instantiated.
2024-11-24 12:10:28,527 - pyALS-RF - INFO: Tree 2: 24 DBs instantiated.
2024-11-24 12:10:28,529 - pyALS-RF - INFO: Tree 3: 21 DBs instantiated.
2024-11-24 12:10:28,530 - pyALS-RF - INFO: Tree 4: 25 DBs instantiated.
2024-11-24 12:10:30,889 - pyALS-RF - INFO: Runing the TMR flow.
2024-11-24 12:10:30,906 - pyALS-RF - INFO: Tree 0: 23 DBs instantiated.
2024-11-24 12:10:30,908 - pyALS-RF - INFO: Tree 1: 22 DBs instantiated.
2024-11-24 12:10:30,909 - pyALS-RF - INFO: Tree 2: 24 DBs instantiated.
2024-11-24 12:10:30,911 - pyALS-RF - INFO: Tree 3: 21 DBs instantiated.
2024-11-24 12:10:30,912 - pyALS-RF - INFO: Tree 4: 25 DBs instantiated.
2024-11-24 12:11:10,352 - pyALS-RF - INFO: Runing the TMR flow.
2024-11-24 12:11:10,369 - pyALS-RF - INFO: Tree 0: 23 DBs instantiated.
2024-11-24 12:11:10,371 - pyALS-RF - INFO: Tree 1: 22 DBs instantiated.
2024-11-24 12:11:10,373 - pyALS-RF - INFO: Tree 2: 24 DBs instantiated.
2024-11-24 12:11:10,374 - pyALS-RF - INFO: Tree 3: 21 DBs instantiated.
2024-11-24 12:11:10,376 - pyALS-RF - INFO: Tree 4: 25 DBs instantiated.
2024-11-24 12:11:58,626 - pyALS-RF - INFO: Runing the TMR flow.
2024-11-24 12:11:58,643 - pyALS-RF - INFO: Tree 0: 23 DBs instantiated.
2024-11-24 12:11:58,645 - pyALS-RF - INFO: Tree 1: 22 DBs instantiated.
2024-11-24 12:11:58,646 - pyALS-RF - INFO: Tree 2: 24 DBs instantiated.
2024-11-24 12:11:58,648 - pyALS-RF - INFO: Tree 3: 21 DBs instantiated.
2024-11-24 12:11:58,649 - pyALS-RF - INFO: Tree 4: 25 DBs instantiated.
2024-11-24 12:12:35,021 - pyALS-RF - INFO: Runing the TMR flow.
2024-11-24 12:12:35,039 - pyALS-RF - INFO: Tree 0: 23 DBs instantiated.
2024-11-24 12:12:35,042 - pyALS-RF - INFO: Tree 1: 22 DBs instantiated.
2024-11-24 12:12:35,043 - pyALS-RF - INFO: Tree 2: 24 DBs instantiated.
2024-11-24 12:12:35,044 - pyALS-RF - INFO: Tree 3: 21 DBs instantiated.
2024-11-24 12:12:35,046 - pyALS-RF - INFO: Tree 4: 25 DBs instantiated.
2024-11-24 12:12:53,819 - pyALS-RF - INFO: Runing the TMR flow.
2024-11-24 12:12:53,836 - pyALS-RF - INFO: Tree 0: 23 DBs instantiated.
2024-11-24 12:12:53,838 - pyALS-RF - INFO: Tree 1: 22 DBs instantiated.
2024-11-24 12:12:53,839 - pyALS-RF - INFO: Tree 2: 24 DBs instantiated.
2024-11-24 12:12:53,841 - pyALS-RF - INFO: Tree 3: 21 DBs instantiated.
2024-11-24 12:12:53,842 - pyALS-RF - INFO: Tree 4: 25 DBs instantiated.
2024-11-24 12:19:40,224 - pyALS-RF - INFO: Runing the TMR flow.
2024-11-24 12:19:40,241 - pyALS-RF - INFO: Tree 0: 23 DBs instantiated.
2024-11-24 12:19:40,243 - pyALS-RF - INFO: Tree 1: 22 DBs instantiated.
2024-11-24 12:19:40,244 - pyALS-RF - INFO: Tree 2: 24 DBs instantiated.
2024-11-24 12:19:40,246 - pyALS-RF - INFO: Tree 3: 21 DBs instantiated.
2024-11-24 12:19:40,247 - pyALS-RF - INFO: Tree 4: 25 DBs instantiated.
2024-11-24 12:19:47,380 - pyALS-RF - INFO: Runing the TMR flow.
2024-11-24 12:19:47,398 - pyALS-RF - INFO: Tree 0: 23 DBs instantiated.
2024-11-24 12:19:47,400 - pyALS-RF - INFO: Tree 1: 22 DBs instantiated.
2024-11-24 12:19:47,401 - pyALS-RF - INFO: Tree 2: 24 DBs instantiated.
2024-11-24 12:19:47,403 - pyALS-RF - INFO: Tree 3: 21 DBs instantiated.
2024-11-24 12:19:47,404 - pyALS-RF - INFO: Tree 4: 25 DBs instantiated.
2024-11-24 12:19:49,239 - pyALS-RF - INFO: Runing the TMR flow.
2024-11-24 12:19:49,256 - pyALS-RF - INFO: Tree 0: 23 DBs instantiated.
2024-11-24 12:19:49,258 - pyALS-RF - INFO: Tree 1: 22 DBs instantiated.
2024-11-24 12:19:49,260 - pyALS-RF - INFO: Tree 2: 24 DBs instantiated.
2024-11-24 12:19:49,261 - pyALS-RF - INFO: Tree 3: 21 DBs instantiated.
2024-11-24 12:19:49,263 - pyALS-RF - INFO: Tree 4: 25 DBs instantiated.
2024-11-24 12:19:50,930 - pyALS-RF - INFO: Runing the TMR flow.
2024-11-24 12:19:50,947 - pyALS-RF - INFO: Tree 0: 23 DBs instantiated.
2024-11-24 12:19:50,949 - pyALS-RF - INFO: Tree 1: 22 DBs instantiated.
2024-11-24 12:19:50,950 - pyALS-RF - INFO: Tree 2: 24 DBs instantiated.
2024-11-24 12:19:50,952 - pyALS-RF - INFO: Tree 3: 21 DBs instantiated.
2024-11-24 12:19:50,953 - pyALS-RF - INFO: Tree 4: 25 DBs instantiated.
2024-11-24 12:19:52,631 - pyALS-RF - INFO: Runing the TMR flow.
2024-11-24 12:19:52,649 - pyALS-RF - INFO: Tree 0: 23 DBs instantiated.
2024-11-24 12:19:52,651 - pyALS-RF - INFO: Tree 1: 22 DBs instantiated.
2024-11-24 12:19:52,652 - pyALS-RF - INFO: Tree 2: 24 DBs instantiated.
2024-11-24 12:19:52,654 - pyALS-RF - INFO: Tree 3: 21 DBs instantiated.
2024-11-24 12:19:52,655 - pyALS-RF - INFO: Tree 4: 25 DBs instantiated.
2024-11-24 12:19:54,233 - pyALS-RF - INFO: Runing the TMR flow.
2024-11-24 12:19:54,250 - pyALS-RF - INFO: Tree 0: 23 DBs instantiated.
2024-11-24 12:19:54,252 - pyALS-RF - INFO: Tree 1: 22 DBs instantiated.
2024-11-24 12:19:54,253 - pyALS-RF - INFO: Tree 2: 24 DBs instantiated.
2024-11-24 12:19:54,255 - pyALS-RF - INFO: Tree 3: 21 DBs instantiated.
2024-11-24 12:19:54,256 - pyALS-RF - INFO: Tree 4: 25 DBs instantiated.
2024-11-24 12:19:55,783 - pyALS-RF - INFO: Runing the TMR flow.
2024-11-24 12:19:55,799 - pyALS-RF - INFO: Tree 0: 23 DBs instantiated.
2024-11-24 12:19:55,802 - pyALS-RF - INFO: Tree 1: 22 DBs instantiated.
2024-11-24 12:19:55,803 - pyALS-RF - INFO: Tree 2: 24 DBs instantiated.
2024-11-24 12:19:55,804 - pyALS-RF - INFO: Tree 3: 21 DBs instantiated.
2024-11-24 12:19:55,806 - pyALS-RF - INFO: Tree 4: 25 DBs instantiated.
2024-11-24 12:20:02,622 - pyALS-RF - INFO: Runing the TMR flow.
2024-11-24 12:20:02,651 - pyALS-RF - INFO: Tree 0: 20 DBs instantiated.
2024-11-24 12:20:02,653 - pyALS-RF - INFO: Tree 1: 21 DBs instantiated.
2024-11-24 12:20:02,655 - pyALS-RF - INFO: Tree 2: 23 DBs instantiated.
2024-11-24 12:20:02,656 - pyALS-RF - INFO: Tree 3: 17 DBs instantiated.
2024-11-24 12:20:02,657 - pyALS-RF - INFO: Tree 4: 23 DBs instantiated.
2024-11-24 12:20:02,658 - pyALS-RF - INFO: Tree 5: 20 DBs instantiated.
2024-11-24 12:20:02,660 - pyALS-RF - INFO: Tree 6: 22 DBs instantiated.
2024-11-24 12:20:02,661 - pyALS-RF - INFO: Tree 7: 17 DBs instantiated.
2024-11-24 12:20:02,662 - pyALS-RF - INFO: Tree 8: 23 DBs instantiated.
2024-11-24 12:20:02,663 - pyALS-RF - INFO: Tree 9: 21 DBs instantiated.
2024-11-24 12:20:02,665 - pyALS-RF - INFO: Tree 10: 25 DBs instantiated.
2024-11-24 12:20:02,666 - pyALS-RF - INFO: Tree 11: 27 DBs instantiated.
2024-11-24 12:20:02,668 - pyALS-RF - INFO: Tree 12: 26 DBs instantiated.
2024-11-24 12:20:02,669 - pyALS-RF - INFO: Tree 13: 24 DBs instantiated.
2024-11-24 12:20:02,671 - pyALS-RF - INFO: Tree 14: 21 DBs instantiated.
2024-11-24 12:20:02,673 - pyALS-RF - INFO: Tree 15: 23 DBs instantiated.
2024-11-24 12:20:02,674 - pyALS-RF - INFO: Tree 16: 18 DBs instantiated.
2024-11-24 12:20:02,675 - pyALS-RF - INFO: Tree 17: 16 DBs instantiated.
2024-11-24 12:20:02,677 - pyALS-RF - INFO: Tree 18: 20 DBs instantiated.
2024-11-24 12:20:02,678 - pyALS-RF - INFO: Tree 19: 22 DBs instantiated.
2024-11-24 12:20:02,679 - pyALS-RF - INFO: Tree 20: 19 DBs instantiated.
2024-11-24 12:20:02,681 - pyALS-RF - INFO: Tree 21: 19 DBs instantiated.
2024-11-24 12:20:02,682 - pyALS-RF - INFO: Tree 22: 19 DBs instantiated.
2024-11-24 12:20:02,683 - pyALS-RF - INFO: Tree 23: 18 DBs instantiated.
2024-11-24 12:20:02,684 - pyALS-RF - INFO: Tree 24: 18 DBs instantiated.
2024-11-24 12:20:02,686 - pyALS-RF - INFO: Tree 25: 22 DBs instantiated.
2024-11-24 12:20:02,687 - pyALS-RF - INFO: Tree 26: 24 DBs instantiated.
2024-11-24 12:20:02,689 - pyALS-RF - INFO: Tree 27: 21 DBs instantiated.
2024-11-24 12:20:02,690 - pyALS-RF - INFO: Tree 28: 24 DBs instantiated.
2024-11-24 12:20:02,691 - pyALS-RF - INFO: Tree 29: 15 DBs instantiated.
2024-11-24 12:20:02,692 - pyALS-RF - INFO: Tree 30: 17 DBs instantiated.
2024-11-24 12:20:02,693 - pyALS-RF - INFO: Tree 31: 21 DBs instantiated.
2024-11-24 12:20:02,695 - pyALS-RF - INFO: Tree 32: 25 DBs instantiated.
2024-11-24 12:20:02,696 - pyALS-RF - INFO: Tree 33: 24 DBs instantiated.
2024-11-24 12:20:02,698 - pyALS-RF - INFO: Tree 34: 17 DBs instantiated.
2024-11-24 12:20:02,699 - pyALS-RF - INFO: Tree 35: 21 DBs instantiated.
2024-11-24 12:20:02,701 - pyALS-RF - INFO: Tree 36: 24 DBs instantiated.
2024-11-24 12:20:02,702 - pyALS-RF - INFO: Tree 37: 19 DBs instantiated.
2024-11-24 12:20:02,703 - pyALS-RF - INFO: Tree 38: 27 DBs instantiated.
2024-11-24 12:20:02,705 - pyALS-RF - INFO: Tree 39: 22 DBs instantiated.
2024-11-24 12:21:33,786 - pyALS-RF - INFO: Runing the TMR flow.
2024-11-24 12:21:33,815 - pyALS-RF - INFO: Tree 0: 20 DBs instantiated.
2024-11-24 12:21:33,818 - pyALS-RF - INFO: Tree 1: 21 DBs instantiated.
2024-11-24 12:21:33,819 - pyALS-RF - INFO: Tree 2: 23 DBs instantiated.
2024-11-24 12:21:33,820 - pyALS-RF - INFO: Tree 3: 17 DBs instantiated.
2024-11-24 12:21:33,822 - pyALS-RF - INFO: Tree 4: 23 DBs instantiated.
2024-11-24 12:21:33,823 - pyALS-RF - INFO: Tree 5: 20 DBs instantiated.
2024-11-24 12:21:33,824 - pyALS-RF - INFO: Tree 6: 22 DBs instantiated.
2024-11-24 12:21:33,826 - pyALS-RF - INFO: Tree 7: 17 DBs instantiated.
2024-11-24 12:21:33,827 - pyALS-RF - INFO: Tree 8: 23 DBs instantiated.
2024-11-24 12:21:33,828 - pyALS-RF - INFO: Tree 9: 21 DBs instantiated.
2024-11-24 12:21:33,830 - pyALS-RF - INFO: Tree 10: 25 DBs instantiated.
2024-11-24 12:21:33,831 - pyALS-RF - INFO: Tree 11: 27 DBs instantiated.
2024-11-24 12:21:33,833 - pyALS-RF - INFO: Tree 12: 26 DBs instantiated.
2024-11-24 12:21:33,834 - pyALS-RF - INFO: Tree 13: 24 DBs instantiated.
2024-11-24 12:21:33,836 - pyALS-RF - INFO: Tree 14: 21 DBs instantiated.
2024-11-24 12:21:33,837 - pyALS-RF - INFO: Tree 15: 23 DBs instantiated.
2024-11-24 12:21:33,839 - pyALS-RF - INFO: Tree 16: 18 DBs instantiated.
2024-11-24 12:21:33,840 - pyALS-RF - INFO: Tree 17: 16 DBs instantiated.
2024-11-24 12:21:33,841 - pyALS-RF - INFO: Tree 18: 20 DBs instantiated.
2024-11-24 12:21:33,842 - pyALS-RF - INFO: Tree 19: 22 DBs instantiated.
2024-11-24 12:21:33,844 - pyALS-RF - INFO: Tree 20: 19 DBs instantiated.
2024-11-24 12:21:33,845 - pyALS-RF - INFO: Tree 21: 19 DBs instantiated.
2024-11-24 12:21:33,846 - pyALS-RF - INFO: Tree 22: 19 DBs instantiated.
2024-11-24 12:21:33,848 - pyALS-RF - INFO: Tree 23: 18 DBs instantiated.
2024-11-24 12:21:33,849 - pyALS-RF - INFO: Tree 24: 18 DBs instantiated.
2024-11-24 12:21:33,850 - pyALS-RF - INFO: Tree 25: 22 DBs instantiated.
2024-11-24 12:21:33,852 - pyALS-RF - INFO: Tree 26: 24 DBs instantiated.
2024-11-24 12:21:33,853 - pyALS-RF - INFO: Tree 27: 21 DBs instantiated.
2024-11-24 12:21:33,855 - pyALS-RF - INFO: Tree 28: 24 DBs instantiated.
2024-11-24 12:21:33,856 - pyALS-RF - INFO: Tree 29: 15 DBs instantiated.
2024-11-24 12:21:33,857 - pyALS-RF - INFO: Tree 30: 17 DBs instantiated.
2024-11-24 12:21:33,858 - pyALS-RF - INFO: Tree 31: 21 DBs instantiated.
2024-11-24 12:21:33,860 - pyALS-RF - INFO: Tree 32: 25 DBs instantiated.
2024-11-24 12:21:33,862 - pyALS-RF - INFO: Tree 33: 24 DBs instantiated.
2024-11-24 12:21:33,863 - pyALS-RF - INFO: Tree 34: 17 DBs instantiated.
2024-11-24 12:21:33,865 - pyALS-RF - INFO: Tree 35: 21 DBs instantiated.
2024-11-24 12:21:33,866 - pyALS-RF - INFO: Tree 36: 24 DBs instantiated.
2024-11-24 12:21:33,868 - pyALS-RF - INFO: Tree 37: 19 DBs instantiated.
2024-11-24 12:21:33,869 - pyALS-RF - INFO: Tree 38: 27 DBs instantiated.
2024-11-24 12:21:33,871 - pyALS-RF - INFO: Tree 39: 22 DBs instantiated.
2024-11-24 12:21:44,478 - pyALS-RF - INFO: Runing the TMR flow.
2024-11-24 12:21:45,424 - pyALS-RF - INFO: Tree 0: 399 DBs instantiated.
2024-11-24 12:21:45,502 - pyALS-RF - INFO: Tree 1: 392 DBs instantiated.
2024-11-24 12:21:45,570 - pyALS-RF - INFO: Tree 2: 409 DBs instantiated.
2024-11-24 12:21:45,642 - pyALS-RF - INFO: Tree 3: 394 DBs instantiated.
2024-11-24 12:21:45,712 - pyALS-RF - INFO: Tree 4: 396 DBs instantiated.
2024-11-24 12:21:45,776 - pyALS-RF - INFO: Tree 5: 369 DBs instantiated.
2024-11-24 12:21:45,837 - pyALS-RF - INFO: Tree 6: 373 DBs instantiated.
2024-11-24 12:21:45,897 - pyALS-RF - INFO: Tree 7: 389 DBs instantiated.
2024-11-24 12:21:45,960 - pyALS-RF - INFO: Tree 8: 358 DBs instantiated.
2024-11-24 12:21:46,022 - pyALS-RF - INFO: Tree 9: 365 DBs instantiated.
2024-11-24 12:21:46,085 - pyALS-RF - INFO: Tree 10: 407 DBs instantiated.
2024-11-24 12:21:46,156 - pyALS-RF - INFO: Tree 11: 398 DBs instantiated.
2024-11-24 12:21:46,219 - pyALS-RF - INFO: Tree 12: 365 DBs instantiated.
2024-11-24 12:21:46,280 - pyALS-RF - INFO: Tree 13: 370 DBs instantiated.
2024-11-24 12:21:46,348 - pyALS-RF - INFO: Tree 14: 399 DBs instantiated.
2024-11-24 12:21:46,413 - pyALS-RF - INFO: Tree 15: 366 DBs instantiated.
2024-11-24 12:21:46,470 - pyALS-RF - INFO: Tree 16: 364 DBs instantiated.
2024-11-24 12:21:46,530 - pyALS-RF - INFO: Tree 17: 391 DBs instantiated.
2024-11-24 12:21:46,597 - pyALS-RF - INFO: Tree 18: 384 DBs instantiated.
2024-11-24 12:21:46,661 - pyALS-RF - INFO: Tree 19: 372 DBs instantiated.
2024-11-24 12:21:46,721 - pyALS-RF - INFO: Tree 20: 383 DBs instantiated.
2024-11-24 12:21:46,783 - pyALS-RF - INFO: Tree 21: 372 DBs instantiated.
2024-11-24 12:21:46,846 - pyALS-RF - INFO: Tree 22: 366 DBs instantiated.
2024-11-24 12:21:46,924 - pyALS-RF - INFO: Tree 23: 439 DBs instantiated.
2024-11-24 12:21:47,000 - pyALS-RF - INFO: Tree 24: 379 DBs instantiated.
2024-11-24 12:21:47,070 - pyALS-RF - INFO: Tree 25: 434 DBs instantiated.
2024-11-24 12:21:47,146 - pyALS-RF - INFO: Tree 26: 393 DBs instantiated.
2024-11-24 12:21:47,212 - pyALS-RF - INFO: Tree 27: 380 DBs instantiated.
2024-11-24 12:21:47,273 - pyALS-RF - INFO: Tree 28: 386 DBs instantiated.
2024-11-24 12:21:47,334 - pyALS-RF - INFO: Tree 29: 388 DBs instantiated.
2024-11-24 12:21:47,401 - pyALS-RF - INFO: Tree 30: 402 DBs instantiated.
2024-11-24 12:21:47,460 - pyALS-RF - INFO: Tree 31: 347 DBs instantiated.
2024-11-24 12:21:47,512 - pyALS-RF - INFO: Tree 32: 332 DBs instantiated.
2024-11-24 12:21:47,572 - pyALS-RF - INFO: Tree 33: 396 DBs instantiated.
2024-11-24 12:21:47,636 - pyALS-RF - INFO: Tree 34: 389 DBs instantiated.
2024-11-24 12:21:47,698 - pyALS-RF - INFO: Tree 35: 367 DBs instantiated.
2024-11-24 12:21:47,764 - pyALS-RF - INFO: Tree 36: 364 DBs instantiated.
2024-11-24 12:21:47,831 - pyALS-RF - INFO: Tree 37: 385 DBs instantiated.
2024-11-24 12:21:47,901 - pyALS-RF - INFO: Tree 38: 395 DBs instantiated.
2024-11-24 12:21:47,973 - pyALS-RF - INFO: Tree 39: 375 DBs instantiated.
2024-11-24 12:24:27,131 - pyALS-RF - INFO: Runing the TMR flow.
2024-11-24 12:24:28,077 - pyALS-RF - INFO: Tree 0: 399 DBs instantiated.
2024-11-24 12:24:28,151 - pyALS-RF - INFO: Tree 1: 392 DBs instantiated.
2024-11-24 12:24:28,218 - pyALS-RF - INFO: Tree 2: 409 DBs instantiated.
2024-11-24 12:24:28,286 - pyALS-RF - INFO: Tree 3: 394 DBs instantiated.
2024-11-24 12:24:28,354 - pyALS-RF - INFO: Tree 4: 396 DBs instantiated.
2024-11-24 12:24:28,417 - pyALS-RF - INFO: Tree 5: 369 DBs instantiated.
2024-11-24 12:24:28,478 - pyALS-RF - INFO: Tree 6: 373 DBs instantiated.
2024-11-24 12:24:28,538 - pyALS-RF - INFO: Tree 7: 389 DBs instantiated.
2024-11-24 12:24:28,599 - pyALS-RF - INFO: Tree 8: 358 DBs instantiated.
2024-11-24 12:24:28,656 - pyALS-RF - INFO: Tree 9: 365 DBs instantiated.
2024-11-24 12:24:28,720 - pyALS-RF - INFO: Tree 10: 407 DBs instantiated.
2024-11-24 12:24:28,790 - pyALS-RF - INFO: Tree 11: 398 DBs instantiated.
2024-11-24 12:24:28,853 - pyALS-RF - INFO: Tree 12: 365 DBs instantiated.
2024-11-24 12:24:28,911 - pyALS-RF - INFO: Tree 13: 370 DBs instantiated.
2024-11-24 12:24:38,309 - pyALS-RF - INFO: Runing the TMR flow.
2024-11-24 12:24:38,326 - pyALS-RF - INFO: Tree 0: 23 DBs instantiated.
2024-11-24 12:24:38,329 - pyALS-RF - INFO: Tree 1: 22 DBs instantiated.
2024-11-24 12:24:38,330 - pyALS-RF - INFO: Tree 2: 24 DBs instantiated.
2024-11-24 12:24:38,331 - pyALS-RF - INFO: Tree 3: 21 DBs instantiated.
2024-11-24 12:24:38,333 - pyALS-RF - INFO: Tree 4: 25 DBs instantiated.
2024-11-24 12:24:55,006 - pyALS-RF - INFO: Runing the TMR flow.
2024-11-24 12:24:55,027 - pyALS-RF - INFO: Tree 0: 17 DBs instantiated.
2024-11-24 12:24:55,029 - pyALS-RF - INFO: Tree 1: 16 DBs instantiated.
2024-11-24 12:24:55,030 - pyALS-RF - INFO: Tree 2: 16 DBs instantiated.
2024-11-24 12:24:55,031 - pyALS-RF - INFO: Tree 3: 17 DBs instantiated.
2024-11-24 12:24:55,032 - pyALS-RF - INFO: Tree 4: 15 DBs instantiated.
2024-11-24 12:24:55,033 - pyALS-RF - INFO: Tree 5: 17 DBs instantiated.
2024-11-24 12:24:55,034 - pyALS-RF - INFO: Tree 6: 17 DBs instantiated.
2024-11-24 12:24:55,035 - pyALS-RF - INFO: Tree 7: 15 DBs instantiated.
2024-11-24 12:24:55,037 - pyALS-RF - INFO: Tree 8: 16 DBs instantiated.
2024-11-24 12:24:55,038 - pyALS-RF - INFO: Tree 9: 16 DBs instantiated.
2024-11-24 12:25:51,733 - pyALS-RF - INFO: Runing the TMR flow.
2024-11-24 12:25:51,751 - pyALS-RF - INFO: Tree 0: 17 DBs instantiated.
2024-11-24 12:25:51,753 - pyALS-RF - INFO: Tree 1: 16 DBs instantiated.
2024-11-24 12:25:51,754 - pyALS-RF - INFO: Tree 2: 16 DBs instantiated.
2024-11-24 12:25:51,755 - pyALS-RF - INFO: Tree 3: 17 DBs instantiated.
2024-11-24 12:25:51,757 - pyALS-RF - INFO: Tree 4: 15 DBs instantiated.
2024-11-24 12:25:51,758 - pyALS-RF - INFO: Tree 5: 17 DBs instantiated.
2024-11-24 12:25:51,759 - pyALS-RF - INFO: Tree 6: 17 DBs instantiated.
2024-11-24 12:25:51,760 - pyALS-RF - INFO: Tree 7: 15 DBs instantiated.
2024-11-24 12:25:51,761 - pyALS-RF - INFO: Tree 8: 16 DBs instantiated.
2024-11-24 12:25:51,762 - pyALS-RF - INFO: Tree 9: 16 DBs instantiated.
2024-11-24 12:26:57,303 - pyALS-RF - INFO: Runing the TMR flow.
2024-11-24 12:26:57,321 - pyALS-RF - INFO: Tree 0: 17 DBs instantiated.
2024-11-24 12:26:57,323 - pyALS-RF - INFO: Tree 1: 16 DBs instantiated.
2024-11-24 12:26:57,324 - pyALS-RF - INFO: Tree 2: 16 DBs instantiated.
2024-11-24 12:26:57,325 - pyALS-RF - INFO: Tree 3: 17 DBs instantiated.
2024-11-24 12:26:57,327 - pyALS-RF - INFO: Tree 4: 15 DBs instantiated.
2024-11-24 12:26:57,328 - pyALS-RF - INFO: Tree 5: 17 DBs instantiated.
2024-11-24 12:26:57,329 - pyALS-RF - INFO: Tree 6: 17 DBs instantiated.
2024-11-24 12:26:57,330 - pyALS-RF - INFO: Tree 7: 15 DBs instantiated.
2024-11-24 12:26:57,331 - pyALS-RF - INFO: Tree 8: 16 DBs instantiated.
2024-11-24 12:26:57,332 - pyALS-RF - INFO: Tree 9: 16 DBs instantiated.
2024-11-24 12:27:14,378 - pyALS-RF - INFO: Runing the TMR flow.
2024-11-24 12:27:14,395 - pyALS-RF - INFO: Tree 0: 17 DBs instantiated.
2024-11-24 12:27:14,397 - pyALS-RF - INFO: Tree 1: 16 DBs instantiated.
2024-11-24 12:27:14,399 - pyALS-RF - INFO: Tree 2: 16 DBs instantiated.
2024-11-24 12:27:14,400 - pyALS-RF - INFO: Tree 3: 17 DBs instantiated.
2024-11-24 12:27:14,401 - pyALS-RF - INFO: Tree 4: 15 DBs instantiated.
2024-11-24 12:27:14,402 - pyALS-RF - INFO: Tree 5: 17 DBs instantiated.
2024-11-24 12:27:14,403 - pyALS-RF - INFO: Tree 6: 17 DBs instantiated.
2024-11-24 12:27:14,404 - pyALS-RF - INFO: Tree 7: 15 DBs instantiated.
2024-11-24 12:27:14,406 - pyALS-RF - INFO: Tree 8: 16 DBs instantiated.
2024-11-24 12:27:14,407 - pyALS-RF - INFO: Tree 9: 16 DBs instantiated.
2024-11-24 12:27:22,258 - pyALS-RF - INFO: Runing the TMR flow.
2024-11-24 12:27:22,275 - pyALS-RF - INFO: Tree 0: 17 DBs instantiated.
2024-11-24 12:27:22,277 - pyALS-RF - INFO: Tree 1: 16 DBs instantiated.
2024-11-24 12:27:22,278 - pyALS-RF - INFO: Tree 2: 16 DBs instantiated.
2024-11-24 12:27:22,280 - pyALS-RF - INFO: Tree 3: 17 DBs instantiated.
2024-11-24 12:27:22,281 - pyALS-RF - INFO: Tree 4: 15 DBs instantiated.
2024-11-24 12:27:22,282 - pyALS-RF - INFO: Tree 5: 17 DBs instantiated.
2024-11-24 12:27:22,283 - pyALS-RF - INFO: Tree 6: 17 DBs instantiated.
2024-11-24 12:27:22,284 - pyALS-RF - INFO: Tree 7: 15 DBs instantiated.
2024-11-24 12:27:22,285 - pyALS-RF - INFO: Tree 8: 16 DBs instantiated.
2024-11-24 12:27:22,287 - pyALS-RF - INFO: Tree 9: 16 DBs instantiated.
2024-11-24 12:27:36,050 - pyALS-RF - INFO: Runing the TMR flow.
2024-11-24 12:27:36,068 - pyALS-RF - INFO: Tree 0: 17 DBs instantiated.
2024-11-24 12:27:36,070 - pyALS-RF - INFO: Tree 1: 16 DBs instantiated.
2024-11-24 12:27:36,071 - pyALS-RF - INFO: Tree 2: 16 DBs instantiated.
2024-11-24 12:27:36,072 - pyALS-RF - INFO: Tree 3: 17 DBs instantiated.
2024-11-24 12:27:36,073 - pyALS-RF - INFO: Tree 4: 15 DBs instantiated.
2024-11-24 12:27:36,075 - pyALS-RF - INFO: Tree 5: 17 DBs instantiated.
2024-11-24 12:27:36,076 - pyALS-RF - INFO: Tree 6: 17 DBs instantiated.
2024-11-24 12:27:36,077 - pyALS-RF - INFO: Tree 7: 15 DBs instantiated.
2024-11-24 12:27:36,078 - pyALS-RF - INFO: Tree 8: 16 DBs instantiated.
2024-11-24 12:27:36,079 - pyALS-RF - INFO: Tree 9: 16 DBs instantiated.
2024-11-24 12:29:32,705 - pyALS-RF - INFO: Runing the TMR flow.
2024-11-24 12:29:32,723 - pyALS-RF - INFO: Tree 0: 17 DBs instantiated.
2024-11-24 12:29:32,725 - pyALS-RF - INFO: Tree 1: 16 DBs instantiated.
2024-11-24 12:29:32,726 - pyALS-RF - INFO: Tree 2: 16 DBs instantiated.
2024-11-24 12:29:32,727 - pyALS-RF - INFO: Tree 3: 17 DBs instantiated.
2024-11-24 12:29:32,729 - pyALS-RF - INFO: Tree 4: 15 DBs instantiated.
2024-11-24 12:29:32,730 - pyALS-RF - INFO: Tree 5: 17 DBs instantiated.
2024-11-24 12:29:32,731 - pyALS-RF - INFO: Tree 6: 17 DBs instantiated.
2024-11-24 12:29:32,732 - pyALS-RF - INFO: Tree 7: 15 DBs instantiated.
2024-11-24 12:29:32,733 - pyALS-RF - INFO: Tree 8: 16 DBs instantiated.
2024-11-24 12:29:32,734 - pyALS-RF - INFO: Tree 9: 16 DBs instantiated.
2024-11-24 12:35:54,750 - pyALS-RF - INFO: Runing the TMR flow.
2024-11-24 12:35:54,769 - pyALS-RF - INFO: Tree 0: 17 DBs instantiated.
2024-11-24 12:35:54,771 - pyALS-RF - INFO: Tree 1: 16 DBs instantiated.
2024-11-24 12:35:54,772 - pyALS-RF - INFO: Tree 2: 16 DBs instantiated.
2024-11-24 12:35:54,773 - pyALS-RF - INFO: Tree 3: 17 DBs instantiated.
2024-11-24 12:35:54,774 - pyALS-RF - INFO: Tree 4: 15 DBs instantiated.
2024-11-24 12:35:54,776 - pyALS-RF - INFO: Tree 5: 17 DBs instantiated.
2024-11-24 12:35:54,777 - pyALS-RF - INFO: Tree 6: 17 DBs instantiated.
2024-11-24 12:35:54,778 - pyALS-RF - INFO: Tree 7: 15 DBs instantiated.
2024-11-24 12:35:54,779 - pyALS-RF - INFO: Tree 8: 16 DBs instantiated.
2024-11-24 12:35:54,780 - pyALS-RF - INFO: Tree 9: 16 DBs instantiated.
2024-11-24 12:36:19,709 - pyALS-RF - INFO: Runing the TMR flow.
2024-11-24 12:36:19,726 - pyALS-RF - INFO: Tree 0: 17 DBs instantiated.
2024-11-24 12:36:19,728 - pyALS-RF - INFO: Tree 1: 16 DBs instantiated.
2024-11-24 12:36:19,729 - pyALS-RF - INFO: Tree 2: 16 DBs instantiated.
2024-11-24 12:36:19,731 - pyALS-RF - INFO: Tree 3: 17 DBs instantiated.
2024-11-24 12:36:19,732 - pyALS-RF - INFO: Tree 4: 15 DBs instantiated.
2024-11-24 12:36:19,734 - pyALS-RF - INFO: Tree 5: 17 DBs instantiated.
2024-11-24 12:36:19,735 - pyALS-RF - INFO: Tree 6: 17 DBs instantiated.
2024-11-24 12:36:19,737 - pyALS-RF - INFO: Tree 7: 15 DBs instantiated.
2024-11-24 12:36:19,738 - pyALS-RF - INFO: Tree 8: 16 DBs instantiated.
2024-11-24 12:36:19,739 - pyALS-RF - INFO: Tree 9: 16 DBs instantiated.
2024-11-24 12:36:31,030 - pyALS-RF - INFO: Runing the TMR flow.
2024-11-24 12:36:31,048 - pyALS-RF - INFO: Tree 0: 17 DBs instantiated.
2024-11-24 12:36:31,050 - pyALS-RF - INFO: Tree 1: 16 DBs instantiated.
2024-11-24 12:36:31,052 - pyALS-RF - INFO: Tree 2: 16 DBs instantiated.
2024-11-24 12:36:31,053 - pyALS-RF - INFO: Tree 3: 17 DBs instantiated.
2024-11-24 12:36:31,054 - pyALS-RF - INFO: Tree 4: 15 DBs instantiated.
2024-11-24 12:36:31,055 - pyALS-RF - INFO: Tree 5: 17 DBs instantiated.
2024-11-24 12:36:31,056 - pyALS-RF - INFO: Tree 6: 17 DBs instantiated.
2024-11-24 12:36:31,058 - pyALS-RF - INFO: Tree 7: 15 DBs instantiated.
2024-11-24 12:36:31,059 - pyALS-RF - INFO: Tree 8: 16 DBs instantiated.
2024-11-24 12:36:31,061 - pyALS-RF - INFO: Tree 9: 16 DBs instantiated.
2024-11-24 12:38:48,044 - pyALS-RF - INFO: Runing the TMR flow.
2024-11-24 12:38:48,065 - pyALS-RF - INFO: Tree 0: 17 DBs instantiated.
2024-11-24 12:38:48,067 - pyALS-RF - INFO: Tree 1: 16 DBs instantiated.
2024-11-24 12:38:48,068 - pyALS-RF - INFO: Tree 2: 16 DBs instantiated.
2024-11-24 12:38:48,069 - pyALS-RF - INFO: Tree 3: 17 DBs instantiated.
2024-11-24 12:38:48,071 - pyALS-RF - INFO: Tree 4: 15 DBs instantiated.
2024-11-24 12:38:48,072 - pyALS-RF - INFO: Tree 5: 17 DBs instantiated.
2024-11-24 12:38:48,073 - pyALS-RF - INFO: Tree 6: 17 DBs instantiated.
2024-11-24 12:38:48,074 - pyALS-RF - INFO: Tree 7: 15 DBs instantiated.
2024-11-24 12:38:48,075 - pyALS-RF - INFO: Tree 8: 16 DBs instantiated.
2024-11-24 12:38:48,076 - pyALS-RF - INFO: Tree 9: 16 DBs instantiated.
2024-11-24 12:42:35,300 - pyALS-RF - INFO: Runing the TMR flow.
2024-11-24 12:42:35,318 - pyALS-RF - INFO: Tree 0: 17 DBs instantiated.
2024-11-24 12:42:35,320 - pyALS-RF - INFO: Tree 1: 16 DBs instantiated.
2024-11-24 12:42:35,321 - pyALS-RF - INFO: Tree 2: 16 DBs instantiated.
2024-11-24 12:42:35,322 - pyALS-RF - INFO: Tree 3: 17 DBs instantiated.
2024-11-24 12:42:35,323 - pyALS-RF - INFO: Tree 4: 15 DBs instantiated.
2024-11-24 12:42:35,325 - pyALS-RF - INFO: Tree 5: 17 DBs instantiated.
2024-11-24 12:42:35,326 - pyALS-RF - INFO: Tree 6: 17 DBs instantiated.
2024-11-24 12:42:35,327 - pyALS-RF - INFO: Tree 7: 15 DBs instantiated.
2024-11-24 12:42:35,328 - pyALS-RF - INFO: Tree 8: 16 DBs instantiated.
2024-11-24 12:42:35,329 - pyALS-RF - INFO: Tree 9: 16 DBs instantiated.
2024-11-24 12:42:47,177 - pyALS-RF - INFO: Runing the TMR flow.
2024-11-24 12:42:47,194 - pyALS-RF - INFO: Tree 0: 17 DBs instantiated.
2024-11-24 12:42:47,196 - pyALS-RF - INFO: Tree 1: 16 DBs instantiated.
2024-11-24 12:42:47,198 - pyALS-RF - INFO: Tree 2: 16 DBs instantiated.
2024-11-24 12:42:47,199 - pyALS-RF - INFO: Tree 3: 17 DBs instantiated.
2024-11-24 12:42:47,200 - pyALS-RF - INFO: Tree 4: 15 DBs instantiated.
2024-11-24 12:42:47,201 - pyALS-RF - INFO: Tree 5: 17 DBs instantiated.
2024-11-24 12:42:47,202 - pyALS-RF - INFO: Tree 6: 17 DBs instantiated.
2024-11-24 12:42:47,203 - pyALS-RF - INFO: Tree 7: 15 DBs instantiated.
2024-11-24 12:42:47,204 - pyALS-RF - INFO: Tree 8: 16 DBs instantiated.
2024-11-24 12:42:47,205 - pyALS-RF - INFO: Tree 9: 16 DBs instantiated.
2024-11-24 12:43:01,071 - pyALS-RF - INFO: Runing the TMR flow.
2024-11-24 12:43:01,090 - pyALS-RF - INFO: Tree 0: 17 DBs instantiated.
2024-11-24 12:43:01,092 - pyALS-RF - INFO: Tree 1: 16 DBs instantiated.
2024-11-24 12:43:01,093 - pyALS-RF - INFO: Tree 2: 16 DBs instantiated.
2024-11-24 12:43:01,094 - pyALS-RF - INFO: Tree 3: 17 DBs instantiated.
2024-11-24 12:43:01,095 - pyALS-RF - INFO: Tree 4: 15 DBs instantiated.
2024-11-24 12:43:01,096 - pyALS-RF - INFO: Tree 5: 17 DBs instantiated.
2024-11-24 12:43:01,098 - pyALS-RF - INFO: Tree 6: 17 DBs instantiated.
2024-11-24 12:43:01,099 - pyALS-RF - INFO: Tree 7: 15 DBs instantiated.
2024-11-24 12:43:01,100 - pyALS-RF - INFO: Tree 8: 16 DBs instantiated.
2024-11-24 12:43:01,101 - pyALS-RF - INFO: Tree 9: 16 DBs instantiated.
2024-11-24 12:43:11,684 - pyALS-RF - INFO: Runing the TMR flow.
2024-11-24 12:43:11,714 - pyALS-RF - INFO: Tree 0: 20 DBs instantiated.
2024-11-24 12:43:11,716 - pyALS-RF - INFO: Tree 1: 21 DBs instantiated.
2024-11-24 12:43:11,717 - pyALS-RF - INFO: Tree 2: 23 DBs instantiated.
2024-11-24 12:43:11,718 - pyALS-RF - INFO: Tree 3: 17 DBs instantiated.
2024-11-24 12:43:11,720 - pyALS-RF - INFO: Tree 4: 23 DBs instantiated.
2024-11-24 12:43:11,721 - pyALS-RF - INFO: Tree 5: 20 DBs instantiated.
2024-11-24 12:43:11,722 - pyALS-RF - INFO: Tree 6: 22 DBs instantiated.
2024-11-24 12:43:11,724 - pyALS-RF - INFO: Tree 7: 17 DBs instantiated.
2024-11-24 12:43:11,725 - pyALS-RF - INFO: Tree 8: 23 DBs instantiated.
2024-11-24 12:43:11,726 - pyALS-RF - INFO: Tree 9: 21 DBs instantiated.
2024-11-24 12:43:11,728 - pyALS-RF - INFO: Tree 10: 25 DBs instantiated.
2024-11-24 12:43:11,729 - pyALS-RF - INFO: Tree 11: 27 DBs instantiated.
2024-11-24 12:43:11,731 - pyALS-RF - INFO: Tree 12: 26 DBs instantiated.
2024-11-24 12:43:11,733 - pyALS-RF - INFO: Tree 13: 24 DBs instantiated.
2024-11-24 12:43:11,734 - pyALS-RF - INFO: Tree 14: 21 DBs instantiated.
2024-11-24 12:43:11,736 - pyALS-RF - INFO: Tree 15: 23 DBs instantiated.
2024-11-24 12:43:11,737 - pyALS-RF - INFO: Tree 16: 18 DBs instantiated.
2024-11-24 12:43:11,738 - pyALS-RF - INFO: Tree 17: 16 DBs instantiated.
2024-11-24 12:43:11,740 - pyALS-RF - INFO: Tree 18: 20 DBs instantiated.
2024-11-24 12:43:11,741 - pyALS-RF - INFO: Tree 19: 22 DBs instantiated.
2024-11-24 12:43:11,742 - pyALS-RF - INFO: Tree 20: 19 DBs instantiated.
2024-11-24 12:43:11,743 - pyALS-RF - INFO: Tree 21: 19 DBs instantiated.
2024-11-24 12:43:11,745 - pyALS-RF - INFO: Tree 22: 19 DBs instantiated.
2024-11-24 12:43:11,746 - pyALS-RF - INFO: Tree 23: 18 DBs instantiated.
2024-11-24 12:43:11,747 - pyALS-RF - INFO: Tree 24: 18 DBs instantiated.
2024-11-24 12:43:11,749 - pyALS-RF - INFO: Tree 25: 22 DBs instantiated.
2024-11-24 12:43:11,750 - pyALS-RF - INFO: Tree 26: 24 DBs instantiated.
2024-11-24 12:43:11,752 - pyALS-RF - INFO: Tree 27: 21 DBs instantiated.
2024-11-24 12:43:11,754 - pyALS-RF - INFO: Tree 28: 24 DBs instantiated.
2024-11-24 12:43:11,755 - pyALS-RF - INFO: Tree 29: 15 DBs instantiated.
2024-11-24 12:43:11,756 - pyALS-RF - INFO: Tree 30: 17 DBs instantiated.
2024-11-24 12:43:11,758 - pyALS-RF - INFO: Tree 31: 21 DBs instantiated.
2024-11-24 12:43:11,759 - pyALS-RF - INFO: Tree 32: 25 DBs instantiated.
2024-11-24 12:43:11,761 - pyALS-RF - INFO: Tree 33: 24 DBs instantiated.
2024-11-24 12:43:11,762 - pyALS-RF - INFO: Tree 34: 17 DBs instantiated.
2024-11-24 12:43:11,763 - pyALS-RF - INFO: Tree 35: 21 DBs instantiated.
2024-11-24 12:43:11,765 - pyALS-RF - INFO: Tree 36: 24 DBs instantiated.
2024-11-24 12:43:11,766 - pyALS-RF - INFO: Tree 37: 19 DBs instantiated.
2024-11-24 12:43:11,768 - pyALS-RF - INFO: Tree 38: 27 DBs instantiated.
2024-11-24 12:43:11,769 - pyALS-RF - INFO: Tree 39: 22 DBs instantiated.
2024-11-24 12:43:19,674 - pyALS-RF - INFO: Runing the TMR flow.
2024-11-24 12:43:19,703 - pyALS-RF - INFO: Tree 0: 20 DBs instantiated.
2024-11-24 12:43:19,706 - pyALS-RF - INFO: Tree 1: 21 DBs instantiated.
2024-11-24 12:43:19,707 - pyALS-RF - INFO: Tree 2: 23 DBs instantiated.
2024-11-24 12:43:19,708 - pyALS-RF - INFO: Tree 3: 17 DBs instantiated.
2024-11-24 12:43:19,709 - pyALS-RF - INFO: Tree 4: 23 DBs instantiated.
2024-11-24 12:43:19,711 - pyALS-RF - INFO: Tree 5: 20 DBs instantiated.
2024-11-24 12:43:19,713 - pyALS-RF - INFO: Tree 6: 22 DBs instantiated.
2024-11-24 12:43:19,714 - pyALS-RF - INFO: Tree 7: 17 DBs instantiated.
2024-11-24 12:43:19,716 - pyALS-RF - INFO: Tree 8: 23 DBs instantiated.
2024-11-24 12:43:19,717 - pyALS-RF - INFO: Tree 9: 21 DBs instantiated.
2024-11-24 12:43:19,719 - pyALS-RF - INFO: Tree 10: 25 DBs instantiated.
2024-11-24 12:43:19,720 - pyALS-RF - INFO: Tree 11: 27 DBs instantiated.
2024-11-24 12:43:19,722 - pyALS-RF - INFO: Tree 12: 26 DBs instantiated.
2024-11-24 12:43:19,723 - pyALS-RF - INFO: Tree 13: 24 DBs instantiated.
2024-11-24 12:43:19,725 - pyALS-RF - INFO: Tree 14: 21 DBs instantiated.
2024-11-24 12:43:19,726 - pyALS-RF - INFO: Tree 15: 23 DBs instantiated.
2024-11-24 12:43:19,728 - pyALS-RF - INFO: Tree 16: 18 DBs instantiated.
2024-11-24 12:43:19,729 - pyALS-RF - INFO: Tree 17: 16 DBs instantiated.
2024-11-24 12:43:19,730 - pyALS-RF - INFO: Tree 18: 20 DBs instantiated.
2024-11-24 12:43:19,731 - pyALS-RF - INFO: Tree 19: 22 DBs instantiated.
2024-11-24 12:43:19,733 - pyALS-RF - INFO: Tree 20: 19 DBs instantiated.
2024-11-24 12:43:19,734 - pyALS-RF - INFO: Tree 21: 19 DBs instantiated.
2024-11-24 12:43:19,735 - pyALS-RF - INFO: Tree 22: 19 DBs instantiated.
2024-11-24 12:43:19,736 - pyALS-RF - INFO: Tree 23: 18 DBs instantiated.
2024-11-24 12:43:19,738 - pyALS-RF - INFO: Tree 24: 18 DBs instantiated.
2024-11-24 12:43:19,739 - pyALS-RF - INFO: Tree 25: 22 DBs instantiated.
2024-11-24 12:43:19,741 - pyALS-RF - INFO: Tree 26: 24 DBs instantiated.
2024-11-24 12:43:19,743 - pyALS-RF - INFO: Tree 27: 21 DBs instantiated.
2024-11-24 12:43:19,744 - pyALS-RF - INFO: Tree 28: 24 DBs instantiated.
2024-11-24 12:43:19,745 - pyALS-RF - INFO: Tree 29: 15 DBs instantiated.
2024-11-24 12:43:19,747 - pyALS-RF - INFO: Tree 30: 17 DBs instantiated.
2024-11-24 12:43:19,748 - pyALS-RF - INFO: Tree 31: 21 DBs instantiated.
2024-11-24 12:43:19,749 - pyALS-RF - INFO: Tree 32: 25 DBs instantiated.
2024-11-24 12:43:19,751 - pyALS-RF - INFO: Tree 33: 24 DBs instantiated.
2024-11-24 12:43:19,752 - pyALS-RF - INFO: Tree 34: 17 DBs instantiated.
2024-11-24 12:43:19,754 - pyALS-RF - INFO: Tree 35: 21 DBs instantiated.
2024-11-24 12:43:19,755 - pyALS-RF - INFO: Tree 36: 24 DBs instantiated.
2024-11-24 12:43:19,757 - pyALS-RF - INFO: Tree 37: 19 DBs instantiated.
2024-11-24 12:43:19,758 - pyALS-RF - INFO: Tree 38: 27 DBs instantiated.
2024-11-24 12:43:19,760 - pyALS-RF - INFO: Tree 39: 22 DBs instantiated.
2024-11-24 12:43:33,046 - pyALS-RF - INFO: Runing the TMR flow.
2024-11-24 12:43:33,989 - pyALS-RF - INFO: Tree 0: 399 DBs instantiated.
2024-11-24 12:43:34,065 - pyALS-RF - INFO: Tree 1: 392 DBs instantiated.
2024-11-24 12:43:34,137 - pyALS-RF - INFO: Tree 2: 409 DBs instantiated.
2024-11-24 12:43:34,207 - pyALS-RF - INFO: Tree 3: 394 DBs instantiated.
2024-11-24 12:43:34,277 - pyALS-RF - INFO: Tree 4: 396 DBs instantiated.
2024-11-24 12:43:34,342 - pyALS-RF - INFO: Tree 5: 369 DBs instantiated.
2024-11-24 12:43:34,403 - pyALS-RF - INFO: Tree 6: 373 DBs instantiated.
2024-11-24 12:43:34,463 - pyALS-RF - INFO: Tree 7: 389 DBs instantiated.
2024-11-24 12:43:34,525 - pyALS-RF - INFO: Tree 8: 358 DBs instantiated.
2024-11-24 12:43:34,583 - pyALS-RF - INFO: Tree 9: 365 DBs instantiated.
2024-11-24 12:43:34,646 - pyALS-RF - INFO: Tree 10: 407 DBs instantiated.
2024-11-24 12:43:34,716 - pyALS-RF - INFO: Tree 11: 398 DBs instantiated.
2024-11-24 12:43:34,779 - pyALS-RF - INFO: Tree 12: 365 DBs instantiated.
2024-11-24 12:43:34,839 - pyALS-RF - INFO: Tree 13: 370 DBs instantiated.
2024-11-24 12:43:34,903 - pyALS-RF - INFO: Tree 14: 399 DBs instantiated.
2024-11-24 12:43:34,964 - pyALS-RF - INFO: Tree 15: 366 DBs instantiated.
2024-11-24 12:43:35,018 - pyALS-RF - INFO: Tree 16: 364 DBs instantiated.
2024-11-24 12:43:35,085 - pyALS-RF - INFO: Tree 17: 391 DBs instantiated.
2024-11-24 12:43:35,151 - pyALS-RF - INFO: Tree 18: 384 DBs instantiated.
2024-11-24 12:43:35,213 - pyALS-RF - INFO: Tree 19: 372 DBs instantiated.
2024-11-24 12:43:35,276 - pyALS-RF - INFO: Tree 20: 383 DBs instantiated.
2024-11-24 12:43:35,338 - pyALS-RF - INFO: Tree 21: 372 DBs instantiated.
2024-11-24 12:43:35,396 - pyALS-RF - INFO: Tree 22: 366 DBs instantiated.
2024-11-24 12:43:35,470 - pyALS-RF - INFO: Tree 23: 439 DBs instantiated.
2024-11-24 12:43:35,543 - pyALS-RF - INFO: Tree 24: 379 DBs instantiated.
2024-11-24 12:43:35,614 - pyALS-RF - INFO: Tree 25: 434 DBs instantiated.
2024-11-24 12:43:35,690 - pyALS-RF - INFO: Tree 26: 393 DBs instantiated.
2024-11-24 12:43:35,755 - pyALS-RF - INFO: Tree 27: 380 DBs instantiated.
2024-11-24 12:43:35,815 - pyALS-RF - INFO: Tree 28: 386 DBs instantiated.
2024-11-24 12:43:35,877 - pyALS-RF - INFO: Tree 29: 388 DBs instantiated.
2024-11-24 12:43:35,943 - pyALS-RF - INFO: Tree 30: 402 DBs instantiated.
2024-11-24 12:43:36,002 - pyALS-RF - INFO: Tree 31: 347 DBs instantiated.
2024-11-24 12:43:36,052 - pyALS-RF - INFO: Tree 32: 332 DBs instantiated.
2024-11-24 12:43:36,111 - pyALS-RF - INFO: Tree 33: 396 DBs instantiated.
2024-11-24 12:43:36,176 - pyALS-RF - INFO: Tree 34: 389 DBs instantiated.
2024-11-24 12:43:36,244 - pyALS-RF - INFO: Tree 35: 367 DBs instantiated.
2024-11-24 12:43:36,311 - pyALS-RF - INFO: Tree 36: 364 DBs instantiated.
2024-11-24 12:43:36,376 - pyALS-RF - INFO: Tree 37: 385 DBs instantiated.
2024-11-24 12:43:36,446 - pyALS-RF - INFO: Tree 38: 395 DBs instantiated.
2024-11-24 12:43:36,517 - pyALS-RF - INFO: Tree 39: 375 DBs instantiated.
2024-11-24 12:55:35,977 - pyALS-RF - INFO: Runing the TMR flow.
2024-11-24 12:55:36,923 - pyALS-RF - INFO: Tree 0: 399 DBs instantiated.
2024-11-24 12:55:36,998 - pyALS-RF - INFO: Tree 1: 392 DBs instantiated.
2024-11-24 12:55:37,066 - pyALS-RF - INFO: Tree 2: 409 DBs instantiated.
2024-11-24 12:55:37,137 - pyALS-RF - INFO: Tree 3: 394 DBs instantiated.
2024-11-24 12:55:37,207 - pyALS-RF - INFO: Tree 4: 396 DBs instantiated.
2024-11-24 12:55:37,271 - pyALS-RF - INFO: Tree 5: 369 DBs instantiated.
2024-11-24 12:55:37,332 - pyALS-RF - INFO: Tree 6: 373 DBs instantiated.
2024-11-24 12:55:37,392 - pyALS-RF - INFO: Tree 7: 389 DBs instantiated.
2024-11-24 12:55:37,455 - pyALS-RF - INFO: Tree 8: 358 DBs instantiated.
2024-11-24 12:55:37,512 - pyALS-RF - INFO: Tree 9: 365 DBs instantiated.
2024-11-24 12:55:37,575 - pyALS-RF - INFO: Tree 10: 407 DBs instantiated.
2024-11-24 12:55:37,647 - pyALS-RF - INFO: Tree 11: 398 DBs instantiated.
2024-11-24 12:55:37,711 - pyALS-RF - INFO: Tree 12: 365 DBs instantiated.
2024-11-24 12:55:37,770 - pyALS-RF - INFO: Tree 13: 370 DBs instantiated.
2024-11-24 12:55:37,835 - pyALS-RF - INFO: Tree 14: 399 DBs instantiated.
2024-11-24 12:55:37,897 - pyALS-RF - INFO: Tree 15: 366 DBs instantiated.
2024-11-24 12:55:37,950 - pyALS-RF - INFO: Tree 16: 364 DBs instantiated.
2024-11-24 12:55:38,008 - pyALS-RF - INFO: Tree 17: 391 DBs instantiated.
2024-11-24 12:55:38,073 - pyALS-RF - INFO: Tree 18: 384 DBs instantiated.
2024-11-24 12:55:38,142 - pyALS-RF - INFO: Tree 19: 372 DBs instantiated.
2024-11-24 12:55:38,203 - pyALS-RF - INFO: Tree 20: 383 DBs instantiated.
2024-11-24 12:55:38,264 - pyALS-RF - INFO: Tree 21: 372 DBs instantiated.
2024-11-24 12:55:38,324 - pyALS-RF - INFO: Tree 22: 366 DBs instantiated.
2024-11-24 12:55:38,397 - pyALS-RF - INFO: Tree 23: 439 DBs instantiated.
2024-11-24 12:55:38,469 - pyALS-RF - INFO: Tree 24: 379 DBs instantiated.
2024-11-24 12:55:38,539 - pyALS-RF - INFO: Tree 25: 434 DBs instantiated.
2024-11-24 12:55:38,614 - pyALS-RF - INFO: Tree 26: 393 DBs instantiated.
2024-11-24 12:55:38,678 - pyALS-RF - INFO: Tree 27: 380 DBs instantiated.
2024-11-24 12:55:38,740 - pyALS-RF - INFO: Tree 28: 386 DBs instantiated.
2024-11-24 12:55:38,801 - pyALS-RF - INFO: Tree 29: 388 DBs instantiated.
2024-11-24 12:55:38,867 - pyALS-RF - INFO: Tree 30: 402 DBs instantiated.
2024-11-24 12:55:38,925 - pyALS-RF - INFO: Tree 31: 347 DBs instantiated.
2024-11-24 12:55:38,976 - pyALS-RF - INFO: Tree 32: 332 DBs instantiated.
2024-11-24 12:55:39,034 - pyALS-RF - INFO: Tree 33: 396 DBs instantiated.
2024-11-24 12:55:39,099 - pyALS-RF - INFO: Tree 34: 389 DBs instantiated.
2024-11-24 12:55:39,160 - pyALS-RF - INFO: Tree 35: 367 DBs instantiated.
2024-11-24 12:55:39,222 - pyALS-RF - INFO: Tree 36: 364 DBs instantiated.
2024-11-24 12:55:39,289 - pyALS-RF - INFO: Tree 37: 385 DBs instantiated.
2024-11-24 12:55:39,359 - pyALS-RF - INFO: Tree 38: 395 DBs instantiated.
2024-11-24 12:55:39,430 - pyALS-RF - INFO: Tree 39: 375 DBs instantiated.
2024-11-24 12:57:36,859 - pyALS-RF - INFO: Runing the TMR flow.
2024-11-24 12:57:37,810 - pyALS-RF - INFO: Tree 0: 399 DBs instantiated.
2024-11-24 12:57:37,886 - pyALS-RF - INFO: Tree 1: 392 DBs instantiated.
2024-11-24 12:57:37,954 - pyALS-RF - INFO: Tree 2: 409 DBs instantiated.
2024-11-24 12:57:38,024 - pyALS-RF - INFO: Tree 3: 394 DBs instantiated.
2024-11-24 12:57:38,092 - pyALS-RF - INFO: Tree 4: 396 DBs instantiated.
2024-11-24 12:57:38,156 - pyALS-RF - INFO: Tree 5: 369 DBs instantiated.
2024-11-24 12:57:38,216 - pyALS-RF - INFO: Tree 6: 373 DBs instantiated.
2024-11-24 12:57:38,278 - pyALS-RF - INFO: Tree 7: 389 DBs instantiated.
2024-11-24 12:57:38,341 - pyALS-RF - INFO: Tree 8: 358 DBs instantiated.
2024-11-24 12:57:38,399 - pyALS-RF - INFO: Tree 9: 365 DBs instantiated.
2024-11-24 12:57:38,463 - pyALS-RF - INFO: Tree 10: 407 DBs instantiated.
2024-11-24 12:57:38,534 - pyALS-RF - INFO: Tree 11: 398 DBs instantiated.
2024-11-24 12:57:38,599 - pyALS-RF - INFO: Tree 12: 365 DBs instantiated.
2024-11-24 12:57:38,658 - pyALS-RF - INFO: Tree 13: 370 DBs instantiated.
2024-11-24 12:57:38,722 - pyALS-RF - INFO: Tree 14: 399 DBs instantiated.
2024-11-24 12:57:38,784 - pyALS-RF - INFO: Tree 15: 366 DBs instantiated.
2024-11-24 12:57:38,842 - pyALS-RF - INFO: Tree 16: 364 DBs instantiated.
2024-11-24 12:57:38,902 - pyALS-RF - INFO: Tree 17: 391 DBs instantiated.
2024-11-24 12:57:38,969 - pyALS-RF - INFO: Tree 18: 384 DBs instantiated.
2024-11-24 12:57:39,030 - pyALS-RF - INFO: Tree 19: 372 DBs instantiated.
2024-11-24 12:57:39,091 - pyALS-RF - INFO: Tree 20: 383 DBs instantiated.
2024-11-24 12:57:39,154 - pyALS-RF - INFO: Tree 21: 372 DBs instantiated.
2024-11-24 12:57:39,214 - pyALS-RF - INFO: Tree 22: 366 DBs instantiated.
2024-11-24 12:57:39,287 - pyALS-RF - INFO: Tree 23: 439 DBs instantiated.
2024-11-24 12:57:39,360 - pyALS-RF - INFO: Tree 24: 379 DBs instantiated.
2024-11-24 12:57:39,431 - pyALS-RF - INFO: Tree 25: 434 DBs instantiated.
2024-11-24 12:57:39,506 - pyALS-RF - INFO: Tree 26: 393 DBs instantiated.
2024-11-24 12:57:39,571 - pyALS-RF - INFO: Tree 27: 380 DBs instantiated.
2024-11-24 12:57:39,633 - pyALS-RF - INFO: Tree 28: 386 DBs instantiated.
2024-11-24 12:57:39,694 - pyALS-RF - INFO: Tree 29: 388 DBs instantiated.
2024-11-24 12:57:39,761 - pyALS-RF - INFO: Tree 30: 402 DBs instantiated.
2024-11-24 12:57:39,820 - pyALS-RF - INFO: Tree 31: 347 DBs instantiated.
2024-11-24 12:57:39,872 - pyALS-RF - INFO: Tree 32: 332 DBs instantiated.
2024-11-24 12:57:39,932 - pyALS-RF - INFO: Tree 33: 396 DBs instantiated.
2024-11-24 12:57:39,996 - pyALS-RF - INFO: Tree 34: 389 DBs instantiated.
2024-11-24 12:57:40,057 - pyALS-RF - INFO: Tree 35: 367 DBs instantiated.
2024-11-24 12:57:40,120 - pyALS-RF - INFO: Tree 36: 364 DBs instantiated.
2024-11-24 12:57:40,184 - pyALS-RF - INFO: Tree 37: 385 DBs instantiated.
2024-11-24 12:57:40,255 - pyALS-RF - INFO: Tree 38: 395 DBs instantiated.
2024-11-24 12:57:40,326 - pyALS-RF - INFO: Tree 39: 375 DBs instantiated.
2024-11-24 12:58:06,308 - pyALS-RF - INFO: Runing the TMR flow.
2024-11-24 12:58:06,648 - pyALS-RF - INFO: Tree 0: 245 DBs instantiated.
2024-11-24 12:58:06,671 - pyALS-RF - INFO: Tree 1: 240 DBs instantiated.
2024-11-24 12:58:06,692 - pyALS-RF - INFO: Tree 2: 249 DBs instantiated.
2024-11-24 12:58:06,714 - pyALS-RF - INFO: Tree 3: 232 DBs instantiated.
2024-11-24 12:58:06,734 - pyALS-RF - INFO: Tree 4: 226 DBs instantiated.
2024-11-24 12:58:06,754 - pyALS-RF - INFO: Tree 5: 241 DBs instantiated.
2024-11-24 12:58:06,775 - pyALS-RF - INFO: Tree 6: 229 DBs instantiated.
2024-11-24 12:58:06,795 - pyALS-RF - INFO: Tree 7: 241 DBs instantiated.
2024-11-24 12:58:06,817 - pyALS-RF - INFO: Tree 8: 256 DBs instantiated.
2024-11-24 12:58:06,839 - pyALS-RF - INFO: Tree 9: 241 DBs instantiated.
2024-11-24 12:58:06,860 - pyALS-RF - INFO: Tree 10: 240 DBs instantiated.
2024-11-24 12:58:06,881 - pyALS-RF - INFO: Tree 11: 242 DBs instantiated.
2024-11-24 12:58:06,902 - pyALS-RF - INFO: Tree 12: 235 DBs instantiated.
2024-11-24 12:58:06,924 - pyALS-RF - INFO: Tree 13: 253 DBs instantiated.
2024-11-24 12:58:06,946 - pyALS-RF - INFO: Tree 14: 244 DBs instantiated.
2024-11-24 12:58:06,967 - pyALS-RF - INFO: Tree 15: 237 DBs instantiated.
2024-11-24 12:58:06,988 - pyALS-RF - INFO: Tree 16: 234 DBs instantiated.
2024-11-24 12:58:07,011 - pyALS-RF - INFO: Tree 17: 275 DBs instantiated.
2024-11-24 12:58:07,033 - pyALS-RF - INFO: Tree 18: 220 DBs instantiated.
2024-11-24 12:58:07,053 - pyALS-RF - INFO: Tree 19: 245 DBs instantiated.
2024-11-24 12:58:07,074 - pyALS-RF - INFO: Tree 20: 230 DBs instantiated.
2024-11-24 12:58:07,095 - pyALS-RF - INFO: Tree 21: 249 DBs instantiated.
2024-11-24 12:58:07,117 - pyALS-RF - INFO: Tree 22: 242 DBs instantiated.
2024-11-24 12:58:07,139 - pyALS-RF - INFO: Tree 23: 254 DBs instantiated.
2024-11-24 12:58:07,160 - pyALS-RF - INFO: Tree 24: 226 DBs instantiated.
2024-11-24 12:58:07,181 - pyALS-RF - INFO: Tree 25: 257 DBs instantiated.
2024-11-24 12:58:07,202 - pyALS-RF - INFO: Tree 26: 219 DBs instantiated.
2024-11-24 12:58:07,224 - pyALS-RF - INFO: Tree 27: 239 DBs instantiated.
2024-11-24 12:58:07,247 - pyALS-RF - INFO: Tree 28: 250 DBs instantiated.
2024-11-24 12:58:07,270 - pyALS-RF - INFO: Tree 29: 243 DBs instantiated.
2024-11-24 12:58:07,292 - pyALS-RF - INFO: Tree 30: 241 DBs instantiated.
2024-11-24 12:58:07,312 - pyALS-RF - INFO: Tree 31: 226 DBs instantiated.
2024-11-24 12:58:07,332 - pyALS-RF - INFO: Tree 32: 228 DBs instantiated.
2024-11-24 12:58:07,350 - pyALS-RF - INFO: Tree 33: 219 DBs instantiated.
2024-11-24 12:58:07,370 - pyALS-RF - INFO: Tree 34: 228 DBs instantiated.
2024-11-24 12:58:07,390 - pyALS-RF - INFO: Tree 35: 245 DBs instantiated.
2024-11-24 12:58:07,411 - pyALS-RF - INFO: Tree 36: 236 DBs instantiated.
2024-11-24 12:58:07,430 - pyALS-RF - INFO: Tree 37: 213 DBs instantiated.
2024-11-24 12:58:07,449 - pyALS-RF - INFO: Tree 38: 230 DBs instantiated.
2024-11-24 12:58:07,470 - pyALS-RF - INFO: Tree 39: 238 DBs instantiated.
2024-11-24 12:58:32,697 - pyALS-RF - INFO: Runing the TMR flow.
2024-11-24 12:58:32,741 - pyALS-RF - INFO: Tree 0: 113 DBs instantiated.
2024-11-24 12:58:32,749 - pyALS-RF - INFO: Tree 1: 120 DBs instantiated.
2024-11-24 12:58:32,756 - pyALS-RF - INFO: Tree 2: 106 DBs instantiated.
2024-11-24 12:58:32,764 - pyALS-RF - INFO: Tree 3: 131 DBs instantiated.
2024-11-24 12:58:32,772 - pyALS-RF - INFO: Tree 4: 132 DBs instantiated.
2024-11-24 12:58:32,780 - pyALS-RF - INFO: Tree 5: 100 DBs instantiated.
2024-11-24 12:58:32,787 - pyALS-RF - INFO: Tree 6: 122 DBs instantiated.
2024-11-24 12:58:32,794 - pyALS-RF - INFO: Tree 7: 110 DBs instantiated.
2024-11-24 12:58:32,800 - pyALS-RF - INFO: Tree 8: 115 DBs instantiated.
2024-11-24 12:58:32,808 - pyALS-RF - INFO: Tree 9: 134 DBs instantiated.
2024-11-24 12:58:39,618 - pyALS-RF - INFO: Runing the TMR flow.
2024-11-24 12:58:39,645 - pyALS-RF - INFO: Tree 0: 117 DBs instantiated.
2024-11-24 12:58:39,653 - pyALS-RF - INFO: Tree 1: 114 DBs instantiated.
2024-11-24 12:58:39,660 - pyALS-RF - INFO: Tree 2: 116 DBs instantiated.
2024-11-24 12:58:39,667 - pyALS-RF - INFO: Tree 3: 117 DBs instantiated.
2024-11-24 12:58:39,675 - pyALS-RF - INFO: Tree 4: 128 DBs instantiated.
2024-11-24 13:16:28,053 - pyALS-RF - INFO: Runing the TMR flow.
2024-11-24 13:16:28,081 - pyALS-RF - INFO: Tree 0: 117 DBs instantiated.
2024-11-24 13:16:28,089 - pyALS-RF - INFO: Tree 1: 114 DBs instantiated.
2024-11-24 13:16:28,096 - pyALS-RF - INFO: Tree 2: 116 DBs instantiated.
2024-11-24 13:16:28,104 - pyALS-RF - INFO: Tree 3: 117 DBs instantiated.
2024-11-24 13:16:28,111 - pyALS-RF - INFO: Tree 4: 128 DBs instantiated.
2024-11-24 13:16:32,740 - pyALS-RF - INFO: Runing the TMR flow.
2024-11-24 13:16:32,767 - pyALS-RF - INFO: Tree 0: 117 DBs instantiated.
2024-11-24 13:16:32,775 - pyALS-RF - INFO: Tree 1: 114 DBs instantiated.
2024-11-24 13:16:32,782 - pyALS-RF - INFO: Tree 2: 116 DBs instantiated.
2024-11-24 13:16:32,789 - pyALS-RF - INFO: Tree 3: 117 DBs instantiated.
2024-11-24 13:16:32,798 - pyALS-RF - INFO: Tree 4: 128 DBs instantiated.
2024-11-24 13:16:34,823 - pyALS-RF - INFO: Runing the TMR flow.
2024-11-24 13:16:34,849 - pyALS-RF - INFO: Tree 0: 117 DBs instantiated.
2024-11-24 13:16:34,857 - pyALS-RF - INFO: Tree 1: 114 DBs instantiated.
2024-11-24 13:16:34,864 - pyALS-RF - INFO: Tree 2: 116 DBs instantiated.
2024-11-24 13:16:34,873 - pyALS-RF - INFO: Tree 3: 117 DBs instantiated.
2024-11-24 13:16:34,885 - pyALS-RF - INFO: Tree 4: 128 DBs instantiated.
2024-11-24 13:16:36,647 - pyALS-RF - INFO: Runing the TMR flow.
2024-11-24 13:16:36,673 - pyALS-RF - INFO: Tree 0: 117 DBs instantiated.
2024-11-24 13:16:36,681 - pyALS-RF - INFO: Tree 1: 114 DBs instantiated.
2024-11-24 13:16:36,688 - pyALS-RF - INFO: Tree 2: 116 DBs instantiated.
2024-11-24 13:16:36,695 - pyALS-RF - INFO: Tree 3: 117 DBs instantiated.
2024-11-24 13:16:36,702 - pyALS-RF - INFO: Tree 4: 128 DBs instantiated.
2024-11-24 13:16:44,502 - pyALS-RF - INFO: Runing the TMR flow.
2024-11-24 13:16:44,541 - pyALS-RF - INFO: Tree 0: 110 DBs instantiated.
2024-11-24 13:16:44,549 - pyALS-RF - INFO: Tree 1: 129 DBs instantiated.
2024-11-24 13:16:44,558 - pyALS-RF - INFO: Tree 2: 115 DBs instantiated.
2024-11-24 13:16:44,565 - pyALS-RF - INFO: Tree 3: 108 DBs instantiated.
2024-11-24 13:16:44,573 - pyALS-RF - INFO: Tree 4: 117 DBs instantiated.
2024-11-24 13:16:47,621 - pyALS-RF - INFO: Runing the TMR flow.
2024-11-24 13:16:47,651 - pyALS-RF - INFO: Tree 0: 110 DBs instantiated.
2024-11-24 13:16:47,660 - pyALS-RF - INFO: Tree 1: 129 DBs instantiated.
2024-11-24 13:16:47,669 - pyALS-RF - INFO: Tree 2: 115 DBs instantiated.
2024-11-24 13:16:47,676 - pyALS-RF - INFO: Tree 3: 108 DBs instantiated.
2024-11-24 13:16:47,684 - pyALS-RF - INFO: Tree 4: 117 DBs instantiated.
2024-11-24 13:16:49,315 - pyALS-RF - INFO: Runing the TMR flow.
2024-11-24 13:16:49,345 - pyALS-RF - INFO: Tree 0: 110 DBs instantiated.
2024-11-24 13:16:49,354 - pyALS-RF - INFO: Tree 1: 129 DBs instantiated.
2024-11-24 13:16:49,363 - pyALS-RF - INFO: Tree 2: 115 DBs instantiated.
2024-11-24 13:16:49,370 - pyALS-RF - INFO: Tree 3: 108 DBs instantiated.
2024-11-24 13:16:49,377 - pyALS-RF - INFO: Tree 4: 117 DBs instantiated.
2024-11-24 13:16:51,024 - pyALS-RF - INFO: Runing the TMR flow.
2024-11-24 13:16:51,055 - pyALS-RF - INFO: Tree 0: 110 DBs instantiated.
2024-11-24 13:16:51,064 - pyALS-RF - INFO: Tree 1: 129 DBs instantiated.
2024-11-24 13:16:51,073 - pyALS-RF - INFO: Tree 2: 115 DBs instantiated.
2024-11-24 13:16:51,081 - pyALS-RF - INFO: Tree 3: 108 DBs instantiated.
2024-11-24 13:16:51,089 - pyALS-RF - INFO: Tree 4: 117 DBs instantiated.
2024-11-24 13:16:52,425 - pyALS-RF - INFO: Runing the TMR flow.
2024-11-24 13:16:52,454 - pyALS-RF - INFO: Tree 0: 110 DBs instantiated.
2024-11-24 13:16:52,463 - pyALS-RF - INFO: Tree 1: 129 DBs instantiated.
2024-11-24 13:16:52,471 - pyALS-RF - INFO: Tree 2: 115 DBs instantiated.
2024-11-24 13:16:52,479 - pyALS-RF - INFO: Tree 3: 108 DBs instantiated.
2024-11-24 13:16:52,486 - pyALS-RF - INFO: Tree 4: 117 DBs instantiated.
2024-11-24 13:18:22,459 - pyALS-RF - INFO: Runing the TMR flow.
2024-11-24 13:18:22,489 - pyALS-RF - INFO: Tree 0: 110 DBs instantiated.
2024-11-24 13:18:22,498 - pyALS-RF - INFO: Tree 1: 129 DBs instantiated.
2024-11-24 13:18:22,507 - pyALS-RF - INFO: Tree 2: 115 DBs instantiated.
2024-11-24 13:18:22,515 - pyALS-RF - INFO: Tree 3: 108 DBs instantiated.
2024-11-24 13:18:22,528 - pyALS-RF - INFO: Tree 4: 117 DBs instantiated.
2024-11-24 13:18:30,418 - pyALS-RF - INFO: Runing the TMR flow.
2024-11-24 13:18:30,539 - pyALS-RF - INFO: Tree 0: 125 DBs instantiated.
2024-11-24 13:18:30,547 - pyALS-RF - INFO: Tree 1: 104 DBs instantiated.
2024-11-24 13:18:30,556 - pyALS-RF - INFO: Tree 2: 134 DBs instantiated.
2024-11-24 13:18:30,565 - pyALS-RF - INFO: Tree 3: 113 DBs instantiated.
2024-11-24 13:18:30,574 - pyALS-RF - INFO: Tree 4: 133 DBs instantiated.
2024-11-24 13:18:30,582 - pyALS-RF - INFO: Tree 5: 106 DBs instantiated.
2024-11-24 13:18:30,590 - pyALS-RF - INFO: Tree 6: 127 DBs instantiated.
2024-11-24 13:18:30,599 - pyALS-RF - INFO: Tree 7: 114 DBs instantiated.
2024-11-24 13:18:30,607 - pyALS-RF - INFO: Tree 8: 138 DBs instantiated.
2024-11-24 13:18:30,617 - pyALS-RF - INFO: Tree 9: 132 DBs instantiated.
2024-11-24 13:18:30,626 - pyALS-RF - INFO: Tree 10: 124 DBs instantiated.
2024-11-24 13:18:30,635 - pyALS-RF - INFO: Tree 11: 123 DBs instantiated.
2024-11-24 13:18:30,645 - pyALS-RF - INFO: Tree 12: 145 DBs instantiated.
2024-11-24 13:18:30,655 - pyALS-RF - INFO: Tree 13: 118 DBs instantiated.
2024-11-24 13:18:30,663 - pyALS-RF - INFO: Tree 14: 109 DBs instantiated.
2024-11-24 13:18:30,670 - pyALS-RF - INFO: Tree 15: 90 DBs instantiated.
2024-11-24 13:18:30,678 - pyALS-RF - INFO: Tree 16: 121 DBs instantiated.
2024-11-24 13:18:30,687 - pyALS-RF - INFO: Tree 17: 120 DBs instantiated.
2024-11-24 13:18:30,695 - pyALS-RF - INFO: Tree 18: 122 DBs instantiated.
2024-11-24 13:18:30,703 - pyALS-RF - INFO: Tree 19: 112 DBs instantiated.
2024-11-24 13:18:30,711 - pyALS-RF - INFO: Tree 20: 124 DBs instantiated.
2024-11-24 13:18:30,719 - pyALS-RF - INFO: Tree 21: 113 DBs instantiated.
2024-11-24 13:18:30,729 - pyALS-RF - INFO: Tree 22: 119 DBs instantiated.
2024-11-24 13:18:30,737 - pyALS-RF - INFO: Tree 23: 107 DBs instantiated.
2024-11-24 13:18:30,745 - pyALS-RF - INFO: Tree 24: 133 DBs instantiated.
2024-11-24 13:18:30,753 - pyALS-RF - INFO: Tree 25: 102 DBs instantiated.
2024-11-24 13:18:30,762 - pyALS-RF - INFO: Tree 26: 120 DBs instantiated.
2024-11-24 13:18:30,769 - pyALS-RF - INFO: Tree 27: 114 DBs instantiated.
2024-11-24 13:18:30,777 - pyALS-RF - INFO: Tree 28: 127 DBs instantiated.
2024-11-24 13:18:30,784 - pyALS-RF - INFO: Tree 29: 94 DBs instantiated.
2024-11-24 13:18:30,794 - pyALS-RF - INFO: Tree 30: 143 DBs instantiated.
2024-11-24 13:18:30,804 - pyALS-RF - INFO: Tree 31: 107 DBs instantiated.
2024-11-24 13:18:30,811 - pyALS-RF - INFO: Tree 32: 117 DBs instantiated.
2024-11-24 13:18:30,820 - pyALS-RF - INFO: Tree 33: 108 DBs instantiated.
2024-11-24 13:18:30,827 - pyALS-RF - INFO: Tree 34: 92 DBs instantiated.
2024-11-24 13:18:30,835 - pyALS-RF - INFO: Tree 35: 140 DBs instantiated.
2024-11-24 13:18:30,845 - pyALS-RF - INFO: Tree 36: 134 DBs instantiated.
2024-11-24 13:18:30,857 - pyALS-RF - INFO: Tree 37: 158 DBs instantiated.
2024-11-24 13:18:30,867 - pyALS-RF - INFO: Tree 38: 117 DBs instantiated.
2024-11-24 13:18:30,875 - pyALS-RF - INFO: Tree 39: 118 DBs instantiated.
2024-11-24 13:18:36,948 - pyALS-RF - INFO: Runing the TMR flow.
2024-11-24 13:18:37,067 - pyALS-RF - INFO: Tree 0: 125 DBs instantiated.
2024-11-24 13:18:37,076 - pyALS-RF - INFO: Tree 1: 104 DBs instantiated.
2024-11-24 13:18:37,084 - pyALS-RF - INFO: Tree 2: 134 DBs instantiated.
2024-11-24 13:18:37,093 - pyALS-RF - INFO: Tree 3: 113 DBs instantiated.
2024-11-24 13:18:37,101 - pyALS-RF - INFO: Tree 4: 133 DBs instantiated.
2024-11-24 13:18:37,109 - pyALS-RF - INFO: Tree 5: 106 DBs instantiated.
2024-11-24 13:18:37,117 - pyALS-RF - INFO: Tree 6: 127 DBs instantiated.
2024-11-24 13:18:37,125 - pyALS-RF - INFO: Tree 7: 114 DBs instantiated.
2024-11-24 13:18:37,134 - pyALS-RF - INFO: Tree 8: 138 DBs instantiated.
2024-11-24 13:18:37,144 - pyALS-RF - INFO: Tree 9: 132 DBs instantiated.
2024-11-24 13:18:37,154 - pyALS-RF - INFO: Tree 10: 124 DBs instantiated.
2024-11-24 13:18:37,163 - pyALS-RF - INFO: Tree 11: 123 DBs instantiated.
2024-11-24 13:18:37,173 - pyALS-RF - INFO: Tree 12: 145 DBs instantiated.
2024-11-24 13:18:37,183 - pyALS-RF - INFO: Tree 13: 118 DBs instantiated.
2024-11-24 13:18:37,191 - pyALS-RF - INFO: Tree 14: 109 DBs instantiated.
2024-11-24 13:18:37,197 - pyALS-RF - INFO: Tree 15: 90 DBs instantiated.
2024-11-24 13:18:37,206 - pyALS-RF - INFO: Tree 16: 121 DBs instantiated.
2024-11-24 13:18:37,214 - pyALS-RF - INFO: Tree 17: 120 DBs instantiated.
2024-11-24 13:18:37,222 - pyALS-RF - INFO: Tree 18: 122 DBs instantiated.
2024-11-24 13:18:37,230 - pyALS-RF - INFO: Tree 19: 112 DBs instantiated.
2024-11-24 13:18:37,238 - pyALS-RF - INFO: Tree 20: 124 DBs instantiated.
2024-11-24 13:18:37,247 - pyALS-RF - INFO: Tree 21: 113 DBs instantiated.
2024-11-24 13:18:37,255 - pyALS-RF - INFO: Tree 22: 119 DBs instantiated.
2024-11-24 13:18:37,263 - pyALS-RF - INFO: Tree 23: 107 DBs instantiated.
2024-11-24 13:18:37,271 - pyALS-RF - INFO: Tree 24: 133 DBs instantiated.
2024-11-24 13:18:37,279 - pyALS-RF - INFO: Tree 25: 102 DBs instantiated.
2024-11-24 13:18:37,287 - pyALS-RF - INFO: Tree 26: 120 DBs instantiated.
2024-11-24 13:18:37,295 - pyALS-RF - INFO: Tree 27: 114 DBs instantiated.
2024-11-24 13:18:37,302 - pyALS-RF - INFO: Tree 28: 127 DBs instantiated.
2024-11-24 13:18:37,310 - pyALS-RF - INFO: Tree 29: 94 DBs instantiated.
2024-11-24 13:18:37,319 - pyALS-RF - INFO: Tree 30: 143 DBs instantiated.
2024-11-24 13:18:37,328 - pyALS-RF - INFO: Tree 31: 107 DBs instantiated.
2024-11-24 13:18:37,335 - pyALS-RF - INFO: Tree 32: 117 DBs instantiated.
2024-11-24 13:18:37,343 - pyALS-RF - INFO: Tree 33: 108 DBs instantiated.
2024-11-24 13:18:37,349 - pyALS-RF - INFO: Tree 34: 92 DBs instantiated.
2024-11-24 13:18:37,357 - pyALS-RF - INFO: Tree 35: 140 DBs instantiated.
2024-11-24 13:18:37,367 - pyALS-RF - INFO: Tree 36: 134 DBs instantiated.
2024-11-24 13:18:37,381 - pyALS-RF - INFO: Tree 37: 158 DBs instantiated.
2024-11-24 13:18:37,393 - pyALS-RF - INFO: Tree 38: 117 DBs instantiated.
2024-11-24 13:18:37,402 - pyALS-RF - INFO: Tree 39: 118 DBs instantiated.
2024-11-24 13:18:45,515 - pyALS-RF - INFO: Runing the TMR flow.
2024-11-24 13:18:45,634 - pyALS-RF - INFO: Tree 0: 125 DBs instantiated.
2024-11-24 13:18:45,643 - pyALS-RF - INFO: Tree 1: 104 DBs instantiated.
2024-11-24 13:18:45,651 - pyALS-RF - INFO: Tree 2: 134 DBs instantiated.
2024-11-24 13:18:45,660 - pyALS-RF - INFO: Tree 3: 113 DBs instantiated.
2024-11-24 13:18:45,668 - pyALS-RF - INFO: Tree 4: 133 DBs instantiated.
2024-11-24 13:18:45,677 - pyALS-RF - INFO: Tree 5: 106 DBs instantiated.
2024-11-24 13:18:45,684 - pyALS-RF - INFO: Tree 6: 127 DBs instantiated.
2024-11-24 13:18:45,694 - pyALS-RF - INFO: Tree 7: 114 DBs instantiated.
2024-11-24 13:18:45,702 - pyALS-RF - INFO: Tree 8: 138 DBs instantiated.
2024-11-24 13:18:45,713 - pyALS-RF - INFO: Tree 9: 132 DBs instantiated.
2024-11-24 13:18:45,723 - pyALS-RF - INFO: Tree 10: 124 DBs instantiated.
2024-11-24 13:18:45,731 - pyALS-RF - INFO: Tree 11: 123 DBs instantiated.
2024-11-24 13:18:45,742 - pyALS-RF - INFO: Tree 12: 145 DBs instantiated.
2024-11-24 13:18:45,751 - pyALS-RF - INFO: Tree 13: 118 DBs instantiated.
2024-11-24 13:18:45,759 - pyALS-RF - INFO: Tree 14: 109 DBs instantiated.
2024-11-24 13:18:45,766 - pyALS-RF - INFO: Tree 15: 90 DBs instantiated.
2024-11-24 13:18:45,775 - pyALS-RF - INFO: Tree 16: 121 DBs instantiated.
2024-11-24 13:18:45,784 - pyALS-RF - INFO: Tree 17: 120 DBs instantiated.
2024-11-24 13:18:45,792 - pyALS-RF - INFO: Tree 18: 122 DBs instantiated.
2024-11-24 13:18:45,801 - pyALS-RF - INFO: Tree 19: 112 DBs instantiated.
2024-11-24 13:18:45,810 - pyALS-RF - INFO: Tree 20: 124 DBs instantiated.
2024-11-24 13:18:45,820 - pyALS-RF - INFO: Tree 21: 113 DBs instantiated.
2024-11-24 13:18:45,829 - pyALS-RF - INFO: Tree 22: 119 DBs instantiated.
2024-11-24 13:18:45,838 - pyALS-RF - INFO: Tree 23: 107 DBs instantiated.
2024-11-24 13:18:45,847 - pyALS-RF - INFO: Tree 24: 133 DBs instantiated.
2024-11-24 13:18:45,855 - pyALS-RF - INFO: Tree 25: 102 DBs instantiated.
2024-11-24 13:18:45,863 - pyALS-RF - INFO: Tree 26: 120 DBs instantiated.
2024-11-24 13:18:45,871 - pyALS-RF - INFO: Tree 27: 114 DBs instantiated.
2024-11-24 13:18:45,879 - pyALS-RF - INFO: Tree 28: 127 DBs instantiated.
2024-11-24 13:18:45,887 - pyALS-RF - INFO: Tree 29: 94 DBs instantiated.
2024-11-24 13:18:45,896 - pyALS-RF - INFO: Tree 30: 143 DBs instantiated.
2024-11-24 13:18:45,905 - pyALS-RF - INFO: Tree 31: 107 DBs instantiated.
2024-11-24 13:18:45,912 - pyALS-RF - INFO: Tree 32: 117 DBs instantiated.
2024-11-24 13:18:45,920 - pyALS-RF - INFO: Tree 33: 108 DBs instantiated.
2024-11-24 13:18:45,926 - pyALS-RF - INFO: Tree 34: 92 DBs instantiated.
2024-11-24 13:18:45,934 - pyALS-RF - INFO: Tree 35: 140 DBs instantiated.
2024-11-24 13:18:45,944 - pyALS-RF - INFO: Tree 36: 134 DBs instantiated.
2024-11-24 13:18:45,956 - pyALS-RF - INFO: Tree 37: 158 DBs instantiated.
2024-11-24 13:18:45,966 - pyALS-RF - INFO: Tree 38: 117 DBs instantiated.
2024-11-24 13:18:45,974 - pyALS-RF - INFO: Tree 39: 118 DBs instantiated.
2024-11-24 13:19:41,409 - pyALS-RF - INFO: Runing the TMR flow.
2024-11-24 13:19:42,342 - pyALS-RF - INFO: Tree 0: 399 DBs instantiated.
2024-11-24 13:19:42,418 - pyALS-RF - INFO: Tree 1: 392 DBs instantiated.
2024-11-24 13:19:42,486 - pyALS-RF - INFO: Tree 2: 409 DBs instantiated.
2024-11-24 13:19:42,557 - pyALS-RF - INFO: Tree 3: 394 DBs instantiated.
2024-11-24 13:19:42,629 - pyALS-RF - INFO: Tree 4: 396 DBs instantiated.
2024-11-24 13:19:42,694 - pyALS-RF - INFO: Tree 5: 369 DBs instantiated.
2024-11-24 13:19:42,755 - pyALS-RF - INFO: Tree 6: 373 DBs instantiated.
2024-11-24 13:19:42,815 - pyALS-RF - INFO: Tree 7: 389 DBs instantiated.
2024-11-24 13:19:42,880 - pyALS-RF - INFO: Tree 8: 358 DBs instantiated.
2024-11-24 13:19:42,937 - pyALS-RF - INFO: Tree 9: 365 DBs instantiated.
2024-11-24 13:19:42,999 - pyALS-RF - INFO: Tree 10: 407 DBs instantiated.
2024-11-24 13:19:43,072 - pyALS-RF - INFO: Tree 11: 398 DBs instantiated.
2024-11-24 13:19:43,136 - pyALS-RF - INFO: Tree 12: 365 DBs instantiated.
2024-11-24 13:19:43,197 - pyALS-RF - INFO: Tree 13: 370 DBs instantiated.
2024-11-24 13:19:43,261 - pyALS-RF - INFO: Tree 14: 399 DBs instantiated.
2024-11-24 13:19:43,322 - pyALS-RF - INFO: Tree 15: 366 DBs instantiated.
2024-11-24 13:19:43,376 - pyALS-RF - INFO: Tree 16: 364 DBs instantiated.
2024-11-24 13:19:43,434 - pyALS-RF - INFO: Tree 17: 391 DBs instantiated.
2024-11-24 13:19:43,503 - pyALS-RF - INFO: Tree 18: 384 DBs instantiated.
2024-11-24 13:19:43,565 - pyALS-RF - INFO: Tree 19: 372 DBs instantiated.
2024-11-24 13:19:43,626 - pyALS-RF - INFO: Tree 20: 383 DBs instantiated.
2024-11-24 13:19:43,689 - pyALS-RF - INFO: Tree 21: 372 DBs instantiated.
2024-11-24 13:19:43,748 - pyALS-RF - INFO: Tree 22: 366 DBs instantiated.
2024-11-24 13:19:43,823 - pyALS-RF - INFO: Tree 23: 439 DBs instantiated.
2024-11-24 13:19:43,898 - pyALS-RF - INFO: Tree 24: 379 DBs instantiated.
2024-11-24 13:19:43,969 - pyALS-RF - INFO: Tree 25: 434 DBs instantiated.
2024-11-24 13:19:44,044 - pyALS-RF - INFO: Tree 26: 393 DBs instantiated.
2024-11-24 13:19:44,109 - pyALS-RF - INFO: Tree 27: 380 DBs instantiated.
2024-11-24 13:19:44,171 - pyALS-RF - INFO: Tree 28: 386 DBs instantiated.
2024-11-24 13:19:44,233 - pyALS-RF - INFO: Tree 29: 388 DBs instantiated.
2024-11-24 13:19:44,300 - pyALS-RF - INFO: Tree 30: 402 DBs instantiated.
2024-11-24 13:19:44,358 - pyALS-RF - INFO: Tree 31: 347 DBs instantiated.
2024-11-24 13:19:44,409 - pyALS-RF - INFO: Tree 32: 332 DBs instantiated.
2024-11-24 13:19:44,468 - pyALS-RF - INFO: Tree 33: 396 DBs instantiated.
2024-11-24 13:19:44,534 - pyALS-RF - INFO: Tree 34: 389 DBs instantiated.
2024-11-24 13:19:44,596 - pyALS-RF - INFO: Tree 35: 367 DBs instantiated.
2024-11-24 13:19:44,659 - pyALS-RF - INFO: Tree 36: 364 DBs instantiated.
2024-11-24 13:19:44,729 - pyALS-RF - INFO: Tree 37: 385 DBs instantiated.
2024-11-24 13:19:44,799 - pyALS-RF - INFO: Tree 38: 395 DBs instantiated.
2024-11-24 13:19:44,871 - pyALS-RF - INFO: Tree 39: 375 DBs instantiated.
2024-11-24 13:20:35,268 - pyALS-RF - INFO: Runing the TMR flow.
2024-11-24 13:20:36,209 - pyALS-RF - INFO: Tree 0: 399 DBs instantiated.
2024-11-24 13:20:36,284 - pyALS-RF - INFO: Tree 1: 392 DBs instantiated.
2024-11-24 13:20:36,351 - pyALS-RF - INFO: Tree 2: 409 DBs instantiated.
2024-11-24 13:20:36,419 - pyALS-RF - INFO: Tree 3: 394 DBs instantiated.
2024-11-24 13:20:36,488 - pyALS-RF - INFO: Tree 4: 396 DBs instantiated.
2024-11-24 13:20:36,552 - pyALS-RF - INFO: Tree 5: 369 DBs instantiated.
2024-11-24 13:20:36,614 - pyALS-RF - INFO: Tree 6: 373 DBs instantiated.
2024-11-24 13:20:36,676 - pyALS-RF - INFO: Tree 7: 389 DBs instantiated.
2024-11-24 13:20:36,739 - pyALS-RF - INFO: Tree 8: 358 DBs instantiated.
2024-11-24 13:20:36,796 - pyALS-RF - INFO: Tree 9: 365 DBs instantiated.
2024-11-24 13:20:36,859 - pyALS-RF - INFO: Tree 10: 407 DBs instantiated.
2024-11-24 13:20:36,930 - pyALS-RF - INFO: Tree 11: 398 DBs instantiated.
2024-11-24 13:20:36,993 - pyALS-RF - INFO: Tree 12: 365 DBs instantiated.
2024-11-24 13:20:37,051 - pyALS-RF - INFO: Tree 13: 370 DBs instantiated.
2024-11-24 13:20:37,115 - pyALS-RF - INFO: Tree 14: 399 DBs instantiated.
2024-11-24 13:20:37,176 - pyALS-RF - INFO: Tree 15: 366 DBs instantiated.
2024-11-24 13:20:37,230 - pyALS-RF - INFO: Tree 16: 364 DBs instantiated.
2024-11-24 13:20:37,287 - pyALS-RF - INFO: Tree 17: 391 DBs instantiated.
2024-11-24 13:20:37,354 - pyALS-RF - INFO: Tree 18: 384 DBs instantiated.
2024-11-24 13:20:37,419 - pyALS-RF - INFO: Tree 19: 372 DBs instantiated.
2024-11-24 13:20:37,479 - pyALS-RF - INFO: Tree 20: 383 DBs instantiated.
2024-11-24 13:20:37,541 - pyALS-RF - INFO: Tree 21: 372 DBs instantiated.
2024-11-24 13:20:37,599 - pyALS-RF - INFO: Tree 22: 366 DBs instantiated.
2024-11-24 13:20:37,673 - pyALS-RF - INFO: Tree 23: 439 DBs instantiated.
2024-11-24 13:20:37,746 - pyALS-RF - INFO: Tree 24: 379 DBs instantiated.
2024-11-24 13:20:37,815 - pyALS-RF - INFO: Tree 25: 434 DBs instantiated.
2024-11-24 13:20:37,890 - pyALS-RF - INFO: Tree 26: 393 DBs instantiated.
2024-11-24 13:20:37,954 - pyALS-RF - INFO: Tree 27: 380 DBs instantiated.
2024-11-24 13:20:38,016 - pyALS-RF - INFO: Tree 28: 386 DBs instantiated.
2024-11-24 13:20:38,076 - pyALS-RF - INFO: Tree 29: 388 DBs instantiated.
2024-11-24 13:20:38,142 - pyALS-RF - INFO: Tree 30: 402 DBs instantiated.
2024-11-24 13:20:38,201 - pyALS-RF - INFO: Tree 31: 347 DBs instantiated.
2024-11-24 13:20:38,253 - pyALS-RF - INFO: Tree 32: 332 DBs instantiated.
2024-11-24 13:20:38,310 - pyALS-RF - INFO: Tree 33: 396 DBs instantiated.
2024-11-24 13:20:38,376 - pyALS-RF - INFO: Tree 34: 389 DBs instantiated.
2024-11-24 13:20:38,437 - pyALS-RF - INFO: Tree 35: 367 DBs instantiated.
2024-11-24 13:20:38,499 - pyALS-RF - INFO: Tree 36: 364 DBs instantiated.
2024-11-24 13:20:38,563 - pyALS-RF - INFO: Tree 37: 385 DBs instantiated.
2024-11-24 13:20:38,633 - pyALS-RF - INFO: Tree 38: 395 DBs instantiated.
2024-11-24 13:20:38,705 - pyALS-RF - INFO: Tree 39: 375 DBs instantiated.
2024-11-24 14:20:27,589 - pyALS-RF - INFO: Runing the TMR flow.
2024-11-24 14:20:28,550 - pyALS-RF - INFO: Tree 0: 399 DBs instantiated.
2024-11-24 14:20:28,626 - pyALS-RF - INFO: Tree 1: 392 DBs instantiated.
2024-11-24 14:20:28,694 - pyALS-RF - INFO: Tree 2: 409 DBs instantiated.
2024-11-24 14:20:28,764 - pyALS-RF - INFO: Tree 3: 394 DBs instantiated.
2024-11-24 14:20:28,833 - pyALS-RF - INFO: Tree 4: 396 DBs instantiated.
2024-11-24 14:20:28,897 - pyALS-RF - INFO: Tree 5: 369 DBs instantiated.
2024-11-24 14:20:28,959 - pyALS-RF - INFO: Tree 6: 373 DBs instantiated.
2024-11-24 14:20:29,021 - pyALS-RF - INFO: Tree 7: 389 DBs instantiated.
2024-11-24 14:20:29,085 - pyALS-RF - INFO: Tree 8: 358 DBs instantiated.
2024-11-24 14:20:29,145 - pyALS-RF - INFO: Tree 9: 365 DBs instantiated.
2024-11-24 14:20:29,207 - pyALS-RF - INFO: Tree 10: 407 DBs instantiated.
2024-11-24 14:20:29,279 - pyALS-RF - INFO: Tree 11: 398 DBs instantiated.
2024-11-24 14:20:29,343 - pyALS-RF - INFO: Tree 12: 365 DBs instantiated.
2024-11-24 14:20:29,402 - pyALS-RF - INFO: Tree 13: 370 DBs instantiated.
2024-11-24 14:20:29,468 - pyALS-RF - INFO: Tree 14: 399 DBs instantiated.
2024-11-24 14:20:29,529 - pyALS-RF - INFO: Tree 15: 366 DBs instantiated.
2024-11-24 14:20:29,583 - pyALS-RF - INFO: Tree 16: 364 DBs instantiated.
2024-11-24 14:20:29,641 - pyALS-RF - INFO: Tree 17: 391 DBs instantiated.
2024-11-24 14:20:29,708 - pyALS-RF - INFO: Tree 18: 384 DBs instantiated.
2024-11-24 14:20:29,770 - pyALS-RF - INFO: Tree 19: 372 DBs instantiated.
2024-11-24 14:20:29,831 - pyALS-RF - INFO: Tree 20: 383 DBs instantiated.
2024-11-24 14:20:29,893 - pyALS-RF - INFO: Tree 21: 372 DBs instantiated.
2024-11-24 14:20:29,952 - pyALS-RF - INFO: Tree 22: 366 DBs instantiated.
2024-11-24 14:20:30,026 - pyALS-RF - INFO: Tree 23: 439 DBs instantiated.
2024-11-24 14:20:30,100 - pyALS-RF - INFO: Tree 24: 379 DBs instantiated.
2024-11-24 14:20:30,171 - pyALS-RF - INFO: Tree 25: 434 DBs instantiated.
2024-11-24 14:20:30,250 - pyALS-RF - INFO: Tree 26: 393 DBs instantiated.
2024-11-24 14:20:30,316 - pyALS-RF - INFO: Tree 27: 380 DBs instantiated.
2024-11-24 14:20:40,503 - pyALS-RF - INFO: Runing the TMR flow.
2024-11-24 14:20:40,533 - pyALS-RF - INFO: Tree 0: 20 DBs instantiated.
2024-11-24 14:20:40,535 - pyALS-RF - INFO: Tree 1: 21 DBs instantiated.
2024-11-24 14:20:40,537 - pyALS-RF - INFO: Tree 2: 23 DBs instantiated.
2024-11-24 14:20:40,538 - pyALS-RF - INFO: Tree 3: 17 DBs instantiated.
2024-11-24 14:20:40,539 - pyALS-RF - INFO: Tree 4: 23 DBs instantiated.
2024-11-24 14:20:40,541 - pyALS-RF - INFO: Tree 5: 20 DBs instantiated.
2024-11-24 14:20:40,542 - pyALS-RF - INFO: Tree 6: 22 DBs instantiated.
2024-11-24 14:20:40,543 - pyALS-RF - INFO: Tree 7: 17 DBs instantiated.
2024-11-24 14:20:40,545 - pyALS-RF - INFO: Tree 8: 23 DBs instantiated.
2024-11-24 14:20:40,546 - pyALS-RF - INFO: Tree 9: 21 DBs instantiated.
2024-11-24 14:20:40,547 - pyALS-RF - INFO: Tree 10: 25 DBs instantiated.
2024-11-24 14:20:40,549 - pyALS-RF - INFO: Tree 11: 27 DBs instantiated.
2024-11-24 14:20:40,550 - pyALS-RF - INFO: Tree 12: 26 DBs instantiated.
2024-11-24 14:20:40,552 - pyALS-RF - INFO: Tree 13: 24 DBs instantiated.
2024-11-24 14:20:40,553 - pyALS-RF - INFO: Tree 14: 21 DBs instantiated.
2024-11-24 14:20:40,555 - pyALS-RF - INFO: Tree 15: 23 DBs instantiated.
2024-11-24 14:20:40,556 - pyALS-RF - INFO: Tree 16: 18 DBs instantiated.
2024-11-24 14:20:40,557 - pyALS-RF - INFO: Tree 17: 16 DBs instantiated.
2024-11-24 14:20:40,558 - pyALS-RF - INFO: Tree 18: 20 DBs instantiated.
2024-11-24 14:20:40,560 - pyALS-RF - INFO: Tree 19: 22 DBs instantiated.
2024-11-24 14:20:40,561 - pyALS-RF - INFO: Tree 20: 19 DBs instantiated.
2024-11-24 14:20:40,562 - pyALS-RF - INFO: Tree 21: 19 DBs instantiated.
2024-11-24 14:20:40,564 - pyALS-RF - INFO: Tree 22: 19 DBs instantiated.
2024-11-24 14:20:40,565 - pyALS-RF - INFO: Tree 23: 18 DBs instantiated.
2024-11-24 14:20:40,566 - pyALS-RF - INFO: Tree 24: 18 DBs instantiated.
2024-11-24 14:20:40,568 - pyALS-RF - INFO: Tree 25: 22 DBs instantiated.
2024-11-24 14:20:40,569 - pyALS-RF - INFO: Tree 26: 24 DBs instantiated.
2024-11-24 14:20:40,570 - pyALS-RF - INFO: Tree 27: 21 DBs instantiated.
2024-11-24 14:20:40,572 - pyALS-RF - INFO: Tree 28: 24 DBs instantiated.
2024-11-24 14:20:40,573 - pyALS-RF - INFO: Tree 29: 15 DBs instantiated.
2024-11-24 14:20:40,574 - pyALS-RF - INFO: Tree 30: 17 DBs instantiated.
2024-11-24 14:20:40,575 - pyALS-RF - INFO: Tree 31: 21 DBs instantiated.
2024-11-24 14:20:40,577 - pyALS-RF - INFO: Tree 32: 25 DBs instantiated.
2024-11-24 14:20:40,579 - pyALS-RF - INFO: Tree 33: 24 DBs instantiated.
2024-11-24 14:20:40,580 - pyALS-RF - INFO: Tree 34: 17 DBs instantiated.
2024-11-24 14:20:40,581 - pyALS-RF - INFO: Tree 35: 21 DBs instantiated.
2024-11-24 14:20:40,583 - pyALS-RF - INFO: Tree 36: 24 DBs instantiated.
2024-11-24 14:20:40,584 - pyALS-RF - INFO: Tree 37: 19 DBs instantiated.
2024-11-24 14:20:40,586 - pyALS-RF - INFO: Tree 38: 27 DBs instantiated.
2024-11-24 14:20:40,587 - pyALS-RF - INFO: Tree 39: 22 DBs instantiated.
2024-11-24 14:20:44,165 - pyALS-RF - INFO: Runing the TMR flow.
2024-11-24 14:20:44,194 - pyALS-RF - INFO: Tree 0: 20 DBs instantiated.
2024-11-24 14:20:44,197 - pyALS-RF - INFO: Tree 1: 21 DBs instantiated.
2024-11-24 14:20:44,198 - pyALS-RF - INFO: Tree 2: 23 DBs instantiated.
2024-11-24 14:20:44,199 - pyALS-RF - INFO: Tree 3: 17 DBs instantiated.
2024-11-24 14:20:44,200 - pyALS-RF - INFO: Tree 4: 23 DBs instantiated.
2024-11-24 14:20:44,202 - pyALS-RF - INFO: Tree 5: 20 DBs instantiated.
2024-11-24 14:20:44,203 - pyALS-RF - INFO: Tree 6: 22 DBs instantiated.
2024-11-24 14:20:44,204 - pyALS-RF - INFO: Tree 7: 17 DBs instantiated.
2024-11-24 14:20:44,206 - pyALS-RF - INFO: Tree 8: 23 DBs instantiated.
2024-11-24 14:20:44,207 - pyALS-RF - INFO: Tree 9: 21 DBs instantiated.
2024-11-24 14:20:44,209 - pyALS-RF - INFO: Tree 10: 25 DBs instantiated.
2024-11-24 14:20:44,210 - pyALS-RF - INFO: Tree 11: 27 DBs instantiated.
2024-11-24 14:20:44,212 - pyALS-RF - INFO: Tree 12: 26 DBs instantiated.
2024-11-24 14:20:44,213 - pyALS-RF - INFO: Tree 13: 24 DBs instantiated.
2024-11-24 14:20:44,215 - pyALS-RF - INFO: Tree 14: 21 DBs instantiated.
2024-11-24 14:20:44,216 - pyALS-RF - INFO: Tree 15: 23 DBs instantiated.
2024-11-24 14:20:44,217 - pyALS-RF - INFO: Tree 16: 18 DBs instantiated.
2024-11-24 14:20:44,218 - pyALS-RF - INFO: Tree 17: 16 DBs instantiated.
2024-11-24 14:20:44,220 - pyALS-RF - INFO: Tree 18: 20 DBs instantiated.
2024-11-24 14:20:44,221 - pyALS-RF - INFO: Tree 19: 22 DBs instantiated.
2024-11-24 14:20:44,222 - pyALS-RF - INFO: Tree 20: 19 DBs instantiated.
2024-11-24 14:20:44,224 - pyALS-RF - INFO: Tree 21: 19 DBs instantiated.
2024-11-24 14:20:44,225 - pyALS-RF - INFO: Tree 22: 19 DBs instantiated.
2024-11-24 14:20:44,226 - pyALS-RF - INFO: Tree 23: 18 DBs instantiated.
2024-11-24 14:20:44,227 - pyALS-RF - INFO: Tree 24: 18 DBs instantiated.
2024-11-24 14:20:44,229 - pyALS-RF - INFO: Tree 25: 22 DBs instantiated.
2024-11-24 14:20:44,230 - pyALS-RF - INFO: Tree 26: 24 DBs instantiated.
2024-11-24 14:20:44,232 - pyALS-RF - INFO: Tree 27: 21 DBs instantiated.
2024-11-24 14:20:44,233 - pyALS-RF - INFO: Tree 28: 24 DBs instantiated.
2024-11-24 14:20:44,234 - pyALS-RF - INFO: Tree 29: 15 DBs instantiated.
2024-11-24 14:20:44,235 - pyALS-RF - INFO: Tree 30: 17 DBs instantiated.
2024-11-24 14:20:44,237 - pyALS-RF - INFO: Tree 31: 21 DBs instantiated.
2024-11-24 14:20:44,238 - pyALS-RF - INFO: Tree 32: 25 DBs instantiated.
2024-11-24 14:20:44,240 - pyALS-RF - INFO: Tree 33: 24 DBs instantiated.
2024-11-24 14:20:44,241 - pyALS-RF - INFO: Tree 34: 17 DBs instantiated.
2024-11-24 14:20:44,242 - pyALS-RF - INFO: Tree 35: 21 DBs instantiated.
2024-11-24 14:20:44,244 - pyALS-RF - INFO: Tree 36: 24 DBs instantiated.
2024-11-24 14:20:44,246 - pyALS-RF - INFO: Tree 37: 19 DBs instantiated.
2024-11-24 14:20:44,247 - pyALS-RF - INFO: Tree 38: 27 DBs instantiated.
2024-11-24 14:20:44,248 - pyALS-RF - INFO: Tree 39: 22 DBs instantiated.
2024-11-24 14:20:46,099 - pyALS-RF - INFO: Runing the TMR flow.
2024-11-24 14:20:46,128 - pyALS-RF - INFO: Tree 0: 20 DBs instantiated.
2024-11-24 14:20:46,130 - pyALS-RF - INFO: Tree 1: 21 DBs instantiated.
2024-11-24 14:20:46,132 - pyALS-RF - INFO: Tree 2: 23 DBs instantiated.
2024-11-24 14:20:46,133 - pyALS-RF - INFO: Tree 3: 17 DBs instantiated.
2024-11-24 14:20:46,134 - pyALS-RF - INFO: Tree 4: 23 DBs instantiated.
2024-11-24 14:20:46,136 - pyALS-RF - INFO: Tree 5: 20 DBs instantiated.
2024-11-24 14:20:46,137 - pyALS-RF - INFO: Tree 6: 22 DBs instantiated.
2024-11-24 14:20:46,138 - pyALS-RF - INFO: Tree 7: 17 DBs instantiated.
2024-11-24 14:20:46,140 - pyALS-RF - INFO: Tree 8: 23 DBs instantiated.
2024-11-24 14:20:46,141 - pyALS-RF - INFO: Tree 9: 21 DBs instantiated.
2024-11-24 14:20:46,143 - pyALS-RF - INFO: Tree 10: 25 DBs instantiated.
2024-11-24 14:20:46,144 - pyALS-RF - INFO: Tree 11: 27 DBs instantiated.
2024-11-24 14:20:46,146 - pyALS-RF - INFO: Tree 12: 26 DBs instantiated.
2024-11-24 14:20:46,148 - pyALS-RF - INFO: Tree 13: 24 DBs instantiated.
2024-11-24 14:20:46,149 - pyALS-RF - INFO: Tree 14: 21 DBs instantiated.
2024-11-24 14:20:46,151 - pyALS-RF - INFO: Tree 15: 23 DBs instantiated.
2024-11-24 14:20:46,152 - pyALS-RF - INFO: Tree 16: 18 DBs instantiated.
2024-11-24 14:20:46,154 - pyALS-RF - INFO: Tree 17: 16 DBs instantiated.
2024-11-24 14:20:46,155 - pyALS-RF - INFO: Tree 18: 20 DBs instantiated.
2024-11-24 14:20:46,157 - pyALS-RF - INFO: Tree 19: 22 DBs instantiated.
2024-11-24 14:20:46,158 - pyALS-RF - INFO: Tree 20: 19 DBs instantiated.
2024-11-24 14:20:46,159 - pyALS-RF - INFO: Tree 21: 19 DBs instantiated.
2024-11-24 14:20:46,161 - pyALS-RF - INFO: Tree 22: 19 DBs instantiated.
2024-11-24 14:20:46,162 - pyALS-RF - INFO: Tree 23: 18 DBs instantiated.
2024-11-24 14:20:46,163 - pyALS-RF - INFO: Tree 24: 18 DBs instantiated.
2024-11-24 14:20:46,165 - pyALS-RF - INFO: Tree 25: 22 DBs instantiated.
2024-11-24 14:20:46,166 - pyALS-RF - INFO: Tree 26: 24 DBs instantiated.
2024-11-24 14:20:46,168 - pyALS-RF - INFO: Tree 27: 21 DBs instantiated.
2024-11-24 14:20:46,169 - pyALS-RF - INFO: Tree 28: 24 DBs instantiated.
2024-11-24 14:20:46,171 - pyALS-RF - INFO: Tree 29: 15 DBs instantiated.
2024-11-24 14:20:46,172 - pyALS-RF - INFO: Tree 30: 17 DBs instantiated.
2024-11-24 14:20:46,173 - pyALS-RF - INFO: Tree 31: 21 DBs instantiated.
2024-11-24 14:20:46,175 - pyALS-RF - INFO: Tree 32: 25 DBs instantiated.
2024-11-24 14:20:46,177 - pyALS-RF - INFO: Tree 33: 24 DBs instantiated.
2024-11-24 14:20:46,178 - pyALS-RF - INFO: Tree 34: 17 DBs instantiated.
2024-11-24 14:20:46,179 - pyALS-RF - INFO: Tree 35: 21 DBs instantiated.
2024-11-24 14:20:46,181 - pyALS-RF - INFO: Tree 36: 24 DBs instantiated.
2024-11-24 14:20:46,182 - pyALS-RF - INFO: Tree 37: 19 DBs instantiated.
2024-11-24 14:20:46,184 - pyALS-RF - INFO: Tree 38: 27 DBs instantiated.
2024-11-24 14:20:46,185 - pyALS-RF - INFO: Tree 39: 22 DBs instantiated.
2024-11-24 14:20:47,870 - pyALS-RF - INFO: Runing the TMR flow.
2024-11-24 14:20:47,899 - pyALS-RF - INFO: Tree 0: 20 DBs instantiated.
2024-11-24 14:20:47,901 - pyALS-RF - INFO: Tree 1: 21 DBs instantiated.
2024-11-24 14:20:47,903 - pyALS-RF - INFO: Tree 2: 23 DBs instantiated.
2024-11-24 14:20:47,904 - pyALS-RF - INFO: Tree 3: 17 DBs instantiated.
2024-11-24 14:20:47,905 - pyALS-RF - INFO: Tree 4: 23 DBs instantiated.
2024-11-24 14:20:47,907 - pyALS-RF - INFO: Tree 5: 20 DBs instantiated.
2024-11-24 14:20:47,908 - pyALS-RF - INFO: Tree 6: 22 DBs instantiated.
2024-11-24 14:20:47,909 - pyALS-RF - INFO: Tree 7: 17 DBs instantiated.
2024-11-24 14:20:47,911 - pyALS-RF - INFO: Tree 8: 23 DBs instantiated.
2024-11-24 14:20:47,912 - pyALS-RF - INFO: Tree 9: 21 DBs instantiated.
2024-11-24 14:20:47,914 - pyALS-RF - INFO: Tree 10: 25 DBs instantiated.
2024-11-24 14:20:47,915 - pyALS-RF - INFO: Tree 11: 27 DBs instantiated.
2024-11-24 14:20:47,917 - pyALS-RF - INFO: Tree 12: 26 DBs instantiated.
2024-11-24 14:20:47,918 - pyALS-RF - INFO: Tree 13: 24 DBs instantiated.
2024-11-24 14:20:47,920 - pyALS-RF - INFO: Tree 14: 21 DBs instantiated.
2024-11-24 14:20:47,921 - pyALS-RF - INFO: Tree 15: 23 DBs instantiated.
2024-11-24 14:20:47,922 - pyALS-RF - INFO: Tree 16: 18 DBs instantiated.
2024-11-24 14:20:47,924 - pyALS-RF - INFO: Tree 17: 16 DBs instantiated.
2024-11-24 14:20:47,925 - pyALS-RF - INFO: Tree 18: 20 DBs instantiated.
2024-11-24 14:20:47,926 - pyALS-RF - INFO: Tree 19: 22 DBs instantiated.
2024-11-24 14:20:47,928 - pyALS-RF - INFO: Tree 20: 19 DBs instantiated.
2024-11-24 14:20:47,929 - pyALS-RF - INFO: Tree 21: 19 DBs instantiated.
2024-11-24 14:20:47,930 - pyALS-RF - INFO: Tree 22: 19 DBs instantiated.
2024-11-24 14:20:47,932 - pyALS-RF - INFO: Tree 23: 18 DBs instantiated.
2024-11-24 14:20:47,933 - pyALS-RF - INFO: Tree 24: 18 DBs instantiated.
2024-11-24 14:20:47,934 - pyALS-RF - INFO: Tree 25: 22 DBs instantiated.
2024-11-24 14:20:47,936 - pyALS-RF - INFO: Tree 26: 24 DBs instantiated.
2024-11-24 14:20:47,937 - pyALS-RF - INFO: Tree 27: 21 DBs instantiated.
2024-11-24 14:20:47,939 - pyALS-RF - INFO: Tree 28: 24 DBs instantiated.
2024-11-24 14:20:47,940 - pyALS-RF - INFO: Tree 29: 15 DBs instantiated.
2024-11-24 14:20:47,941 - pyALS-RF - INFO: Tree 30: 17 DBs instantiated.
2024-11-24 14:20:47,942 - pyALS-RF - INFO: Tree 31: 21 DBs instantiated.
2024-11-24 14:20:47,944 - pyALS-RF - INFO: Tree 32: 25 DBs instantiated.
2024-11-24 14:20:47,946 - pyALS-RF - INFO: Tree 33: 24 DBs instantiated.
2024-11-24 14:20:47,947 - pyALS-RF - INFO: Tree 34: 17 DBs instantiated.
2024-11-24 14:20:47,949 - pyALS-RF - INFO: Tree 35: 21 DBs instantiated.
2024-11-24 14:20:47,950 - pyALS-RF - INFO: Tree 36: 24 DBs instantiated.
2024-11-24 14:20:47,951 - pyALS-RF - INFO: Tree 37: 19 DBs instantiated.
2024-11-24 14:20:47,953 - pyALS-RF - INFO: Tree 38: 27 DBs instantiated.
2024-11-24 14:20:47,954 - pyALS-RF - INFO: Tree 39: 22 DBs instantiated.
2024-11-24 14:20:49,566 - pyALS-RF - INFO: Runing the TMR flow.
2024-11-24 14:20:49,596 - pyALS-RF - INFO: Tree 0: 20 DBs instantiated.
2024-11-24 14:20:49,598 - pyALS-RF - INFO: Tree 1: 21 DBs instantiated.
2024-11-24 14:20:49,599 - pyALS-RF - INFO: Tree 2: 23 DBs instantiated.
2024-11-24 14:20:49,600 - pyALS-RF - INFO: Tree 3: 17 DBs instantiated.
2024-11-24 14:20:49,602 - pyALS-RF - INFO: Tree 4: 23 DBs instantiated.
2024-11-24 14:20:49,603 - pyALS-RF - INFO: Tree 5: 20 DBs instantiated.
2024-11-24 14:20:49,604 - pyALS-RF - INFO: Tree 6: 22 DBs instantiated.
2024-11-24 14:20:49,606 - pyALS-RF - INFO: Tree 7: 17 DBs instantiated.
2024-11-24 14:20:49,607 - pyALS-RF - INFO: Tree 8: 23 DBs instantiated.
2024-11-24 14:20:49,608 - pyALS-RF - INFO: Tree 9: 21 DBs instantiated.
2024-11-24 14:20:49,610 - pyALS-RF - INFO: Tree 10: 25 DBs instantiated.
2024-11-24 14:20:49,611 - pyALS-RF - INFO: Tree 11: 27 DBs instantiated.
2024-11-24 14:20:49,613 - pyALS-RF - INFO: Tree 12: 26 DBs instantiated.
2024-11-24 14:20:49,614 - pyALS-RF - INFO: Tree 13: 24 DBs instantiated.
2024-11-24 14:20:49,615 - pyALS-RF - INFO: Tree 14: 21 DBs instantiated.
2024-11-24 14:20:49,617 - pyALS-RF - INFO: Tree 15: 23 DBs instantiated.
2024-11-24 14:20:49,618 - pyALS-RF - INFO: Tree 16: 18 DBs instantiated.
2024-11-24 14:20:49,619 - pyALS-RF - INFO: Tree 17: 16 DBs instantiated.
2024-11-24 14:20:49,620 - pyALS-RF - INFO: Tree 18: 20 DBs instantiated.
2024-11-24 14:20:49,622 - pyALS-RF - INFO: Tree 19: 22 DBs instantiated.
2024-11-24 14:20:49,623 - pyALS-RF - INFO: Tree 20: 19 DBs instantiated.
2024-11-24 14:20:49,625 - pyALS-RF - INFO: Tree 21: 19 DBs instantiated.
2024-11-24 14:20:49,626 - pyALS-RF - INFO: Tree 22: 19 DBs instantiated.
2024-11-24 14:20:49,627 - pyALS-RF - INFO: Tree 23: 18 DBs instantiated.
2024-11-24 14:20:49,628 - pyALS-RF - INFO: Tree 24: 18 DBs instantiated.
2024-11-24 14:20:49,630 - pyALS-RF - INFO: Tree 25: 22 DBs instantiated.
2024-11-24 14:20:49,631 - pyALS-RF - INFO: Tree 26: 24 DBs instantiated.
2024-11-24 14:20:49,632 - pyALS-RF - INFO: Tree 27: 21 DBs instantiated.
2024-11-24 14:20:49,634 - pyALS-RF - INFO: Tree 28: 24 DBs instantiated.
2024-11-24 14:20:49,635 - pyALS-RF - INFO: Tree 29: 15 DBs instantiated.
2024-11-24 14:20:49,636 - pyALS-RF - INFO: Tree 30: 17 DBs instantiated.
2024-11-24 14:20:49,638 - pyALS-RF - INFO: Tree 31: 21 DBs instantiated.
2024-11-24 14:20:49,639 - pyALS-RF - INFO: Tree 32: 25 DBs instantiated.
2024-11-24 14:20:49,641 - pyALS-RF - INFO: Tree 33: 24 DBs instantiated.
2024-11-24 14:20:49,642 - pyALS-RF - INFO: Tree 34: 17 DBs instantiated.
2024-11-24 14:20:49,643 - pyALS-RF - INFO: Tree 35: 21 DBs instantiated.
2024-11-24 14:20:49,645 - pyALS-RF - INFO: Tree 36: 24 DBs instantiated.
2024-11-24 14:20:49,646 - pyALS-RF - INFO: Tree 37: 19 DBs instantiated.
2024-11-24 14:20:49,647 - pyALS-RF - INFO: Tree 38: 27 DBs instantiated.
2024-11-24 14:20:49,649 - pyALS-RF - INFO: Tree 39: 22 DBs instantiated.
2024-11-24 14:23:47,773 - pyALS-RF - INFO: Runing the TMR flow.
2024-11-24 14:23:47,890 - pyALS-RF - INFO: Tree 0: 125 DBs instantiated.
2024-11-24 14:23:47,898 - pyALS-RF - INFO: Tree 1: 104 DBs instantiated.
2024-11-24 14:23:47,906 - pyALS-RF - INFO: Tree 2: 134 DBs instantiated.
2024-11-24 14:23:47,915 - pyALS-RF - INFO: Tree 3: 113 DBs instantiated.
2024-11-24 14:23:47,924 - pyALS-RF - INFO: Tree 4: 133 DBs instantiated.
2024-11-24 14:23:47,933 - pyALS-RF - INFO: Tree 5: 106 DBs instantiated.
2024-11-24 14:23:47,941 - pyALS-RF - INFO: Tree 6: 127 DBs instantiated.
2024-11-24 14:23:47,949 - pyALS-RF - INFO: Tree 7: 114 DBs instantiated.
2024-11-24 14:23:47,958 - pyALS-RF - INFO: Tree 8: 138 DBs instantiated.
2024-11-24 14:23:47,969 - pyALS-RF - INFO: Tree 9: 132 DBs instantiated.
2024-11-24 14:23:47,978 - pyALS-RF - INFO: Tree 10: 124 DBs instantiated.
2024-11-24 14:23:47,992 - pyALS-RF - INFO: Tree 11: 123 DBs instantiated.
2024-11-24 14:23:48,007 - pyALS-RF - INFO: Tree 12: 145 DBs instantiated.
2024-11-24 14:23:48,020 - pyALS-RF - INFO: Tree 13: 118 DBs instantiated.
2024-11-24 14:23:48,028 - pyALS-RF - INFO: Tree 14: 109 DBs instantiated.
2024-11-24 14:23:48,035 - pyALS-RF - INFO: Tree 15: 90 DBs instantiated.
2024-11-24 14:23:48,043 - pyALS-RF - INFO: Tree 16: 121 DBs instantiated.
2024-11-24 14:23:48,051 - pyALS-RF - INFO: Tree 17: 120 DBs instantiated.
2024-11-24 14:23:48,061 - pyALS-RF - INFO: Tree 18: 122 DBs instantiated.
2024-11-24 14:23:48,070 - pyALS-RF - INFO: Tree 19: 112 DBs instantiated.
2024-11-24 14:23:48,079 - pyALS-RF - INFO: Tree 20: 124 DBs instantiated.
2024-11-24 14:23:48,088 - pyALS-RF - INFO: Tree 21: 113 DBs instantiated.
2024-11-24 14:23:48,098 - pyALS-RF - INFO: Tree 22: 119 DBs instantiated.
2024-11-24 14:23:48,108 - pyALS-RF - INFO: Tree 23: 107 DBs instantiated.
2024-11-24 14:23:48,116 - pyALS-RF - INFO: Tree 24: 133 DBs instantiated.
2024-11-24 14:23:48,124 - pyALS-RF - INFO: Tree 25: 102 DBs instantiated.
2024-11-24 14:23:48,135 - pyALS-RF - INFO: Tree 26: 120 DBs instantiated.
2024-11-24 14:23:48,143 - pyALS-RF - INFO: Tree 27: 114 DBs instantiated.
2024-11-24 14:23:48,151 - pyALS-RF - INFO: Tree 28: 127 DBs instantiated.
2024-11-24 14:23:48,158 - pyALS-RF - INFO: Tree 29: 94 DBs instantiated.
2024-11-24 14:23:48,168 - pyALS-RF - INFO: Tree 30: 143 DBs instantiated.
2024-11-24 14:23:48,177 - pyALS-RF - INFO: Tree 31: 107 DBs instantiated.
2024-11-24 14:23:48,184 - pyALS-RF - INFO: Tree 32: 117 DBs instantiated.
2024-11-24 14:23:48,192 - pyALS-RF - INFO: Tree 33: 108 DBs instantiated.
2024-11-24 14:23:48,199 - pyALS-RF - INFO: Tree 34: 92 DBs instantiated.
2024-11-24 14:23:48,207 - pyALS-RF - INFO: Tree 35: 140 DBs instantiated.
2024-11-24 14:23:48,217 - pyALS-RF - INFO: Tree 36: 134 DBs instantiated.
2024-11-24 14:23:48,229 - pyALS-RF - INFO: Tree 37: 158 DBs instantiated.
2024-11-24 14:23:48,238 - pyALS-RF - INFO: Tree 38: 117 DBs instantiated.
2024-11-24 14:23:48,246 - pyALS-RF - INFO: Tree 39: 118 DBs instantiated.
2024-11-24 14:23:52,499 - pyALS-RF - INFO: Runing the TMR flow.
2024-11-24 14:23:52,620 - pyALS-RF - INFO: Tree 0: 125 DBs instantiated.
2024-11-24 14:23:52,628 - pyALS-RF - INFO: Tree 1: 104 DBs instantiated.
2024-11-24 14:23:52,637 - pyALS-RF - INFO: Tree 2: 134 DBs instantiated.
2024-11-24 14:23:52,646 - pyALS-RF - INFO: Tree 3: 113 DBs instantiated.
2024-11-24 14:23:52,655 - pyALS-RF - INFO: Tree 4: 133 DBs instantiated.
2024-11-24 14:23:52,663 - pyALS-RF - INFO: Tree 5: 106 DBs instantiated.
2024-11-24 14:23:52,670 - pyALS-RF - INFO: Tree 6: 127 DBs instantiated.
2024-11-24 14:23:52,679 - pyALS-RF - INFO: Tree 7: 114 DBs instantiated.
2024-11-24 14:23:52,687 - pyALS-RF - INFO: Tree 8: 138 DBs instantiated.
2024-11-24 14:23:52,697 - pyALS-RF - INFO: Tree 9: 132 DBs instantiated.
2024-11-24 14:23:52,706 - pyALS-RF - INFO: Tree 10: 124 DBs instantiated.
2024-11-24 14:23:52,715 - pyALS-RF - INFO: Tree 11: 123 DBs instantiated.
2024-11-24 14:23:52,725 - pyALS-RF - INFO: Tree 12: 145 DBs instantiated.
2024-11-24 14:23:52,735 - pyALS-RF - INFO: Tree 13: 118 DBs instantiated.
2024-11-24 14:23:52,742 - pyALS-RF - INFO: Tree 14: 109 DBs instantiated.
2024-11-24 14:23:52,749 - pyALS-RF - INFO: Tree 15: 90 DBs instantiated.
2024-11-24 14:23:52,758 - pyALS-RF - INFO: Tree 16: 121 DBs instantiated.
2024-11-24 14:23:52,766 - pyALS-RF - INFO: Tree 17: 120 DBs instantiated.
2024-11-24 14:23:52,774 - pyALS-RF - INFO: Tree 18: 122 DBs instantiated.
2024-11-24 14:23:52,783 - pyALS-RF - INFO: Tree 19: 112 DBs instantiated.
2024-11-24 14:23:52,791 - pyALS-RF - INFO: Tree 20: 124 DBs instantiated.
2024-11-24 14:23:52,800 - pyALS-RF - INFO: Tree 21: 113 DBs instantiated.
2024-11-24 14:23:52,808 - pyALS-RF - INFO: Tree 22: 119 DBs instantiated.
2024-11-24 14:23:52,817 - pyALS-RF - INFO: Tree 23: 107 DBs instantiated.
2024-11-24 14:23:52,825 - pyALS-RF - INFO: Tree 24: 133 DBs instantiated.
2024-11-24 14:23:52,833 - pyALS-RF - INFO: Tree 25: 102 DBs instantiated.
2024-11-24 14:23:52,840 - pyALS-RF - INFO: Tree 26: 120 DBs instantiated.
2024-11-24 14:23:52,848 - pyALS-RF - INFO: Tree 27: 114 DBs instantiated.
2024-11-24 14:23:52,856 - pyALS-RF - INFO: Tree 28: 127 DBs instantiated.
2024-11-24 14:23:52,864 - pyALS-RF - INFO: Tree 29: 94 DBs instantiated.
2024-11-24 14:23:52,873 - pyALS-RF - INFO: Tree 30: 143 DBs instantiated.
2024-11-24 14:23:52,882 - pyALS-RF - INFO: Tree 31: 107 DBs instantiated.
2024-11-24 14:23:52,890 - pyALS-RF - INFO: Tree 32: 117 DBs instantiated.
2024-11-24 14:23:52,897 - pyALS-RF - INFO: Tree 33: 108 DBs instantiated.
2024-11-24 14:23:52,905 - pyALS-RF - INFO: Tree 34: 92 DBs instantiated.
2024-11-24 14:23:52,913 - pyALS-RF - INFO: Tree 35: 140 DBs instantiated.
2024-11-24 14:23:52,923 - pyALS-RF - INFO: Tree 36: 134 DBs instantiated.
2024-11-24 14:23:52,936 - pyALS-RF - INFO: Tree 37: 158 DBs instantiated.
2024-11-24 14:23:52,946 - pyALS-RF - INFO: Tree 38: 117 DBs instantiated.
2024-11-24 14:23:52,954 - pyALS-RF - INFO: Tree 39: 118 DBs instantiated.
2024-11-24 14:23:57,366 - pyALS-RF - INFO: Runing the TMR flow.
2024-11-24 14:23:57,485 - pyALS-RF - INFO: Tree 0: 125 DBs instantiated.
2024-11-24 14:23:57,494 - pyALS-RF - INFO: Tree 1: 104 DBs instantiated.
2024-11-24 14:23:57,503 - pyALS-RF - INFO: Tree 2: 134 DBs instantiated.
2024-11-24 14:23:57,512 - pyALS-RF - INFO: Tree 3: 113 DBs instantiated.
2024-11-24 14:23:57,520 - pyALS-RF - INFO: Tree 4: 133 DBs instantiated.
2024-11-24 14:23:57,528 - pyALS-RF - INFO: Tree 5: 106 DBs instantiated.
2024-11-24 14:23:57,536 - pyALS-RF - INFO: Tree 6: 127 DBs instantiated.
2024-11-24 14:23:57,545 - pyALS-RF - INFO: Tree 7: 114 DBs instantiated.
2024-11-24 14:23:57,553 - pyALS-RF - INFO: Tree 8: 138 DBs instantiated.
2024-11-24 14:23:57,564 - pyALS-RF - INFO: Tree 9: 132 DBs instantiated.
2024-11-24 14:23:57,573 - pyALS-RF - INFO: Tree 10: 124 DBs instantiated.
2024-11-24 14:23:57,582 - pyALS-RF - INFO: Tree 11: 123 DBs instantiated.
2024-11-24 14:23:57,592 - pyALS-RF - INFO: Tree 12: 145 DBs instantiated.
2024-11-24 14:23:57,602 - pyALS-RF - INFO: Tree 13: 118 DBs instantiated.
2024-11-24 14:23:57,609 - pyALS-RF - INFO: Tree 14: 109 DBs instantiated.
2024-11-24 14:23:57,616 - pyALS-RF - INFO: Tree 15: 90 DBs instantiated.
2024-11-24 14:23:57,625 - pyALS-RF - INFO: Tree 16: 121 DBs instantiated.
2024-11-24 14:23:57,633 - pyALS-RF - INFO: Tree 17: 120 DBs instantiated.
2024-11-24 14:23:57,641 - pyALS-RF - INFO: Tree 18: 122 DBs instantiated.
2024-11-24 14:23:57,649 - pyALS-RF - INFO: Tree 19: 112 DBs instantiated.
2024-11-24 14:23:57,657 - pyALS-RF - INFO: Tree 20: 124 DBs instantiated.
2024-11-24 14:23:57,666 - pyALS-RF - INFO: Tree 21: 113 DBs instantiated.
2024-11-24 14:23:57,674 - pyALS-RF - INFO: Tree 22: 119 DBs instantiated.
2024-11-24 14:23:57,682 - pyALS-RF - INFO: Tree 23: 107 DBs instantiated.
2024-11-24 14:23:57,690 - pyALS-RF - INFO: Tree 24: 133 DBs instantiated.
2024-11-24 14:23:57,698 - pyALS-RF - INFO: Tree 25: 102 DBs instantiated.
2024-11-24 14:23:57,708 - pyALS-RF - INFO: Tree 26: 120 DBs instantiated.
2024-11-24 14:23:57,716 - pyALS-RF - INFO: Tree 27: 114 DBs instantiated.
2024-11-24 14:23:57,724 - pyALS-RF - INFO: Tree 28: 127 DBs instantiated.
2024-11-24 14:23:57,731 - pyALS-RF - INFO: Tree 29: 94 DBs instantiated.
2024-11-24 14:23:57,741 - pyALS-RF - INFO: Tree 30: 143 DBs instantiated.
2024-11-24 14:23:57,750 - pyALS-RF - INFO: Tree 31: 107 DBs instantiated.
2024-11-24 14:23:57,757 - pyALS-RF - INFO: Tree 32: 117 DBs instantiated.
2024-11-24 14:23:57,765 - pyALS-RF - INFO: Tree 33: 108 DBs instantiated.
2024-11-24 14:23:57,772 - pyALS-RF - INFO: Tree 34: 92 DBs instantiated.
2024-11-24 14:23:57,780 - pyALS-RF - INFO: Tree 35: 140 DBs instantiated.
2024-11-24 14:23:57,790 - pyALS-RF - INFO: Tree 36: 134 DBs instantiated.
2024-11-24 14:23:57,802 - pyALS-RF - INFO: Tree 37: 158 DBs instantiated.
2024-11-24 14:23:57,812 - pyALS-RF - INFO: Tree 38: 117 DBs instantiated.
2024-11-24 14:23:57,820 - pyALS-RF - INFO: Tree 39: 118 DBs instantiated.
2024-11-24 14:24:01,410 - pyALS-RF - INFO: Runing the TMR flow.
2024-11-24 14:24:01,531 - pyALS-RF - INFO: Tree 0: 125 DBs instantiated.
2024-11-24 14:24:01,539 - pyALS-RF - INFO: Tree 1: 104 DBs instantiated.
2024-11-24 14:24:01,547 - pyALS-RF - INFO: Tree 2: 134 DBs instantiated.
2024-11-24 14:24:01,556 - pyALS-RF - INFO: Tree 3: 113 DBs instantiated.
2024-11-24 14:24:01,566 - pyALS-RF - INFO: Tree 4: 133 DBs instantiated.
2024-11-24 14:24:01,574 - pyALS-RF - INFO: Tree 5: 106 DBs instantiated.
2024-11-24 14:24:01,582 - pyALS-RF - INFO: Tree 6: 127 DBs instantiated.
2024-11-24 14:24:01,590 - pyALS-RF - INFO: Tree 7: 114 DBs instantiated.
2024-11-24 14:24:01,599 - pyALS-RF - INFO: Tree 8: 138 DBs instantiated.
2024-11-24 14:24:01,609 - pyALS-RF - INFO: Tree 9: 132 DBs instantiated.
2024-11-24 14:24:01,619 - pyALS-RF - INFO: Tree 10: 124 DBs instantiated.
2024-11-24 14:24:01,628 - pyALS-RF - INFO: Tree 11: 123 DBs instantiated.
2024-11-24 14:24:01,638 - pyALS-RF - INFO: Tree 12: 145 DBs instantiated.
2024-11-24 14:24:01,648 - pyALS-RF - INFO: Tree 13: 118 DBs instantiated.
2024-11-24 14:24:01,656 - pyALS-RF - INFO: Tree 14: 109 DBs instantiated.
2024-11-24 14:24:01,662 - pyALS-RF - INFO: Tree 15: 90 DBs instantiated.
2024-11-24 14:24:01,670 - pyALS-RF - INFO: Tree 16: 121 DBs instantiated.
2024-11-24 14:24:01,678 - pyALS-RF - INFO: Tree 17: 120 DBs instantiated.
2024-11-24 14:24:01,686 - pyALS-RF - INFO: Tree 18: 122 DBs instantiated.
2024-11-24 14:24:01,694 - pyALS-RF - INFO: Tree 19: 112 DBs instantiated.
2024-11-24 14:24:01,703 - pyALS-RF - INFO: Tree 20: 124 DBs instantiated.
2024-11-24 14:24:01,711 - pyALS-RF - INFO: Tree 21: 113 DBs instantiated.
2024-11-24 14:24:01,719 - pyALS-RF - INFO: Tree 22: 119 DBs instantiated.
2024-11-24 14:24:01,728 - pyALS-RF - INFO: Tree 23: 107 DBs instantiated.
2024-11-24 14:24:01,736 - pyALS-RF - INFO: Tree 24: 133 DBs instantiated.
2024-11-24 14:24:01,744 - pyALS-RF - INFO: Tree 25: 102 DBs instantiated.
2024-11-24 14:24:01,754 - pyALS-RF - INFO: Tree 26: 120 DBs instantiated.
2024-11-24 14:24:01,763 - pyALS-RF - INFO: Tree 27: 114 DBs instantiated.
2024-11-24 14:24:01,771 - pyALS-RF - INFO: Tree 28: 127 DBs instantiated.
2024-11-24 14:24:01,779 - pyALS-RF - INFO: Tree 29: 94 DBs instantiated.
2024-11-24 14:24:01,788 - pyALS-RF - INFO: Tree 30: 143 DBs instantiated.
2024-11-24 14:24:01,797 - pyALS-RF - INFO: Tree 31: 107 DBs instantiated.
2024-11-24 14:24:01,805 - pyALS-RF - INFO: Tree 32: 117 DBs instantiated.
2024-11-24 14:24:01,812 - pyALS-RF - INFO: Tree 33: 108 DBs instantiated.
2024-11-24 14:24:01,819 - pyALS-RF - INFO: Tree 34: 92 DBs instantiated.
2024-11-24 14:24:01,827 - pyALS-RF - INFO: Tree 35: 140 DBs instantiated.
2024-11-24 14:24:01,837 - pyALS-RF - INFO: Tree 36: 134 DBs instantiated.
2024-11-24 14:24:01,849 - pyALS-RF - INFO: Tree 37: 158 DBs instantiated.
2024-11-24 14:24:01,859 - pyALS-RF - INFO: Tree 38: 117 DBs instantiated.
2024-11-24 14:24:01,867 - pyALS-RF - INFO: Tree 39: 118 DBs instantiated.
2024-11-24 14:24:05,541 - pyALS-RF - INFO: Runing the TMR flow.
2024-11-24 14:24:05,659 - pyALS-RF - INFO: Tree 0: 125 DBs instantiated.
2024-11-24 14:24:05,668 - pyALS-RF - INFO: Tree 1: 104 DBs instantiated.
2024-11-24 14:24:05,677 - pyALS-RF - INFO: Tree 2: 134 DBs instantiated.
2024-11-24 14:24:05,686 - pyALS-RF - INFO: Tree 3: 113 DBs instantiated.
2024-11-24 14:24:05,695 - pyALS-RF - INFO: Tree 4: 133 DBs instantiated.
2024-11-24 14:24:05,703 - pyALS-RF - INFO: Tree 5: 106 DBs instantiated.
2024-11-24 14:24:05,712 - pyALS-RF - INFO: Tree 6: 127 DBs instantiated.
2024-11-24 14:24:05,720 - pyALS-RF - INFO: Tree 7: 114 DBs instantiated.
2024-11-24 14:24:05,729 - pyALS-RF - INFO: Tree 8: 138 DBs instantiated.
2024-11-24 14:24:05,739 - pyALS-RF - INFO: Tree 9: 132 DBs instantiated.
2024-11-24 14:24:05,748 - pyALS-RF - INFO: Tree 10: 124 DBs instantiated.
2024-11-24 14:24:05,757 - pyALS-RF - INFO: Tree 11: 123 DBs instantiated.
2024-11-24 14:24:05,768 - pyALS-RF - INFO: Tree 12: 145 DBs instantiated.
2024-11-24 14:24:05,778 - pyALS-RF - INFO: Tree 13: 118 DBs instantiated.
2024-11-24 14:24:05,785 - pyALS-RF - INFO: Tree 14: 109 DBs instantiated.
2024-11-24 14:24:05,792 - pyALS-RF - INFO: Tree 15: 90 DBs instantiated.
2024-11-24 14:24:05,801 - pyALS-RF - INFO: Tree 16: 121 DBs instantiated.
2024-11-24 14:24:05,809 - pyALS-RF - INFO: Tree 17: 120 DBs instantiated.
2024-11-24 14:24:05,816 - pyALS-RF - INFO: Tree 18: 122 DBs instantiated.
2024-11-24 14:24:05,825 - pyALS-RF - INFO: Tree 19: 112 DBs instantiated.
2024-11-24 14:24:05,834 - pyALS-RF - INFO: Tree 20: 124 DBs instantiated.
2024-11-24 14:24:05,843 - pyALS-RF - INFO: Tree 21: 113 DBs instantiated.
2024-11-24 14:24:05,851 - pyALS-RF - INFO: Tree 22: 119 DBs instantiated.
2024-11-24 14:24:05,860 - pyALS-RF - INFO: Tree 23: 107 DBs instantiated.
2024-11-24 14:24:05,867 - pyALS-RF - INFO: Tree 24: 133 DBs instantiated.
2024-11-24 14:24:05,875 - pyALS-RF - INFO: Tree 25: 102 DBs instantiated.
2024-11-24 14:24:05,882 - pyALS-RF - INFO: Tree 26: 120 DBs instantiated.
2024-11-24 14:24:05,891 - pyALS-RF - INFO: Tree 27: 114 DBs instantiated.
2024-11-24 14:24:05,898 - pyALS-RF - INFO: Tree 28: 127 DBs instantiated.
2024-11-24 14:24:05,906 - pyALS-RF - INFO: Tree 29: 94 DBs instantiated.
2024-11-24 14:24:05,916 - pyALS-RF - INFO: Tree 30: 143 DBs instantiated.
2024-11-24 14:24:05,924 - pyALS-RF - INFO: Tree 31: 107 DBs instantiated.
2024-11-24 14:24:05,932 - pyALS-RF - INFO: Tree 32: 117 DBs instantiated.
2024-11-24 14:24:05,940 - pyALS-RF - INFO: Tree 33: 108 DBs instantiated.
2024-11-24 14:24:05,947 - pyALS-RF - INFO: Tree 34: 92 DBs instantiated.
2024-11-24 14:24:05,955 - pyALS-RF - INFO: Tree 35: 140 DBs instantiated.
2024-11-24 14:24:05,965 - pyALS-RF - INFO: Tree 36: 134 DBs instantiated.
2024-11-24 14:24:05,977 - pyALS-RF - INFO: Tree 37: 158 DBs instantiated.
2024-11-24 14:24:05,988 - pyALS-RF - INFO: Tree 38: 117 DBs instantiated.
2024-11-24 14:24:05,996 - pyALS-RF - INFO: Tree 39: 118 DBs instantiated.
2024-11-24 14:24:10,108 - pyALS-RF - INFO: Runing the TMR flow.
2024-11-24 14:24:10,226 - pyALS-RF - INFO: Tree 0: 125 DBs instantiated.
2024-11-24 14:24:10,235 - pyALS-RF - INFO: Tree 1: 104 DBs instantiated.
2024-11-24 14:24:10,243 - pyALS-RF - INFO: Tree 2: 134 DBs instantiated.
2024-11-24 14:24:10,252 - pyALS-RF - INFO: Tree 3: 113 DBs instantiated.
2024-11-24 14:24:10,260 - pyALS-RF - INFO: Tree 4: 133 DBs instantiated.
2024-11-24 14:24:10,269 - pyALS-RF - INFO: Tree 5: 106 DBs instantiated.
2024-11-24 14:24:10,277 - pyALS-RF - INFO: Tree 6: 127 DBs instantiated.
2024-11-24 14:24:10,285 - pyALS-RF - INFO: Tree 7: 114 DBs instantiated.
2024-11-24 14:24:10,294 - pyALS-RF - INFO: Tree 8: 138 DBs instantiated.
2024-11-24 14:24:10,304 - pyALS-RF - INFO: Tree 9: 132 DBs instantiated.
2024-11-24 14:24:10,313 - pyALS-RF - INFO: Tree 10: 124 DBs instantiated.
2024-11-24 14:24:10,322 - pyALS-RF - INFO: Tree 11: 123 DBs instantiated.
2024-11-24 14:24:10,332 - pyALS-RF - INFO: Tree 12: 145 DBs instantiated.
2024-11-24 14:24:10,342 - pyALS-RF - INFO: Tree 13: 118 DBs instantiated.
2024-11-24 14:24:10,349 - pyALS-RF - INFO: Tree 14: 109 DBs instantiated.
2024-11-24 14:24:10,356 - pyALS-RF - INFO: Tree 15: 90 DBs instantiated.
2024-11-24 14:24:10,364 - pyALS-RF - INFO: Tree 16: 121 DBs instantiated.
2024-11-24 14:24:10,372 - pyALS-RF - INFO: Tree 17: 120 DBs instantiated.
2024-11-24 14:24:10,380 - pyALS-RF - INFO: Tree 18: 122 DBs instantiated.
2024-11-24 14:24:10,388 - pyALS-RF - INFO: Tree 19: 112 DBs instantiated.
2024-11-24 14:24:10,396 - pyALS-RF - INFO: Tree 20: 124 DBs instantiated.
2024-11-24 14:24:10,405 - pyALS-RF - INFO: Tree 21: 113 DBs instantiated.
2024-11-24 14:24:10,413 - pyALS-RF - INFO: Tree 22: 119 DBs instantiated.
2024-11-24 14:24:10,422 - pyALS-RF - INFO: Tree 23: 107 DBs instantiated.
2024-11-24 14:24:10,430 - pyALS-RF - INFO: Tree 24: 133 DBs instantiated.
2024-11-24 14:24:10,437 - pyALS-RF - INFO: Tree 25: 102 DBs instantiated.
2024-11-24 14:24:10,445 - pyALS-RF - INFO: Tree 26: 120 DBs instantiated.
2024-11-24 14:24:10,453 - pyALS-RF - INFO: Tree 27: 114 DBs instantiated.
2024-11-24 14:24:10,461 - pyALS-RF - INFO: Tree 28: 127 DBs instantiated.
2024-11-24 14:24:10,468 - pyALS-RF - INFO: Tree 29: 94 DBs instantiated.
2024-11-24 14:24:10,477 - pyALS-RF - INFO: Tree 30: 143 DBs instantiated.
2024-11-24 14:24:10,486 - pyALS-RF - INFO: Tree 31: 107 DBs instantiated.
2024-11-24 14:24:10,493 - pyALS-RF - INFO: Tree 32: 117 DBs instantiated.
2024-11-24 14:24:10,501 - pyALS-RF - INFO: Tree 33: 108 DBs instantiated.
2024-11-24 14:24:10,507 - pyALS-RF - INFO: Tree 34: 92 DBs instantiated.
2024-11-24 14:24:10,516 - pyALS-RF - INFO: Tree 35: 140 DBs instantiated.
2024-11-24 14:24:10,526 - pyALS-RF - INFO: Tree 36: 134 DBs instantiated.
2024-11-24 14:24:10,538 - pyALS-RF - INFO: Tree 37: 158 DBs instantiated.
2024-11-24 14:24:10,548 - pyALS-RF - INFO: Tree 38: 117 DBs instantiated.
2024-11-24 14:24:10,556 - pyALS-RF - INFO: Tree 39: 118 DBs instantiated.
2024-11-24 14:25:00,078 - pyALS-RF - INFO: Runing the TMR flow.
2024-11-24 14:25:01,017 - pyALS-RF - INFO: Tree 0: 399 DBs instantiated.
2024-11-24 14:25:01,092 - pyALS-RF - INFO: Tree 1: 392 DBs instantiated.
2024-11-24 14:25:01,158 - pyALS-RF - INFO: Tree 2: 409 DBs instantiated.
2024-11-24 14:25:01,226 - pyALS-RF - INFO: Tree 3: 394 DBs instantiated.
2024-11-24 14:25:01,293 - pyALS-RF - INFO: Tree 4: 396 DBs instantiated.
2024-11-24 14:25:01,357 - pyALS-RF - INFO: Tree 5: 369 DBs instantiated.
2024-11-24 14:25:01,419 - pyALS-RF - INFO: Tree 6: 373 DBs instantiated.
2024-11-24 14:25:01,479 - pyALS-RF - INFO: Tree 7: 389 DBs instantiated.
2024-11-24 14:25:01,541 - pyALS-RF - INFO: Tree 8: 358 DBs instantiated.
2024-11-24 14:25:01,600 - pyALS-RF - INFO: Tree 9: 365 DBs instantiated.
2024-11-24 14:25:01,662 - pyALS-RF - INFO: Tree 10: 407 DBs instantiated.
2024-11-24 14:25:01,734 - pyALS-RF - INFO: Tree 11: 398 DBs instantiated.
2024-11-24 14:25:01,800 - pyALS-RF - INFO: Tree 12: 365 DBs instantiated.
2024-11-24 14:25:01,859 - pyALS-RF - INFO: Tree 13: 370 DBs instantiated.
2024-11-24 14:25:01,923 - pyALS-RF - INFO: Tree 14: 399 DBs instantiated.
2024-11-24 14:25:01,984 - pyALS-RF - INFO: Tree 15: 366 DBs instantiated.
2024-11-24 14:25:02,038 - pyALS-RF - INFO: Tree 16: 364 DBs instantiated.
2024-11-24 14:25:02,096 - pyALS-RF - INFO: Tree 17: 391 DBs instantiated.
2024-11-24 14:25:02,163 - pyALS-RF - INFO: Tree 18: 384 DBs instantiated.
2024-11-24 14:25:02,225 - pyALS-RF - INFO: Tree 19: 372 DBs instantiated.
2024-11-24 14:25:02,285 - pyALS-RF - INFO: Tree 20: 383 DBs instantiated.
2024-11-24 14:25:02,347 - pyALS-RF - INFO: Tree 21: 372 DBs instantiated.
2024-11-24 14:25:02,406 - pyALS-RF - INFO: Tree 22: 366 DBs instantiated.
2024-11-24 14:25:02,478 - pyALS-RF - INFO: Tree 23: 439 DBs instantiated.
2024-11-24 14:25:02,551 - pyALS-RF - INFO: Tree 24: 379 DBs instantiated.
2024-11-24 14:25:02,621 - pyALS-RF - INFO: Tree 25: 434 DBs instantiated.
2024-11-24 14:25:02,695 - pyALS-RF - INFO: Tree 26: 393 DBs instantiated.
2024-11-24 14:25:02,759 - pyALS-RF - INFO: Tree 27: 380 DBs instantiated.
2024-11-24 14:25:02,821 - pyALS-RF - INFO: Tree 28: 386 DBs instantiated.
2024-11-24 14:25:02,881 - pyALS-RF - INFO: Tree 29: 388 DBs instantiated.
2024-11-24 14:25:02,947 - pyALS-RF - INFO: Tree 30: 402 DBs instantiated.
2024-11-24 14:25:03,005 - pyALS-RF - INFO: Tree 31: 347 DBs instantiated.
2024-11-24 14:25:03,055 - pyALS-RF - INFO: Tree 32: 332 DBs instantiated.
2024-11-24 14:25:03,114 - pyALS-RF - INFO: Tree 33: 396 DBs instantiated.
2024-11-24 14:25:03,179 - pyALS-RF - INFO: Tree 34: 389 DBs instantiated.
2024-11-24 14:25:03,239 - pyALS-RF - INFO: Tree 35: 367 DBs instantiated.
2024-11-24 14:25:03,301 - pyALS-RF - INFO: Tree 36: 364 DBs instantiated.
2024-11-24 14:25:03,365 - pyALS-RF - INFO: Tree 37: 385 DBs instantiated.
2024-11-24 14:25:03,435 - pyALS-RF - INFO: Tree 38: 395 DBs instantiated.
2024-11-24 14:25:03,505 - pyALS-RF - INFO: Tree 39: 375 DBs instantiated.
2024-11-24 14:25:37,994 - pyALS-RF - INFO: Runing the TMR flow.
2024-11-24 14:25:38,335 - pyALS-RF - INFO: Tree 0: 245 DBs instantiated.
2024-11-24 14:25:38,357 - pyALS-RF - INFO: Tree 1: 240 DBs instantiated.
2024-11-24 14:25:38,378 - pyALS-RF - INFO: Tree 2: 249 DBs instantiated.
2024-11-24 14:25:38,399 - pyALS-RF - INFO: Tree 3: 232 DBs instantiated.
2024-11-24 14:25:38,419 - pyALS-RF - INFO: Tree 4: 226 DBs instantiated.
2024-11-24 14:25:38,438 - pyALS-RF - INFO: Tree 5: 241 DBs instantiated.
2024-11-24 14:25:38,459 - pyALS-RF - INFO: Tree 6: 229 DBs instantiated.
2024-11-24 14:25:38,478 - pyALS-RF - INFO: Tree 7: 241 DBs instantiated.
2024-11-24 14:25:38,500 - pyALS-RF - INFO: Tree 8: 256 DBs instantiated.
2024-11-24 14:25:38,522 - pyALS-RF - INFO: Tree 9: 241 DBs instantiated.
2024-11-24 14:25:38,543 - pyALS-RF - INFO: Tree 10: 240 DBs instantiated.
2024-11-24 14:25:38,563 - pyALS-RF - INFO: Tree 11: 242 DBs instantiated.
2024-11-24 14:25:38,584 - pyALS-RF - INFO: Tree 12: 235 DBs instantiated.
2024-11-24 14:25:38,606 - pyALS-RF - INFO: Tree 13: 253 DBs instantiated.
2024-11-24 14:25:38,628 - pyALS-RF - INFO: Tree 14: 244 DBs instantiated.
2024-11-24 14:25:38,650 - pyALS-RF - INFO: Tree 15: 237 DBs instantiated.
2024-11-24 14:25:38,670 - pyALS-RF - INFO: Tree 16: 234 DBs instantiated.
2024-11-24 14:25:38,693 - pyALS-RF - INFO: Tree 17: 275 DBs instantiated.
2024-11-24 14:25:38,716 - pyALS-RF - INFO: Tree 18: 220 DBs instantiated.
2024-11-24 14:25:38,735 - pyALS-RF - INFO: Tree 19: 245 DBs instantiated.
2024-11-24 14:25:38,758 - pyALS-RF - INFO: Tree 20: 230 DBs instantiated.
2024-11-24 14:25:38,778 - pyALS-RF - INFO: Tree 21: 249 DBs instantiated.
2024-11-24 14:25:38,800 - pyALS-RF - INFO: Tree 22: 242 DBs instantiated.
2024-11-24 14:25:38,822 - pyALS-RF - INFO: Tree 23: 254 DBs instantiated.
2024-11-24 14:25:38,844 - pyALS-RF - INFO: Tree 24: 226 DBs instantiated.
2024-11-24 14:25:38,865 - pyALS-RF - INFO: Tree 25: 257 DBs instantiated.
2024-11-24 14:25:38,885 - pyALS-RF - INFO: Tree 26: 219 DBs instantiated.
2024-11-24 14:25:38,905 - pyALS-RF - INFO: Tree 27: 239 DBs instantiated.
2024-11-24 14:25:38,926 - pyALS-RF - INFO: Tree 28: 250 DBs instantiated.
2024-11-24 14:25:38,948 - pyALS-RF - INFO: Tree 29: 243 DBs instantiated.
2024-11-24 14:25:38,969 - pyALS-RF - INFO: Tree 30: 241 DBs instantiated.
2024-11-24 14:25:38,989 - pyALS-RF - INFO: Tree 31: 226 DBs instantiated.
2024-11-24 14:25:39,008 - pyALS-RF - INFO: Tree 32: 228 DBs instantiated.
2024-11-24 14:25:39,027 - pyALS-RF - INFO: Tree 33: 219 DBs instantiated.
2024-11-24 14:25:39,047 - pyALS-RF - INFO: Tree 34: 228 DBs instantiated.
2024-11-24 14:25:39,067 - pyALS-RF - INFO: Tree 35: 245 DBs instantiated.
2024-11-24 14:25:39,088 - pyALS-RF - INFO: Tree 36: 236 DBs instantiated.
2024-11-24 14:25:39,107 - pyALS-RF - INFO: Tree 37: 213 DBs instantiated.
2024-11-24 14:25:39,126 - pyALS-RF - INFO: Tree 38: 230 DBs instantiated.
2024-11-24 14:25:39,146 - pyALS-RF - INFO: Tree 39: 238 DBs instantiated.
2024-11-24 14:26:30,636 - pyALS-RF - INFO: Runing the TMR flow.
2024-11-24 14:26:30,991 - pyALS-RF - INFO: Tree 0: 245 DBs instantiated.
2024-11-24 14:26:31,013 - pyALS-RF - INFO: Tree 1: 240 DBs instantiated.
2024-11-24 14:26:31,036 - pyALS-RF - INFO: Tree 2: 249 DBs instantiated.
2024-11-24 14:26:31,056 - pyALS-RF - INFO: Tree 3: 232 DBs instantiated.
2024-11-24 14:26:31,075 - pyALS-RF - INFO: Tree 4: 226 DBs instantiated.
2024-11-24 14:26:31,096 - pyALS-RF - INFO: Tree 5: 241 DBs instantiated.
2024-11-24 14:26:31,117 - pyALS-RF - INFO: Tree 6: 229 DBs instantiated.
2024-11-24 14:26:31,136 - pyALS-RF - INFO: Tree 7: 241 DBs instantiated.
2024-11-24 14:26:31,158 - pyALS-RF - INFO: Tree 8: 256 DBs instantiated.
2024-11-24 14:26:31,180 - pyALS-RF - INFO: Tree 9: 241 DBs instantiated.
2024-11-24 14:26:31,201 - pyALS-RF - INFO: Tree 10: 240 DBs instantiated.
2024-11-24 14:26:31,221 - pyALS-RF - INFO: Tree 11: 242 DBs instantiated.
2024-11-24 14:26:31,243 - pyALS-RF - INFO: Tree 12: 235 DBs instantiated.
2024-11-24 14:26:31,266 - pyALS-RF - INFO: Tree 13: 253 DBs instantiated.
2024-11-24 14:26:31,288 - pyALS-RF - INFO: Tree 14: 244 DBs instantiated.
2024-11-24 14:26:31,309 - pyALS-RF - INFO: Tree 15: 237 DBs instantiated.
2024-11-24 14:26:31,331 - pyALS-RF - INFO: Tree 16: 234 DBs instantiated.
2024-11-24 14:26:31,354 - pyALS-RF - INFO: Tree 17: 275 DBs instantiated.
2024-11-24 14:26:31,377 - pyALS-RF - INFO: Tree 18: 220 DBs instantiated.
2024-11-24 14:26:31,397 - pyALS-RF - INFO: Tree 19: 245 DBs instantiated.
2024-11-24 14:26:31,419 - pyALS-RF - INFO: Tree 20: 230 DBs instantiated.
2024-11-24 14:26:31,440 - pyALS-RF - INFO: Tree 21: 249 DBs instantiated.
2024-11-24 14:26:31,461 - pyALS-RF - INFO: Tree 22: 242 DBs instantiated.
2024-11-24 14:26:31,483 - pyALS-RF - INFO: Tree 23: 254 DBs instantiated.
2024-11-24 14:26:31,504 - pyALS-RF - INFO: Tree 24: 226 DBs instantiated.
2024-11-24 14:26:31,525 - pyALS-RF - INFO: Tree 25: 257 DBs instantiated.
2024-11-24 14:26:31,545 - pyALS-RF - INFO: Tree 26: 219 DBs instantiated.
2024-11-24 14:26:31,565 - pyALS-RF - INFO: Tree 27: 239 DBs instantiated.
2024-11-24 14:26:31,586 - pyALS-RF - INFO: Tree 28: 250 DBs instantiated.
2024-11-24 14:26:31,608 - pyALS-RF - INFO: Tree 29: 243 DBs instantiated.
2024-11-24 14:26:31,629 - pyALS-RF - INFO: Tree 30: 241 DBs instantiated.
2024-11-24 14:26:31,648 - pyALS-RF - INFO: Tree 31: 226 DBs instantiated.
2024-11-24 14:26:31,667 - pyALS-RF - INFO: Tree 32: 228 DBs instantiated.
2024-11-24 14:26:31,686 - pyALS-RF - INFO: Tree 33: 219 DBs instantiated.
2024-11-24 14:26:31,704 - pyALS-RF - INFO: Tree 34: 228 DBs instantiated.
2024-11-24 14:26:31,724 - pyALS-RF - INFO: Tree 35: 245 DBs instantiated.
2024-11-24 14:26:31,745 - pyALS-RF - INFO: Tree 36: 236 DBs instantiated.
2024-11-24 14:26:31,765 - pyALS-RF - INFO: Tree 37: 213 DBs instantiated.
2024-11-24 14:26:31,784 - pyALS-RF - INFO: Tree 38: 230 DBs instantiated.
2024-11-24 14:26:31,805 - pyALS-RF - INFO: Tree 39: 238 DBs instantiated.
2024-11-24 14:26:44,293 - pyALS-RF - INFO: Runing the TMR flow.
2024-11-24 14:26:44,627 - pyALS-RF - INFO: Tree 0: 245 DBs instantiated.
2024-11-24 14:26:44,649 - pyALS-RF - INFO: Tree 1: 240 DBs instantiated.
2024-11-24 14:26:44,670 - pyALS-RF - INFO: Tree 2: 249 DBs instantiated.
2024-11-24 14:26:44,691 - pyALS-RF - INFO: Tree 3: 232 DBs instantiated.
2024-11-24 14:26:44,710 - pyALS-RF - INFO: Tree 4: 226 DBs instantiated.
2024-11-24 14:26:44,730 - pyALS-RF - INFO: Tree 5: 241 DBs instantiated.
2024-11-24 14:26:44,751 - pyALS-RF - INFO: Tree 6: 229 DBs instantiated.
2024-11-24 14:26:44,771 - pyALS-RF - INFO: Tree 7: 241 DBs instantiated.
2024-11-24 14:26:44,793 - pyALS-RF - INFO: Tree 8: 256 DBs instantiated.
2024-11-24 14:26:44,815 - pyALS-RF - INFO: Tree 9: 241 DBs instantiated.
2024-11-24 14:26:44,836 - pyALS-RF - INFO: Tree 10: 240 DBs instantiated.
2024-11-24 14:26:44,856 - pyALS-RF - INFO: Tree 11: 242 DBs instantiated.
2024-11-24 14:26:44,877 - pyALS-RF - INFO: Tree 12: 235 DBs instantiated.
2024-11-24 14:26:44,900 - pyALS-RF - INFO: Tree 13: 253 DBs instantiated.
2024-11-24 14:26:44,922 - pyALS-RF - INFO: Tree 14: 244 DBs instantiated.
2024-11-24 14:26:44,944 - pyALS-RF - INFO: Tree 15: 237 DBs instantiated.
2024-11-24 14:26:44,965 - pyALS-RF - INFO: Tree 16: 234 DBs instantiated.
2024-11-24 14:26:44,988 - pyALS-RF - INFO: Tree 17: 275 DBs instantiated.
2024-11-24 14:26:45,011 - pyALS-RF - INFO: Tree 18: 220 DBs instantiated.
2024-11-24 14:26:45,032 - pyALS-RF - INFO: Tree 19: 245 DBs instantiated.
2024-11-24 14:26:45,054 - pyALS-RF - INFO: Tree 20: 230 DBs instantiated.
2024-11-24 14:26:45,076 - pyALS-RF - INFO: Tree 21: 249 DBs instantiated.
2024-11-24 14:26:45,098 - pyALS-RF - INFO: Tree 22: 242 DBs instantiated.
2024-11-24 14:26:45,121 - pyALS-RF - INFO: Tree 23: 254 DBs instantiated.
2024-11-24 14:26:45,142 - pyALS-RF - INFO: Tree 24: 226 DBs instantiated.
2024-11-24 14:26:45,163 - pyALS-RF - INFO: Tree 25: 257 DBs instantiated.
2024-11-24 14:26:45,183 - pyALS-RF - INFO: Tree 26: 219 DBs instantiated.
2024-11-24 14:26:45,203 - pyALS-RF - INFO: Tree 27: 239 DBs instantiated.
2024-11-24 14:26:45,224 - pyALS-RF - INFO: Tree 28: 250 DBs instantiated.
2024-11-24 14:26:45,245 - pyALS-RF - INFO: Tree 29: 243 DBs instantiated.
2024-11-24 14:26:45,268 - pyALS-RF - INFO: Tree 30: 241 DBs instantiated.
2024-11-24 14:26:45,288 - pyALS-RF - INFO: Tree 31: 226 DBs instantiated.
2024-11-24 14:26:45,307 - pyALS-RF - INFO: Tree 32: 228 DBs instantiated.
2024-11-24 14:26:45,326 - pyALS-RF - INFO: Tree 33: 219 DBs instantiated.
2024-11-24 14:26:45,345 - pyALS-RF - INFO: Tree 34: 228 DBs instantiated.
2024-11-24 14:26:45,365 - pyALS-RF - INFO: Tree 35: 245 DBs instantiated.
2024-11-24 14:26:45,386 - pyALS-RF - INFO: Tree 36: 236 DBs instantiated.
2024-11-24 14:26:45,405 - pyALS-RF - INFO: Tree 37: 213 DBs instantiated.
2024-11-24 14:26:45,424 - pyALS-RF - INFO: Tree 38: 230 DBs instantiated.
2024-11-24 14:26:45,444 - pyALS-RF - INFO: Tree 39: 238 DBs instantiated.
2024-11-24 14:27:15,971 - pyALS-RF - INFO: Runing the TMR flow.
2024-11-24 14:27:16,316 - pyALS-RF - INFO: Tree 0: 245 DBs instantiated.
2024-11-24 14:27:16,338 - pyALS-RF - INFO: Tree 1: 240 DBs instantiated.
2024-11-24 14:27:16,360 - pyALS-RF - INFO: Tree 2: 249 DBs instantiated.
2024-11-24 14:27:16,381 - pyALS-RF - INFO: Tree 3: 232 DBs instantiated.
2024-11-24 14:27:16,400 - pyALS-RF - INFO: Tree 4: 226 DBs instantiated.
2024-11-24 14:27:16,419 - pyALS-RF - INFO: Tree 5: 241 DBs instantiated.
2024-11-24 14:27:16,439 - pyALS-RF - INFO: Tree 6: 229 DBs instantiated.
2024-11-24 14:27:16,460 - pyALS-RF - INFO: Tree 7: 241 DBs instantiated.
2024-11-24 14:27:16,481 - pyALS-RF - INFO: Tree 8: 256 DBs instantiated.
2024-11-24 14:27:16,504 - pyALS-RF - INFO: Tree 9: 241 DBs instantiated.
2024-11-24 14:27:16,525 - pyALS-RF - INFO: Tree 10: 240 DBs instantiated.
2024-11-24 14:27:16,546 - pyALS-RF - INFO: Tree 11: 242 DBs instantiated.
2024-11-24 14:27:16,566 - pyALS-RF - INFO: Tree 12: 235 DBs instantiated.
2024-11-24 14:27:16,589 - pyALS-RF - INFO: Tree 13: 253 DBs instantiated.
2024-11-24 14:27:16,613 - pyALS-RF - INFO: Tree 14: 244 DBs instantiated.
2024-11-24 14:27:16,636 - pyALS-RF - INFO: Tree 15: 237 DBs instantiated.
2024-11-24 14:27:16,658 - pyALS-RF - INFO: Tree 16: 234 DBs instantiated.
2024-11-24 14:27:16,681 - pyALS-RF - INFO: Tree 17: 275 DBs instantiated.
2024-11-24 14:27:16,703 - pyALS-RF - INFO: Tree 18: 220 DBs instantiated.
2024-11-24 14:27:16,723 - pyALS-RF - INFO: Tree 19: 245 DBs instantiated.
2024-11-24 14:27:16,744 - pyALS-RF - INFO: Tree 20: 230 DBs instantiated.
2024-11-24 14:27:16,765 - pyALS-RF - INFO: Tree 21: 249 DBs instantiated.
2024-11-24 14:27:16,787 - pyALS-RF - INFO: Tree 22: 242 DBs instantiated.
2024-11-24 14:27:16,809 - pyALS-RF - INFO: Tree 23: 254 DBs instantiated.
2024-11-24 14:27:16,830 - pyALS-RF - INFO: Tree 24: 226 DBs instantiated.
2024-11-24 14:27:16,851 - pyALS-RF - INFO: Tree 25: 257 DBs instantiated.
2024-11-24 14:27:16,871 - pyALS-RF - INFO: Tree 26: 219 DBs instantiated.
2024-11-24 14:27:16,891 - pyALS-RF - INFO: Tree 27: 239 DBs instantiated.
2024-11-24 14:27:16,912 - pyALS-RF - INFO: Tree 28: 250 DBs instantiated.
2024-11-24 14:27:16,934 - pyALS-RF - INFO: Tree 29: 243 DBs instantiated.
2024-11-24 14:27:16,955 - pyALS-RF - INFO: Tree 30: 241 DBs instantiated.
2024-11-24 14:27:16,975 - pyALS-RF - INFO: Tree 31: 226 DBs instantiated.
2024-11-24 14:27:16,994 - pyALS-RF - INFO: Tree 32: 228 DBs instantiated.
2024-11-24 14:27:17,013 - pyALS-RF - INFO: Tree 33: 219 DBs instantiated.
2024-11-24 14:27:17,032 - pyALS-RF - INFO: Tree 34: 228 DBs instantiated.
2024-11-24 14:27:17,053 - pyALS-RF - INFO: Tree 35: 245 DBs instantiated.
2024-11-24 14:27:17,073 - pyALS-RF - INFO: Tree 36: 236 DBs instantiated.
2024-11-24 14:27:17,093 - pyALS-RF - INFO: Tree 37: 213 DBs instantiated.
2024-11-24 14:27:17,111 - pyALS-RF - INFO: Tree 38: 230 DBs instantiated.
2024-11-24 14:27:17,131 - pyALS-RF - INFO: Tree 39: 238 DBs instantiated.
2024-11-24 14:49:11,251 - pyALS-RF - INFO: Runing the TMR flow.
2024-11-24 14:49:11,599 - pyALS-RF - INFO: Tree 0: 245 DBs instantiated.
2024-11-24 14:49:11,621 - pyALS-RF - INFO: Tree 1: 240 DBs instantiated.
2024-11-24 14:49:11,642 - pyALS-RF - INFO: Tree 2: 249 DBs instantiated.
2024-11-24 14:49:11,663 - pyALS-RF - INFO: Tree 3: 232 DBs instantiated.
2024-11-24 14:49:11,682 - pyALS-RF - INFO: Tree 4: 226 DBs instantiated.
2024-11-24 14:49:11,701 - pyALS-RF - INFO: Tree 5: 241 DBs instantiated.
2024-11-24 14:49:11,722 - pyALS-RF - INFO: Tree 6: 229 DBs instantiated.
2024-11-24 14:49:11,742 - pyALS-RF - INFO: Tree 7: 241 DBs instantiated.
2024-11-24 14:49:11,763 - pyALS-RF - INFO: Tree 8: 256 DBs instantiated.
2024-11-24 14:49:11,785 - pyALS-RF - INFO: Tree 9: 241 DBs instantiated.
2024-11-24 14:49:11,807 - pyALS-RF - INFO: Tree 10: 240 DBs instantiated.
2024-11-24 14:49:11,828 - pyALS-RF - INFO: Tree 11: 242 DBs instantiated.
2024-11-24 14:49:11,848 - pyALS-RF - INFO: Tree 12: 235 DBs instantiated.
2024-11-24 14:49:11,869 - pyALS-RF - INFO: Tree 13: 253 DBs instantiated.
2024-11-24 14:49:11,891 - pyALS-RF - INFO: Tree 14: 244 DBs instantiated.
2024-11-24 14:49:11,913 - pyALS-RF - INFO: Tree 15: 237 DBs instantiated.
2024-11-24 14:49:11,934 - pyALS-RF - INFO: Tree 16: 234 DBs instantiated.
2024-11-24 14:49:11,956 - pyALS-RF - INFO: Tree 17: 275 DBs instantiated.
2024-11-24 14:49:11,979 - pyALS-RF - INFO: Tree 18: 220 DBs instantiated.
2024-11-24 14:49:11,999 - pyALS-RF - INFO: Tree 19: 245 DBs instantiated.
2024-11-24 14:49:12,020 - pyALS-RF - INFO: Tree 20: 230 DBs instantiated.
2024-11-24 14:49:12,041 - pyALS-RF - INFO: Tree 21: 249 DBs instantiated.
2024-11-24 14:49:12,063 - pyALS-RF - INFO: Tree 22: 242 DBs instantiated.
2024-11-24 14:49:12,085 - pyALS-RF - INFO: Tree 23: 254 DBs instantiated.
2024-11-24 14:49:12,106 - pyALS-RF - INFO: Tree 24: 226 DBs instantiated.
2024-11-24 14:49:12,127 - pyALS-RF - INFO: Tree 25: 257 DBs instantiated.
2024-11-24 14:49:12,148 - pyALS-RF - INFO: Tree 26: 219 DBs instantiated.
2024-11-24 14:49:12,167 - pyALS-RF - INFO: Tree 27: 239 DBs instantiated.
2024-11-24 14:49:12,188 - pyALS-RF - INFO: Tree 28: 250 DBs instantiated.
2024-11-24 14:49:12,210 - pyALS-RF - INFO: Tree 29: 243 DBs instantiated.
2024-11-24 14:49:12,232 - pyALS-RF - INFO: Tree 30: 241 DBs instantiated.
2024-11-24 14:49:12,252 - pyALS-RF - INFO: Tree 31: 226 DBs instantiated.
2024-11-24 14:49:12,271 - pyALS-RF - INFO: Tree 32: 228 DBs instantiated.
2024-11-24 14:49:12,290 - pyALS-RF - INFO: Tree 33: 219 DBs instantiated.
2024-11-24 14:49:12,310 - pyALS-RF - INFO: Tree 34: 228 DBs instantiated.
2024-11-24 14:49:12,330 - pyALS-RF - INFO: Tree 35: 245 DBs instantiated.
2024-11-24 14:49:12,351 - pyALS-RF - INFO: Tree 36: 236 DBs instantiated.
2024-11-24 14:49:12,370 - pyALS-RF - INFO: Tree 37: 213 DBs instantiated.
2024-11-24 14:49:12,388 - pyALS-RF - INFO: Tree 38: 230 DBs instantiated.
2024-11-24 14:49:12,410 - pyALS-RF - INFO: Tree 39: 238 DBs instantiated.
2024-11-24 14:54:53,969 - pyALS-RF - INFO: Runing the TMR flow.
2024-11-24 14:54:54,319 - pyALS-RF - INFO: Tree 0: 245 DBs instantiated.
2024-11-24 14:54:54,342 - pyALS-RF - INFO: Tree 1: 240 DBs instantiated.
2024-11-24 14:54:54,364 - pyALS-RF - INFO: Tree 2: 249 DBs instantiated.
2024-11-24 14:54:54,385 - pyALS-RF - INFO: Tree 3: 232 DBs instantiated.
2024-11-24 14:54:54,405 - pyALS-RF - INFO: Tree 4: 226 DBs instantiated.
2024-11-24 14:54:54,425 - pyALS-RF - INFO: Tree 5: 241 DBs instantiated.
2024-11-24 14:54:54,445 - pyALS-RF - INFO: Tree 6: 229 DBs instantiated.
2024-11-24 14:54:54,465 - pyALS-RF - INFO: Tree 7: 241 DBs instantiated.
2024-11-24 14:54:54,487 - pyALS-RF - INFO: Tree 8: 256 DBs instantiated.
2024-11-24 14:54:54,509 - pyALS-RF - INFO: Tree 9: 241 DBs instantiated.
2024-11-24 14:54:54,531 - pyALS-RF - INFO: Tree 10: 240 DBs instantiated.
2024-11-24 14:54:54,552 - pyALS-RF - INFO: Tree 11: 242 DBs instantiated.
2024-11-24 14:54:54,573 - pyALS-RF - INFO: Tree 12: 235 DBs instantiated.
2024-11-24 14:54:54,595 - pyALS-RF - INFO: Tree 13: 253 DBs instantiated.
2024-11-24 14:54:54,618 - pyALS-RF - INFO: Tree 14: 244 DBs instantiated.
2024-11-24 14:54:54,640 - pyALS-RF - INFO: Tree 15: 237 DBs instantiated.
2024-11-24 14:54:54,662 - pyALS-RF - INFO: Tree 16: 234 DBs instantiated.
2024-11-24 14:54:54,685 - pyALS-RF - INFO: Tree 17: 275 DBs instantiated.
2024-11-24 14:54:54,708 - pyALS-RF - INFO: Tree 18: 220 DBs instantiated.
2024-11-24 14:54:54,728 - pyALS-RF - INFO: Tree 19: 245 DBs instantiated.
2024-11-24 14:54:54,749 - pyALS-RF - INFO: Tree 20: 230 DBs instantiated.
2024-11-24 14:54:54,769 - pyALS-RF - INFO: Tree 21: 249 DBs instantiated.
2024-11-24 14:54:54,791 - pyALS-RF - INFO: Tree 22: 242 DBs instantiated.
2024-11-24 14:54:54,814 - pyALS-RF - INFO: Tree 23: 254 DBs instantiated.
2024-11-24 14:54:54,835 - pyALS-RF - INFO: Tree 24: 226 DBs instantiated.
2024-11-24 14:54:54,857 - pyALS-RF - INFO: Tree 25: 257 DBs instantiated.
2024-11-24 14:54:54,877 - pyALS-RF - INFO: Tree 26: 219 DBs instantiated.
2024-11-24 14:54:54,897 - pyALS-RF - INFO: Tree 27: 239 DBs instantiated.
2024-11-24 14:54:54,918 - pyALS-RF - INFO: Tree 28: 250 DBs instantiated.
2024-11-24 14:54:54,940 - pyALS-RF - INFO: Tree 29: 243 DBs instantiated.
2024-11-24 14:54:54,963 - pyALS-RF - INFO: Tree 30: 241 DBs instantiated.
2024-11-24 14:54:54,983 - pyALS-RF - INFO: Tree 31: 226 DBs instantiated.
2024-11-24 14:54:55,002 - pyALS-RF - INFO: Tree 32: 228 DBs instantiated.
2024-11-24 14:54:55,021 - pyALS-RF - INFO: Tree 33: 219 DBs instantiated.
2024-11-24 14:54:55,041 - pyALS-RF - INFO: Tree 34: 228 DBs instantiated.
2024-11-24 14:54:55,061 - pyALS-RF - INFO: Tree 35: 245 DBs instantiated.
2024-11-24 14:54:55,082 - pyALS-RF - INFO: Tree 36: 236 DBs instantiated.
2024-11-24 14:54:55,102 - pyALS-RF - INFO: Tree 37: 213 DBs instantiated.
2024-11-24 14:54:55,121 - pyALS-RF - INFO: Tree 38: 230 DBs instantiated.
2024-11-24 14:54:55,142 - pyALS-RF - INFO: Tree 39: 238 DBs instantiated.
2024-11-24 14:56:43,672 - pyALS-RF - INFO: Runing the TMR flow.
2024-11-24 14:56:44,024 - pyALS-RF - INFO: Tree 0: 245 DBs instantiated.
2024-11-24 14:56:44,047 - pyALS-RF - INFO: Tree 1: 240 DBs instantiated.
2024-11-24 14:56:44,070 - pyALS-RF - INFO: Tree 2: 249 DBs instantiated.
2024-11-24 14:56:44,091 - pyALS-RF - INFO: Tree 3: 232 DBs instantiated.
2024-11-24 14:56:44,110 - pyALS-RF - INFO: Tree 4: 226 DBs instantiated.
2024-11-24 14:56:44,130 - pyALS-RF - INFO: Tree 5: 241 DBs instantiated.
2024-11-24 14:56:44,151 - pyALS-RF - INFO: Tree 6: 229 DBs instantiated.
2024-11-24 14:56:44,171 - pyALS-RF - INFO: Tree 7: 241 DBs instantiated.
2024-11-24 14:56:44,192 - pyALS-RF - INFO: Tree 8: 256 DBs instantiated.
2024-11-24 14:56:44,215 - pyALS-RF - INFO: Tree 9: 241 DBs instantiated.
2024-11-24 14:56:44,236 - pyALS-RF - INFO: Tree 10: 240 DBs instantiated.
2024-11-24 14:56:44,256 - pyALS-RF - INFO: Tree 11: 242 DBs instantiated.
2024-11-24 14:56:44,277 - pyALS-RF - INFO: Tree 12: 235 DBs instantiated.
2024-11-24 14:56:44,298 - pyALS-RF - INFO: Tree 13: 253 DBs instantiated.
2024-11-24 14:56:44,322 - pyALS-RF - INFO: Tree 14: 244 DBs instantiated.
2024-11-24 14:56:44,344 - pyALS-RF - INFO: Tree 15: 237 DBs instantiated.
2024-11-24 14:56:44,365 - pyALS-RF - INFO: Tree 16: 234 DBs instantiated.
2024-11-24 14:56:44,388 - pyALS-RF - INFO: Tree 17: 275 DBs instantiated.
2024-11-24 14:56:44,412 - pyALS-RF - INFO: Tree 18: 220 DBs instantiated.
2024-11-24 14:56:44,431 - pyALS-RF - INFO: Tree 19: 245 DBs instantiated.
2024-11-24 14:56:44,452 - pyALS-RF - INFO: Tree 20: 230 DBs instantiated.
2024-11-24 14:56:44,473 - pyALS-RF - INFO: Tree 21: 249 DBs instantiated.
2024-11-24 14:56:44,495 - pyALS-RF - INFO: Tree 22: 242 DBs instantiated.
2024-11-24 14:56:44,518 - pyALS-RF - INFO: Tree 23: 254 DBs instantiated.
2024-11-24 14:56:44,539 - pyALS-RF - INFO: Tree 24: 226 DBs instantiated.
2024-11-24 14:56:44,560 - pyALS-RF - INFO: Tree 25: 257 DBs instantiated.
2024-11-24 14:56:44,581 - pyALS-RF - INFO: Tree 26: 219 DBs instantiated.
2024-11-24 14:56:44,600 - pyALS-RF - INFO: Tree 27: 239 DBs instantiated.
2024-11-24 14:56:44,622 - pyALS-RF - INFO: Tree 28: 250 DBs instantiated.
2024-11-24 14:56:44,644 - pyALS-RF - INFO: Tree 29: 243 DBs instantiated.
2024-11-24 14:56:44,665 - pyALS-RF - INFO: Tree 30: 241 DBs instantiated.
2024-11-24 14:56:44,685 - pyALS-RF - INFO: Tree 31: 226 DBs instantiated.
2024-11-24 14:56:44,705 - pyALS-RF - INFO: Tree 32: 228 DBs instantiated.
2024-11-24 14:56:44,725 - pyALS-RF - INFO: Tree 33: 219 DBs instantiated.
2024-11-24 14:56:44,745 - pyALS-RF - INFO: Tree 34: 228 DBs instantiated.
2024-11-24 14:56:44,765 - pyALS-RF - INFO: Tree 35: 245 DBs instantiated.
2024-11-24 14:56:44,787 - pyALS-RF - INFO: Tree 36: 236 DBs instantiated.
2024-11-24 14:56:44,807 - pyALS-RF - INFO: Tree 37: 213 DBs instantiated.
2024-11-24 14:56:44,825 - pyALS-RF - INFO: Tree 38: 230 DBs instantiated.
2024-11-24 14:56:44,845 - pyALS-RF - INFO: Tree 39: 238 DBs instantiated.
2024-11-24 15:00:03,339 - pyALS-RF - INFO: Runing the TMR flow.
2024-11-24 15:00:04,287 - pyALS-RF - INFO: Tree 0: 399 DBs instantiated.
2024-11-24 15:00:04,363 - pyALS-RF - INFO: Tree 1: 392 DBs instantiated.
2024-11-24 15:00:04,431 - pyALS-RF - INFO: Tree 2: 409 DBs instantiated.
2024-11-24 15:00:04,501 - pyALS-RF - INFO: Tree 3: 394 DBs instantiated.
2024-11-24 15:00:04,568 - pyALS-RF - INFO: Tree 4: 396 DBs instantiated.
2024-11-24 15:00:04,636 - pyALS-RF - INFO: Tree 5: 369 DBs instantiated.
2024-11-24 15:00:04,698 - pyALS-RF - INFO: Tree 6: 373 DBs instantiated.
2024-11-24 15:00:04,758 - pyALS-RF - INFO: Tree 7: 389 DBs instantiated.
2024-11-24 15:00:04,821 - pyALS-RF - INFO: Tree 8: 358 DBs instantiated.
2024-11-24 15:00:04,878 - pyALS-RF - INFO: Tree 9: 365 DBs instantiated.
2024-11-24 15:00:04,941 - pyALS-RF - INFO: Tree 10: 407 DBs instantiated.
2024-11-24 15:00:05,011 - pyALS-RF - INFO: Tree 11: 398 DBs instantiated.
2024-11-24 15:00:05,075 - pyALS-RF - INFO: Tree 12: 365 DBs instantiated.
2024-11-24 15:00:05,134 - pyALS-RF - INFO: Tree 13: 370 DBs instantiated.
2024-11-24 15:00:05,199 - pyALS-RF - INFO: Tree 14: 399 DBs instantiated.
2024-11-24 15:00:05,260 - pyALS-RF - INFO: Tree 15: 366 DBs instantiated.
2024-11-24 15:00:05,314 - pyALS-RF - INFO: Tree 16: 364 DBs instantiated.
2024-11-24 15:00:05,370 - pyALS-RF - INFO: Tree 17: 391 DBs instantiated.
2024-11-24 15:00:05,436 - pyALS-RF - INFO: Tree 18: 384 DBs instantiated.
2024-11-24 15:00:05,497 - pyALS-RF - INFO: Tree 19: 372 DBs instantiated.
2024-11-24 15:00:05,559 - pyALS-RF - INFO: Tree 20: 383 DBs instantiated.
2024-11-24 15:00:05,620 - pyALS-RF - INFO: Tree 21: 372 DBs instantiated.
2024-11-24 15:00:05,679 - pyALS-RF - INFO: Tree 22: 366 DBs instantiated.
2024-11-24 15:00:05,752 - pyALS-RF - INFO: Tree 23: 439 DBs instantiated.
2024-11-24 15:00:05,825 - pyALS-RF - INFO: Tree 24: 379 DBs instantiated.
2024-11-24 15:00:05,896 - pyALS-RF - INFO: Tree 25: 434 DBs instantiated.
2024-11-24 15:00:05,970 - pyALS-RF - INFO: Tree 26: 393 DBs instantiated.
2024-11-24 15:00:06,034 - pyALS-RF - INFO: Tree 27: 380 DBs instantiated.
2024-11-24 15:00:06,096 - pyALS-RF - INFO: Tree 28: 386 DBs instantiated.
2024-11-24 15:00:06,158 - pyALS-RF - INFO: Tree 29: 388 DBs instantiated.
2024-11-24 15:00:06,230 - pyALS-RF - INFO: Tree 30: 402 DBs instantiated.
2024-11-24 15:00:06,290 - pyALS-RF - INFO: Tree 31: 347 DBs instantiated.
2024-11-24 15:00:06,341 - pyALS-RF - INFO: Tree 32: 332 DBs instantiated.
2024-11-24 15:00:06,400 - pyALS-RF - INFO: Tree 33: 396 DBs instantiated.
2024-11-24 15:00:06,465 - pyALS-RF - INFO: Tree 34: 389 DBs instantiated.
2024-11-24 15:00:06,528 - pyALS-RF - INFO: Tree 35: 367 DBs instantiated.
2024-11-24 15:00:06,591 - pyALS-RF - INFO: Tree 36: 364 DBs instantiated.
2024-11-24 15:00:06,655 - pyALS-RF - INFO: Tree 37: 385 DBs instantiated.
2024-11-24 15:00:06,725 - pyALS-RF - INFO: Tree 38: 395 DBs instantiated.
2024-11-24 15:00:06,796 - pyALS-RF - INFO: Tree 39: 375 DBs instantiated.
2024-11-24 15:00:55,167 - pyALS-RF - INFO: Runing the TMR flow.
2024-11-24 15:00:56,111 - pyALS-RF - INFO: Tree 0: 399 DBs instantiated.
2024-11-24 15:00:56,185 - pyALS-RF - INFO: Tree 1: 392 DBs instantiated.
2024-11-24 15:00:56,251 - pyALS-RF - INFO: Tree 2: 409 DBs instantiated.
2024-11-24 15:00:56,319 - pyALS-RF - INFO: Tree 3: 394 DBs instantiated.
2024-11-24 15:00:56,386 - pyALS-RF - INFO: Tree 4: 396 DBs instantiated.
2024-11-24 15:00:56,450 - pyALS-RF - INFO: Tree 5: 369 DBs instantiated.
2024-11-24 15:00:56,511 - pyALS-RF - INFO: Tree 6: 373 DBs instantiated.
2024-11-24 15:00:56,571 - pyALS-RF - INFO: Tree 7: 389 DBs instantiated.
2024-11-24 15:00:56,636 - pyALS-RF - INFO: Tree 8: 358 DBs instantiated.
2024-11-24 15:00:56,694 - pyALS-RF - INFO: Tree 9: 365 DBs instantiated.
2024-11-24 15:00:56,760 - pyALS-RF - INFO: Tree 10: 407 DBs instantiated.
2024-11-24 15:00:56,831 - pyALS-RF - INFO: Tree 11: 398 DBs instantiated.
2024-11-24 15:00:56,894 - pyALS-RF - INFO: Tree 12: 365 DBs instantiated.
2024-11-24 15:00:56,953 - pyALS-RF - INFO: Tree 13: 370 DBs instantiated.
2024-11-24 15:00:57,018 - pyALS-RF - INFO: Tree 14: 399 DBs instantiated.
2024-11-24 15:00:57,080 - pyALS-RF - INFO: Tree 15: 366 DBs instantiated.
2024-11-24 15:00:57,133 - pyALS-RF - INFO: Tree 16: 364 DBs instantiated.
2024-11-24 15:00:57,190 - pyALS-RF - INFO: Tree 17: 391 DBs instantiated.
2024-11-24 15:00:57,259 - pyALS-RF - INFO: Tree 18: 384 DBs instantiated.
2024-11-24 15:00:57,320 - pyALS-RF - INFO: Tree 19: 372 DBs instantiated.
2024-11-24 15:00:57,379 - pyALS-RF - INFO: Tree 20: 383 DBs instantiated.
2024-11-24 15:00:57,440 - pyALS-RF - INFO: Tree 21: 372 DBs instantiated.
2024-11-24 15:00:57,498 - pyALS-RF - INFO: Tree 22: 366 DBs instantiated.
2024-11-24 15:00:57,571 - pyALS-RF - INFO: Tree 23: 439 DBs instantiated.
2024-11-24 15:00:57,643 - pyALS-RF - INFO: Tree 24: 379 DBs instantiated.
2024-11-24 15:00:57,714 - pyALS-RF - INFO: Tree 25: 434 DBs instantiated.
2024-11-24 15:00:57,788 - pyALS-RF - INFO: Tree 26: 393 DBs instantiated.
2024-11-24 15:00:57,852 - pyALS-RF - INFO: Tree 27: 380 DBs instantiated.
2024-11-24 15:00:57,914 - pyALS-RF - INFO: Tree 28: 386 DBs instantiated.
2024-11-24 15:00:57,975 - pyALS-RF - INFO: Tree 29: 388 DBs instantiated.
2024-11-24 15:00:58,042 - pyALS-RF - INFO: Tree 30: 402 DBs instantiated.
2024-11-24 15:00:58,100 - pyALS-RF - INFO: Tree 31: 347 DBs instantiated.
2024-11-24 15:00:58,151 - pyALS-RF - INFO: Tree 32: 332 DBs instantiated.
2024-11-24 15:00:58,209 - pyALS-RF - INFO: Tree 33: 396 DBs instantiated.
2024-11-24 15:00:58,274 - pyALS-RF - INFO: Tree 34: 389 DBs instantiated.
2024-11-24 15:00:58,335 - pyALS-RF - INFO: Tree 35: 367 DBs instantiated.
2024-11-24 15:00:58,398 - pyALS-RF - INFO: Tree 36: 364 DBs instantiated.
2024-11-24 15:00:58,462 - pyALS-RF - INFO: Tree 37: 385 DBs instantiated.
2024-11-24 15:00:58,533 - pyALS-RF - INFO: Tree 38: 395 DBs instantiated.
2024-11-24 15:00:58,604 - pyALS-RF - INFO: Tree 39: 375 DBs instantiated.
2024-11-24 15:22:43,095 - pyALS-RF - INFO: Runing the TMR flow.
2024-11-24 15:22:44,051 - pyALS-RF - INFO: Tree 0: 399 DBs instantiated.
2024-11-24 15:22:44,127 - pyALS-RF - INFO: Tree 1: 392 DBs instantiated.
2024-11-24 15:22:44,193 - pyALS-RF - INFO: Tree 2: 409 DBs instantiated.
2024-11-24 15:22:44,262 - pyALS-RF - INFO: Tree 3: 394 DBs instantiated.
2024-11-24 15:22:44,330 - pyALS-RF - INFO: Tree 4: 396 DBs instantiated.
2024-11-24 15:22:44,394 - pyALS-RF - INFO: Tree 5: 369 DBs instantiated.
2024-11-24 15:22:44,455 - pyALS-RF - INFO: Tree 6: 373 DBs instantiated.
2024-11-24 15:22:44,516 - pyALS-RF - INFO: Tree 7: 389 DBs instantiated.
2024-11-24 15:22:44,581 - pyALS-RF - INFO: Tree 8: 358 DBs instantiated.
2024-11-24 15:22:44,638 - pyALS-RF - INFO: Tree 9: 365 DBs instantiated.
2024-11-24 15:22:44,701 - pyALS-RF - INFO: Tree 10: 407 DBs instantiated.
2024-11-24 15:22:44,773 - pyALS-RF - INFO: Tree 11: 398 DBs instantiated.
2024-11-24 15:22:44,836 - pyALS-RF - INFO: Tree 12: 365 DBs instantiated.
2024-11-24 15:22:44,895 - pyALS-RF - INFO: Tree 13: 370 DBs instantiated.
2024-11-24 15:22:44,959 - pyALS-RF - INFO: Tree 14: 399 DBs instantiated.
2024-11-24 15:22:45,021 - pyALS-RF - INFO: Tree 15: 366 DBs instantiated.
2024-11-24 15:22:45,077 - pyALS-RF - INFO: Tree 16: 364 DBs instantiated.
2024-11-24 15:22:45,137 - pyALS-RF - INFO: Tree 17: 391 DBs instantiated.
2024-11-24 15:22:45,205 - pyALS-RF - INFO: Tree 18: 384 DBs instantiated.
2024-11-24 15:22:45,266 - pyALS-RF - INFO: Tree 19: 372 DBs instantiated.
2024-11-24 15:22:45,326 - pyALS-RF - INFO: Tree 20: 383 DBs instantiated.
2024-11-24 15:22:45,388 - pyALS-RF - INFO: Tree 21: 372 DBs instantiated.
2024-11-24 15:22:45,447 - pyALS-RF - INFO: Tree 22: 366 DBs instantiated.
2024-11-24 15:22:45,520 - pyALS-RF - INFO: Tree 23: 439 DBs instantiated.
2024-11-24 15:22:45,593 - pyALS-RF - INFO: Tree 24: 379 DBs instantiated.
2024-11-24 15:22:45,663 - pyALS-RF - INFO: Tree 25: 434 DBs instantiated.
2024-11-24 15:22:45,739 - pyALS-RF - INFO: Tree 26: 393 DBs instantiated.
2024-11-24 15:22:45,804 - pyALS-RF - INFO: Tree 27: 380 DBs instantiated.
2024-11-24 15:22:45,867 - pyALS-RF - INFO: Tree 28: 386 DBs instantiated.
2024-11-24 15:22:45,928 - pyALS-RF - INFO: Tree 29: 388 DBs instantiated.
2024-11-24 15:22:45,996 - pyALS-RF - INFO: Tree 30: 402 DBs instantiated.
2024-11-24 15:22:46,055 - pyALS-RF - INFO: Tree 31: 347 DBs instantiated.
2024-11-24 15:22:46,106 - pyALS-RF - INFO: Tree 32: 332 DBs instantiated.
2024-11-24 15:22:46,165 - pyALS-RF - INFO: Tree 33: 396 DBs instantiated.
2024-11-24 15:22:46,231 - pyALS-RF - INFO: Tree 34: 389 DBs instantiated.
2024-11-24 15:22:46,293 - pyALS-RF - INFO: Tree 35: 367 DBs instantiated.
2024-11-24 15:22:46,355 - pyALS-RF - INFO: Tree 36: 364 DBs instantiated.
2024-11-24 15:22:46,418 - pyALS-RF - INFO: Tree 37: 385 DBs instantiated.
2024-11-24 15:22:46,488 - pyALS-RF - INFO: Tree 38: 395 DBs instantiated.
2024-11-24 15:22:46,559 - pyALS-RF - INFO: Tree 39: 375 DBs instantiated.
2024-11-24 15:26:04,555 - pyALS-RF - INFO: Runing the TMR flow.
2024-11-24 15:26:05,507 - pyALS-RF - INFO: Tree 0: 399 DBs instantiated.
2024-11-24 15:26:05,584 - pyALS-RF - INFO: Tree 1: 392 DBs instantiated.
2024-11-24 15:26:05,651 - pyALS-RF - INFO: Tree 2: 409 DBs instantiated.
2024-11-24 15:26:05,719 - pyALS-RF - INFO: Tree 3: 394 DBs instantiated.
2024-11-24 15:26:05,786 - pyALS-RF - INFO: Tree 4: 396 DBs instantiated.
2024-11-24 15:26:05,850 - pyALS-RF - INFO: Tree 5: 369 DBs instantiated.
2024-11-24 15:26:05,911 - pyALS-RF - INFO: Tree 6: 373 DBs instantiated.
2024-11-24 15:26:05,972 - pyALS-RF - INFO: Tree 7: 389 DBs instantiated.
2024-11-24 15:26:06,035 - pyALS-RF - INFO: Tree 8: 358 DBs instantiated.
2024-11-24 15:26:06,092 - pyALS-RF - INFO: Tree 9: 365 DBs instantiated.
2024-11-24 15:26:06,154 - pyALS-RF - INFO: Tree 10: 407 DBs instantiated.
2024-11-24 15:26:06,225 - pyALS-RF - INFO: Tree 11: 398 DBs instantiated.
2024-11-24 15:26:06,289 - pyALS-RF - INFO: Tree 12: 365 DBs instantiated.
2024-11-24 15:26:06,349 - pyALS-RF - INFO: Tree 13: 370 DBs instantiated.
2024-11-24 15:26:06,414 - pyALS-RF - INFO: Tree 14: 399 DBs instantiated.
2024-11-24 15:26:06,475 - pyALS-RF - INFO: Tree 15: 366 DBs instantiated.
2024-11-24 15:26:06,529 - pyALS-RF - INFO: Tree 16: 364 DBs instantiated.
2024-11-24 15:26:06,586 - pyALS-RF - INFO: Tree 17: 391 DBs instantiated.
2024-11-24 15:26:06,652 - pyALS-RF - INFO: Tree 18: 384 DBs instantiated.
2024-11-24 15:26:06,713 - pyALS-RF - INFO: Tree 19: 372 DBs instantiated.
2024-11-24 15:26:06,773 - pyALS-RF - INFO: Tree 20: 383 DBs instantiated.
2024-11-24 15:26:06,834 - pyALS-RF - INFO: Tree 21: 372 DBs instantiated.
2024-11-24 15:26:06,893 - pyALS-RF - INFO: Tree 22: 366 DBs instantiated.
2024-11-24 15:26:06,966 - pyALS-RF - INFO: Tree 23: 439 DBs instantiated.
2024-11-24 15:26:07,041 - pyALS-RF - INFO: Tree 24: 379 DBs instantiated.
2024-11-24 15:26:07,113 - pyALS-RF - INFO: Tree 25: 434 DBs instantiated.
2024-11-24 15:26:07,189 - pyALS-RF - INFO: Tree 26: 393 DBs instantiated.
2024-11-24 15:26:07,257 - pyALS-RF - INFO: Tree 27: 380 DBs instantiated.
2024-11-24 15:26:07,318 - pyALS-RF - INFO: Tree 28: 386 DBs instantiated.
2024-11-24 15:26:07,379 - pyALS-RF - INFO: Tree 29: 388 DBs instantiated.
2024-11-24 15:26:07,445 - pyALS-RF - INFO: Tree 30: 402 DBs instantiated.
2024-11-24 15:26:07,504 - pyALS-RF - INFO: Tree 31: 347 DBs instantiated.
2024-11-24 15:26:07,554 - pyALS-RF - INFO: Tree 32: 332 DBs instantiated.
2024-11-24 15:26:07,624 - pyALS-RF - INFO: Tree 33: 396 DBs instantiated.
2024-11-24 15:26:07,689 - pyALS-RF - INFO: Tree 34: 389 DBs instantiated.
2024-11-24 15:26:07,749 - pyALS-RF - INFO: Tree 35: 367 DBs instantiated.
2024-11-24 15:26:07,811 - pyALS-RF - INFO: Tree 36: 364 DBs instantiated.
2024-11-24 15:26:07,876 - pyALS-RF - INFO: Tree 37: 385 DBs instantiated.
2024-11-24 15:26:07,947 - pyALS-RF - INFO: Tree 38: 395 DBs instantiated.
2024-11-24 15:26:08,017 - pyALS-RF - INFO: Tree 39: 375 DBs instantiated.
2024-11-24 15:29:01,781 - pyALS-RF - INFO: Runing the TMR flow.
2024-11-24 15:29:10,116 - pyALS-RF - INFO: Runing the TMR flow.
2024-11-24 15:29:10,154 - pyALS-RF - INFO: Tree 0: 20 DBs instantiated.
2024-11-24 15:29:10,156 - pyALS-RF - INFO: Tree 1: 21 DBs instantiated.
2024-11-24 15:29:10,158 - pyALS-RF - INFO: Tree 2: 23 DBs instantiated.
2024-11-24 15:29:10,159 - pyALS-RF - INFO: Tree 3: 17 DBs instantiated.
2024-11-24 15:29:10,160 - pyALS-RF - INFO: Tree 4: 23 DBs instantiated.
2024-11-24 15:29:10,162 - pyALS-RF - INFO: Tree 5: 20 DBs instantiated.
2024-11-24 15:29:10,163 - pyALS-RF - INFO: Tree 6: 22 DBs instantiated.
2024-11-24 15:29:10,164 - pyALS-RF - INFO: Tree 7: 17 DBs instantiated.
2024-11-24 15:29:10,165 - pyALS-RF - INFO: Tree 8: 23 DBs instantiated.
2024-11-24 15:29:10,167 - pyALS-RF - INFO: Tree 9: 21 DBs instantiated.
2024-11-24 15:29:10,168 - pyALS-RF - INFO: Tree 10: 25 DBs instantiated.
2024-11-24 15:29:10,170 - pyALS-RF - INFO: Tree 11: 27 DBs instantiated.
2024-11-24 15:29:10,171 - pyALS-RF - INFO: Tree 12: 26 DBs instantiated.
2024-11-24 15:29:10,173 - pyALS-RF - INFO: Tree 13: 24 DBs instantiated.
2024-11-24 15:29:10,174 - pyALS-RF - INFO: Tree 14: 21 DBs instantiated.
2024-11-24 15:29:10,176 - pyALS-RF - INFO: Tree 15: 23 DBs instantiated.
2024-11-24 15:29:10,177 - pyALS-RF - INFO: Tree 16: 18 DBs instantiated.
2024-11-24 15:29:10,178 - pyALS-RF - INFO: Tree 17: 16 DBs instantiated.
2024-11-24 15:29:10,179 - pyALS-RF - INFO: Tree 18: 20 DBs instantiated.
2024-11-24 15:29:10,181 - pyALS-RF - INFO: Tree 19: 22 DBs instantiated.
2024-11-24 15:29:10,182 - pyALS-RF - INFO: Tree 20: 19 DBs instantiated.
2024-11-24 15:29:10,183 - pyALS-RF - INFO: Tree 21: 19 DBs instantiated.
2024-11-24 15:29:10,184 - pyALS-RF - INFO: Tree 22: 19 DBs instantiated.
2024-11-24 15:29:10,186 - pyALS-RF - INFO: Tree 23: 18 DBs instantiated.
2024-11-24 15:29:10,187 - pyALS-RF - INFO: Tree 24: 18 DBs instantiated.
2024-11-24 15:29:10,188 - pyALS-RF - INFO: Tree 25: 22 DBs instantiated.
2024-11-24 15:29:10,189 - pyALS-RF - INFO: Tree 26: 24 DBs instantiated.
2024-11-24 15:29:10,191 - pyALS-RF - INFO: Tree 27: 21 DBs instantiated.
2024-11-24 15:29:10,192 - pyALS-RF - INFO: Tree 28: 24 DBs instantiated.
2024-11-24 15:29:10,193 - pyALS-RF - INFO: Tree 29: 15 DBs instantiated.
2024-11-24 15:29:10,195 - pyALS-RF - INFO: Tree 30: 17 DBs instantiated.
2024-11-24 15:29:10,196 - pyALS-RF - INFO: Tree 31: 21 DBs instantiated.
2024-11-24 15:29:10,197 - pyALS-RF - INFO: Tree 32: 25 DBs instantiated.
2024-11-24 15:29:10,199 - pyALS-RF - INFO: Tree 33: 24 DBs instantiated.
2024-11-24 15:29:10,200 - pyALS-RF - INFO: Tree 34: 17 DBs instantiated.
2024-11-24 15:29:10,201 - pyALS-RF - INFO: Tree 35: 21 DBs instantiated.
2024-11-24 15:29:10,203 - pyALS-RF - INFO: Tree 36: 24 DBs instantiated.
2024-11-24 15:29:10,204 - pyALS-RF - INFO: Tree 37: 19 DBs instantiated.
2024-11-24 15:29:10,206 - pyALS-RF - INFO: Tree 38: 27 DBs instantiated.
2024-11-24 15:29:10,207 - pyALS-RF - INFO: Tree 39: 22 DBs instantiated.
2024-11-24 15:29:58,250 - pyALS-RF - INFO: Runing the TMR flow.
2024-11-24 15:29:58,279 - pyALS-RF - INFO: Tree 0: 20 DBs instantiated.
2024-11-24 15:29:58,281 - pyALS-RF - INFO: Tree 1: 21 DBs instantiated.
2024-11-24 15:29:58,282 - pyALS-RF - INFO: Tree 2: 23 DBs instantiated.
2024-11-24 15:29:58,284 - pyALS-RF - INFO: Tree 3: 17 DBs instantiated.
2024-11-24 15:29:58,285 - pyALS-RF - INFO: Tree 4: 23 DBs instantiated.
2024-11-24 15:29:58,287 - pyALS-RF - INFO: Tree 5: 20 DBs instantiated.
2024-11-24 15:29:58,288 - pyALS-RF - INFO: Tree 6: 22 DBs instantiated.
2024-11-24 15:29:58,290 - pyALS-RF - INFO: Tree 7: 17 DBs instantiated.
2024-11-24 15:29:58,291 - pyALS-RF - INFO: Tree 8: 23 DBs instantiated.
2024-11-24 15:29:58,293 - pyALS-RF - INFO: Tree 9: 21 DBs instantiated.
2024-11-24 15:29:58,294 - pyALS-RF - INFO: Tree 10: 25 DBs instantiated.
2024-11-24 15:29:58,296 - pyALS-RF - INFO: Tree 11: 27 DBs instantiated.
2024-11-24 15:29:58,297 - pyALS-RF - INFO: Tree 12: 26 DBs instantiated.
2024-11-24 15:29:58,299 - pyALS-RF - INFO: Tree 13: 24 DBs instantiated.
2024-11-24 15:29:58,300 - pyALS-RF - INFO: Tree 14: 21 DBs instantiated.
2024-11-24 15:29:58,302 - pyALS-RF - INFO: Tree 15: 23 DBs instantiated.
2024-11-24 15:29:58,303 - pyALS-RF - INFO: Tree 16: 18 DBs instantiated.
2024-11-24 15:29:58,304 - pyALS-RF - INFO: Tree 17: 16 DBs instantiated.
2024-11-24 15:29:58,305 - pyALS-RF - INFO: Tree 18: 20 DBs instantiated.
2024-11-24 15:29:58,307 - pyALS-RF - INFO: Tree 19: 22 DBs instantiated.
2024-11-24 15:29:58,308 - pyALS-RF - INFO: Tree 20: 19 DBs instantiated.
2024-11-24 15:29:58,309 - pyALS-RF - INFO: Tree 21: 19 DBs instantiated.
2024-11-24 15:29:58,311 - pyALS-RF - INFO: Tree 22: 19 DBs instantiated.
2024-11-24 15:29:58,312 - pyALS-RF - INFO: Tree 23: 18 DBs instantiated.
2024-11-24 15:29:58,313 - pyALS-RF - INFO: Tree 24: 18 DBs instantiated.
2024-11-24 15:29:58,314 - pyALS-RF - INFO: Tree 25: 22 DBs instantiated.
2024-11-24 15:29:58,316 - pyALS-RF - INFO: Tree 26: 24 DBs instantiated.
2024-11-24 15:29:58,318 - pyALS-RF - INFO: Tree 27: 21 DBs instantiated.
2024-11-24 15:29:58,319 - pyALS-RF - INFO: Tree 28: 24 DBs instantiated.
2024-11-24 15:29:58,320 - pyALS-RF - INFO: Tree 29: 15 DBs instantiated.
2024-11-24 15:29:58,321 - pyALS-RF - INFO: Tree 30: 17 DBs instantiated.
2024-11-24 15:29:58,322 - pyALS-RF - INFO: Tree 31: 21 DBs instantiated.
2024-11-24 15:29:58,324 - pyALS-RF - INFO: Tree 32: 25 DBs instantiated.
2024-11-24 15:29:58,326 - pyALS-RF - INFO: Tree 33: 24 DBs instantiated.
2024-11-24 15:29:58,327 - pyALS-RF - INFO: Tree 34: 17 DBs instantiated.
2024-11-24 15:29:58,329 - pyALS-RF - INFO: Tree 35: 21 DBs instantiated.
2024-11-24 15:29:58,331 - pyALS-RF - INFO: Tree 36: 24 DBs instantiated.
2024-11-24 15:29:58,332 - pyALS-RF - INFO: Tree 37: 19 DBs instantiated.
2024-11-24 15:29:58,334 - pyALS-RF - INFO: Tree 38: 27 DBs instantiated.
2024-11-24 15:29:58,335 - pyALS-RF - INFO: Tree 39: 22 DBs instantiated.
2024-11-24 15:30:15,985 - pyALS-RF - INFO: Runing the TMR flow.
2024-11-24 15:30:16,014 - pyALS-RF - INFO: Tree 0: 20 DBs instantiated.
2024-11-24 15:30:16,016 - pyALS-RF - INFO: Tree 1: 21 DBs instantiated.
2024-11-24 15:30:16,018 - pyALS-RF - INFO: Tree 2: 23 DBs instantiated.
2024-11-24 15:30:16,019 - pyALS-RF - INFO: Tree 3: 17 DBs instantiated.
2024-11-24 15:30:16,020 - pyALS-RF - INFO: Tree 4: 23 DBs instantiated.
2024-11-24 15:30:16,021 - pyALS-RF - INFO: Tree 5: 20 DBs instantiated.
2024-11-24 15:30:16,023 - pyALS-RF - INFO: Tree 6: 22 DBs instantiated.
2024-11-24 15:30:16,024 - pyALS-RF - INFO: Tree 7: 17 DBs instantiated.
2024-11-24 15:30:16,025 - pyALS-RF - INFO: Tree 8: 23 DBs instantiated.
2024-11-24 15:30:16,027 - pyALS-RF - INFO: Tree 9: 21 DBs instantiated.
2024-11-24 15:30:16,028 - pyALS-RF - INFO: Tree 10: 25 DBs instantiated.
2024-11-24 15:30:16,030 - pyALS-RF - INFO: Tree 11: 27 DBs instantiated.
2024-11-24 15:30:16,031 - pyALS-RF - INFO: Tree 12: 26 DBs instantiated.
2024-11-24 15:30:16,033 - pyALS-RF - INFO: Tree 13: 24 DBs instantiated.
2024-11-24 15:30:16,034 - pyALS-RF - INFO: Tree 14: 21 DBs instantiated.
2024-11-24 15:30:16,035 - pyALS-RF - INFO: Tree 15: 23 DBs instantiated.
2024-11-24 15:30:16,037 - pyALS-RF - INFO: Tree 16: 18 DBs instantiated.
2024-11-24 15:30:16,038 - pyALS-RF - INFO: Tree 17: 16 DBs instantiated.
2024-11-24 15:30:16,040 - pyALS-RF - INFO: Tree 18: 20 DBs instantiated.
2024-11-24 15:30:16,041 - pyALS-RF - INFO: Tree 19: 22 DBs instantiated.
2024-11-24 15:30:16,042 - pyALS-RF - INFO: Tree 20: 19 DBs instantiated.
2024-11-24 15:30:16,044 - pyALS-RF - INFO: Tree 21: 19 DBs instantiated.
2024-11-24 15:30:16,045 - pyALS-RF - INFO: Tree 22: 19 DBs instantiated.
2024-11-24 15:30:16,046 - pyALS-RF - INFO: Tree 23: 18 DBs instantiated.
2024-11-24 15:30:16,048 - pyALS-RF - INFO: Tree 24: 18 DBs instantiated.
2024-11-24 15:30:16,049 - pyALS-RF - INFO: Tree 25: 22 DBs instantiated.
2024-11-24 15:30:16,050 - pyALS-RF - INFO: Tree 26: 24 DBs instantiated.
2024-11-24 15:30:16,052 - pyALS-RF - INFO: Tree 27: 21 DBs instantiated.
2024-11-24 15:30:16,053 - pyALS-RF - INFO: Tree 28: 24 DBs instantiated.
2024-11-24 15:30:16,055 - pyALS-RF - INFO: Tree 29: 15 DBs instantiated.
2024-11-24 15:30:16,056 - pyALS-RF - INFO: Tree 30: 17 DBs instantiated.
2024-11-24 15:30:16,057 - pyALS-RF - INFO: Tree 31: 21 DBs instantiated.
2024-11-24 15:30:16,058 - pyALS-RF - INFO: Tree 32: 25 DBs instantiated.
2024-11-24 15:30:16,060 - pyALS-RF - INFO: Tree 33: 24 DBs instantiated.
2024-11-24 15:30:16,061 - pyALS-RF - INFO: Tree 34: 17 DBs instantiated.
2024-11-24 15:30:16,063 - pyALS-RF - INFO: Tree 35: 21 DBs instantiated.
2024-11-24 15:30:16,064 - pyALS-RF - INFO: Tree 36: 24 DBs instantiated.
2024-11-24 15:30:16,065 - pyALS-RF - INFO: Tree 37: 19 DBs instantiated.
2024-11-24 15:30:16,067 - pyALS-RF - INFO: Tree 38: 27 DBs instantiated.
2024-11-24 15:30:16,068 - pyALS-RF - INFO: Tree 39: 22 DBs instantiated.
2024-11-24 15:30:42,124 - pyALS-RF - INFO: Runing the TMR flow.
2024-11-24 15:30:45,167 - pyALS-RF - INFO: Runing the TMR flow.
2024-11-24 15:30:45,197 - pyALS-RF - INFO: Tree 0: 20 DBs instantiated.
2024-11-24 15:30:45,199 - pyALS-RF - INFO: Tree 1: 21 DBs instantiated.
2024-11-24 15:30:45,201 - pyALS-RF - INFO: Tree 2: 23 DBs instantiated.
2024-11-24 15:30:45,202 - pyALS-RF - INFO: Tree 3: 17 DBs instantiated.
2024-11-24 15:30:45,203 - pyALS-RF - INFO: Tree 4: 23 DBs instantiated.
2024-11-24 15:30:45,204 - pyALS-RF - INFO: Tree 5: 20 DBs instantiated.
2024-11-24 15:30:45,206 - pyALS-RF - INFO: Tree 6: 22 DBs instantiated.
2024-11-24 15:30:45,207 - pyALS-RF - INFO: Tree 7: 17 DBs instantiated.
2024-11-24 15:30:45,208 - pyALS-RF - INFO: Tree 8: 23 DBs instantiated.
2024-11-24 15:30:45,209 - pyALS-RF - INFO: Tree 9: 21 DBs instantiated.
2024-11-24 15:30:45,211 - pyALS-RF - INFO: Tree 10: 25 DBs instantiated.
2024-11-24 15:30:45,213 - pyALS-RF - INFO: Tree 11: 27 DBs instantiated.
2024-11-24 15:30:45,214 - pyALS-RF - INFO: Tree 12: 26 DBs instantiated.
2024-11-24 15:30:45,215 - pyALS-RF - INFO: Tree 13: 24 DBs instantiated.
2024-11-24 15:30:45,217 - pyALS-RF - INFO: Tree 14: 21 DBs instantiated.
2024-11-24 15:30:45,218 - pyALS-RF - INFO: Tree 15: 23 DBs instantiated.
2024-11-24 15:30:45,219 - pyALS-RF - INFO: Tree 16: 18 DBs instantiated.
2024-11-24 15:30:45,221 - pyALS-RF - INFO: Tree 17: 16 DBs instantiated.
2024-11-24 15:30:45,222 - pyALS-RF - INFO: Tree 18: 20 DBs instantiated.
2024-11-24 15:30:45,224 - pyALS-RF - INFO: Tree 19: 22 DBs instantiated.
2024-11-24 15:30:45,226 - pyALS-RF - INFO: Tree 20: 19 DBs instantiated.
2024-11-24 15:30:45,228 - pyALS-RF - INFO: Tree 21: 19 DBs instantiated.
2024-11-24 15:30:45,230 - pyALS-RF - INFO: Tree 22: 19 DBs instantiated.
2024-11-24 15:30:45,231 - pyALS-RF - INFO: Tree 23: 18 DBs instantiated.
2024-11-24 15:30:45,233 - pyALS-RF - INFO: Tree 24: 18 DBs instantiated.
2024-11-24 15:30:45,235 - pyALS-RF - INFO: Tree 25: 22 DBs instantiated.
2024-11-24 15:30:45,237 - pyALS-RF - INFO: Tree 26: 24 DBs instantiated.
2024-11-24 15:30:45,239 - pyALS-RF - INFO: Tree 27: 21 DBs instantiated.
2024-11-24 15:30:45,241 - pyALS-RF - INFO: Tree 28: 24 DBs instantiated.
2024-11-24 15:30:45,242 - pyALS-RF - INFO: Tree 29: 15 DBs instantiated.
2024-11-24 15:30:45,244 - pyALS-RF - INFO: Tree 30: 17 DBs instantiated.
2024-11-24 15:30:45,245 - pyALS-RF - INFO: Tree 31: 21 DBs instantiated.
2024-11-24 15:30:45,246 - pyALS-RF - INFO: Tree 32: 25 DBs instantiated.
2024-11-24 15:30:45,248 - pyALS-RF - INFO: Tree 33: 24 DBs instantiated.
2024-11-24 15:30:45,250 - pyALS-RF - INFO: Tree 34: 17 DBs instantiated.
2024-11-24 15:30:45,251 - pyALS-RF - INFO: Tree 35: 21 DBs instantiated.
2024-11-24 15:30:45,252 - pyALS-RF - INFO: Tree 36: 24 DBs instantiated.
2024-11-24 15:30:45,254 - pyALS-RF - INFO: Tree 37: 19 DBs instantiated.
2024-11-24 15:30:45,256 - pyALS-RF - INFO: Tree 38: 27 DBs instantiated.
2024-11-24 15:30:45,257 - pyALS-RF - INFO: Tree 39: 22 DBs instantiated.
2024-11-24 15:31:24,713 - pyALS-RF - INFO: Runing the TMR flow.
2024-11-24 15:31:24,742 - pyALS-RF - INFO: Tree 0: 20 DBs instantiated.
2024-11-24 15:31:24,744 - pyALS-RF - INFO: Tree 1: 21 DBs instantiated.
2024-11-24 15:31:24,746 - pyALS-RF - INFO: Tree 2: 23 DBs instantiated.
2024-11-24 15:31:24,747 - pyALS-RF - INFO: Tree 3: 17 DBs instantiated.
2024-11-24 15:31:24,748 - pyALS-RF - INFO: Tree 4: 23 DBs instantiated.
2024-11-24 15:31:24,749 - pyALS-RF - INFO: Tree 5: 20 DBs instantiated.
2024-11-24 15:31:24,751 - pyALS-RF - INFO: Tree 6: 22 DBs instantiated.
2024-11-24 15:31:24,752 - pyALS-RF - INFO: Tree 7: 17 DBs instantiated.
2024-11-24 15:31:24,754 - pyALS-RF - INFO: Tree 8: 23 DBs instantiated.
2024-11-24 15:31:24,755 - pyALS-RF - INFO: Tree 9: 21 DBs instantiated.
2024-11-24 15:31:24,756 - pyALS-RF - INFO: Tree 10: 25 DBs instantiated.
2024-11-24 15:31:24,758 - pyALS-RF - INFO: Tree 11: 27 DBs instantiated.
2024-11-24 15:31:24,759 - pyALS-RF - INFO: Tree 12: 26 DBs instantiated.
2024-11-24 15:31:24,761 - pyALS-RF - INFO: Tree 13: 24 DBs instantiated.
2024-11-24 15:31:24,762 - pyALS-RF - INFO: Tree 14: 21 DBs instantiated.
2024-11-24 15:31:24,764 - pyALS-RF - INFO: Tree 15: 23 DBs instantiated.
2024-11-24 15:31:24,765 - pyALS-RF - INFO: Tree 16: 18 DBs instantiated.
2024-11-24 15:31:24,766 - pyALS-RF - INFO: Tree 17: 16 DBs instantiated.
2024-11-24 15:31:24,767 - pyALS-RF - INFO: Tree 18: 20 DBs instantiated.
2024-11-24 15:31:24,769 - pyALS-RF - INFO: Tree 19: 22 DBs instantiated.
2024-11-24 15:31:24,770 - pyALS-RF - INFO: Tree 20: 19 DBs instantiated.
2024-11-24 15:31:24,771 - pyALS-RF - INFO: Tree 21: 19 DBs instantiated.
2024-11-24 15:31:24,772 - pyALS-RF - INFO: Tree 22: 19 DBs instantiated.
2024-11-24 15:31:24,774 - pyALS-RF - INFO: Tree 23: 18 DBs instantiated.
2024-11-24 15:31:24,775 - pyALS-RF - INFO: Tree 24: 18 DBs instantiated.
2024-11-24 15:31:24,777 - pyALS-RF - INFO: Tree 25: 22 DBs instantiated.
2024-11-24 15:31:24,778 - pyALS-RF - INFO: Tree 26: 24 DBs instantiated.
2024-11-24 15:31:24,780 - pyALS-RF - INFO: Tree 27: 21 DBs instantiated.
2024-11-24 15:31:24,781 - pyALS-RF - INFO: Tree 28: 24 DBs instantiated.
2024-11-24 15:31:24,782 - pyALS-RF - INFO: Tree 29: 15 DBs instantiated.
2024-11-24 15:31:24,790 - pyALS-RF - INFO: Tree 30: 17 DBs instantiated.
2024-11-24 15:31:24,792 - pyALS-RF - INFO: Tree 31: 21 DBs instantiated.
2024-11-24 15:31:24,793 - pyALS-RF - INFO: Tree 32: 25 DBs instantiated.
2024-11-24 15:31:24,795 - pyALS-RF - INFO: Tree 33: 24 DBs instantiated.
2024-11-24 15:31:24,796 - pyALS-RF - INFO: Tree 34: 17 DBs instantiated.
2024-11-24 15:31:24,797 - pyALS-RF - INFO: Tree 35: 21 DBs instantiated.
2024-11-24 15:31:24,799 - pyALS-RF - INFO: Tree 36: 24 DBs instantiated.
2024-11-24 15:31:24,800 - pyALS-RF - INFO: Tree 37: 19 DBs instantiated.
2024-11-24 15:31:24,801 - pyALS-RF - INFO: Tree 38: 27 DBs instantiated.
2024-11-24 15:31:24,803 - pyALS-RF - INFO: Tree 39: 22 DBs instantiated.
2024-11-24 15:31:32,433 - pyALS-RF - INFO: Runing the TMR flow.
2024-11-24 15:31:32,462 - pyALS-RF - INFO: Tree 0: 20 DBs instantiated.
2024-11-24 15:31:32,465 - pyALS-RF - INFO: Tree 1: 21 DBs instantiated.
2024-11-24 15:31:32,466 - pyALS-RF - INFO: Tree 2: 23 DBs instantiated.
2024-11-24 15:31:32,467 - pyALS-RF - INFO: Tree 3: 17 DBs instantiated.
2024-11-24 15:31:32,469 - pyALS-RF - INFO: Tree 4: 23 DBs instantiated.
2024-11-24 15:31:32,470 - pyALS-RF - INFO: Tree 5: 20 DBs instantiated.
2024-11-24 15:31:32,471 - pyALS-RF - INFO: Tree 6: 22 DBs instantiated.
2024-11-24 15:31:32,473 - pyALS-RF - INFO: Tree 7: 17 DBs instantiated.
2024-11-24 15:31:32,474 - pyALS-RF - INFO: Tree 8: 23 DBs instantiated.
2024-11-24 15:31:32,475 - pyALS-RF - INFO: Tree 9: 21 DBs instantiated.
2024-11-24 15:31:32,477 - pyALS-RF - INFO: Tree 10: 25 DBs instantiated.
2024-11-24 15:31:32,479 - pyALS-RF - INFO: Tree 11: 27 DBs instantiated.
2024-11-24 15:31:32,480 - pyALS-RF - INFO: Tree 12: 26 DBs instantiated.
2024-11-24 15:31:32,482 - pyALS-RF - INFO: Tree 13: 24 DBs instantiated.
2024-11-24 15:31:32,483 - pyALS-RF - INFO: Tree 14: 21 DBs instantiated.
2024-11-24 15:31:32,485 - pyALS-RF - INFO: Tree 15: 23 DBs instantiated.
2024-11-24 15:31:32,486 - pyALS-RF - INFO: Tree 16: 18 DBs instantiated.
2024-11-24 15:31:32,487 - pyALS-RF - INFO: Tree 17: 16 DBs instantiated.
2024-11-24 15:31:32,488 - pyALS-RF - INFO: Tree 18: 20 DBs instantiated.
2024-11-24 15:31:32,490 - pyALS-RF - INFO: Tree 19: 22 DBs instantiated.
2024-11-24 15:31:32,492 - pyALS-RF - INFO: Tree 20: 19 DBs instantiated.
2024-11-24 15:31:32,493 - pyALS-RF - INFO: Tree 21: 19 DBs instantiated.
2024-11-24 15:31:32,495 - pyALS-RF - INFO: Tree 22: 19 DBs instantiated.
2024-11-24 15:31:32,496 - pyALS-RF - INFO: Tree 23: 18 DBs instantiated.
2024-11-24 15:31:32,498 - pyALS-RF - INFO: Tree 24: 18 DBs instantiated.
2024-11-24 15:31:32,500 - pyALS-RF - INFO: Tree 25: 22 DBs instantiated.
2024-11-24 15:31:32,502 - pyALS-RF - INFO: Tree 26: 24 DBs instantiated.
2024-11-24 15:31:32,504 - pyALS-RF - INFO: Tree 27: 21 DBs instantiated.
2024-11-24 15:31:32,505 - pyALS-RF - INFO: Tree 28: 24 DBs instantiated.
2024-11-24 15:31:32,507 - pyALS-RF - INFO: Tree 29: 15 DBs instantiated.
2024-11-24 15:31:32,508 - pyALS-RF - INFO: Tree 30: 17 DBs instantiated.
2024-11-24 15:31:32,509 - pyALS-RF - INFO: Tree 31: 21 DBs instantiated.
2024-11-24 15:31:32,511 - pyALS-RF - INFO: Tree 32: 25 DBs instantiated.
2024-11-24 15:31:32,513 - pyALS-RF - INFO: Tree 33: 24 DBs instantiated.
2024-11-24 15:31:32,515 - pyALS-RF - INFO: Tree 34: 17 DBs instantiated.
2024-11-24 15:31:32,516 - pyALS-RF - INFO: Tree 35: 21 DBs instantiated.
2024-11-24 15:31:32,518 - pyALS-RF - INFO: Tree 36: 24 DBs instantiated.
2024-11-24 15:31:32,519 - pyALS-RF - INFO: Tree 37: 19 DBs instantiated.
2024-11-24 15:31:32,520 - pyALS-RF - INFO: Tree 38: 27 DBs instantiated.
2024-11-24 15:31:32,522 - pyALS-RF - INFO: Tree 39: 22 DBs instantiated.
2024-11-24 15:31:36,361 - pyALS-RF - INFO: Runing the TMR flow.
2024-11-24 15:31:36,390 - pyALS-RF - INFO: Tree 0: 20 DBs instantiated.
2024-11-24 15:31:36,393 - pyALS-RF - INFO: Tree 1: 21 DBs instantiated.
2024-11-24 15:31:36,394 - pyALS-RF - INFO: Tree 2: 23 DBs instantiated.
2024-11-24 15:31:36,395 - pyALS-RF - INFO: Tree 3: 17 DBs instantiated.
2024-11-24 15:31:36,397 - pyALS-RF - INFO: Tree 4: 23 DBs instantiated.
2024-11-24 15:31:36,398 - pyALS-RF - INFO: Tree 5: 20 DBs instantiated.
2024-11-24 15:31:36,400 - pyALS-RF - INFO: Tree 6: 22 DBs instantiated.
2024-11-24 15:31:36,401 - pyALS-RF - INFO: Tree 7: 17 DBs instantiated.
2024-11-24 15:31:36,402 - pyALS-RF - INFO: Tree 8: 23 DBs instantiated.
2024-11-24 15:31:36,403 - pyALS-RF - INFO: Tree 9: 21 DBs instantiated.
2024-11-24 15:31:36,405 - pyALS-RF - INFO: Tree 10: 25 DBs instantiated.
2024-11-24 15:31:36,406 - pyALS-RF - INFO: Tree 11: 27 DBs instantiated.
2024-11-24 15:31:36,408 - pyALS-RF - INFO: Tree 12: 26 DBs instantiated.
2024-11-24 15:31:36,409 - pyALS-RF - INFO: Tree 13: 24 DBs instantiated.
2024-11-24 15:31:36,411 - pyALS-RF - INFO: Tree 14: 21 DBs instantiated.
2024-11-24 15:31:36,412 - pyALS-RF - INFO: Tree 15: 23 DBs instantiated.
2024-11-24 15:31:36,414 - pyALS-RF - INFO: Tree 16: 18 DBs instantiated.
2024-11-24 15:31:36,415 - pyALS-RF - INFO: Tree 17: 16 DBs instantiated.
2024-11-24 15:31:36,416 - pyALS-RF - INFO: Tree 18: 20 DBs instantiated.
2024-11-24 15:31:36,417 - pyALS-RF - INFO: Tree 19: 22 DBs instantiated.
2024-11-24 15:31:36,419 - pyALS-RF - INFO: Tree 20: 19 DBs instantiated.
2024-11-24 15:31:36,420 - pyALS-RF - INFO: Tree 21: 19 DBs instantiated.
2024-11-24 15:31:36,421 - pyALS-RF - INFO: Tree 22: 19 DBs instantiated.
2024-11-24 15:31:36,423 - pyALS-RF - INFO: Tree 23: 18 DBs instantiated.
2024-11-24 15:31:36,424 - pyALS-RF - INFO: Tree 24: 18 DBs instantiated.
2024-11-24 15:31:36,425 - pyALS-RF - INFO: Tree 25: 22 DBs instantiated.
2024-11-24 15:31:36,426 - pyALS-RF - INFO: Tree 26: 24 DBs instantiated.
2024-11-24 15:31:36,428 - pyALS-RF - INFO: Tree 27: 21 DBs instantiated.
2024-11-24 15:31:36,429 - pyALS-RF - INFO: Tree 28: 24 DBs instantiated.
2024-11-24 15:31:36,430 - pyALS-RF - INFO: Tree 29: 15 DBs instantiated.
2024-11-24 15:31:36,431 - pyALS-RF - INFO: Tree 30: 17 DBs instantiated.
2024-11-24 15:31:36,433 - pyALS-RF - INFO: Tree 31: 21 DBs instantiated.
2024-11-24 15:31:36,434 - pyALS-RF - INFO: Tree 32: 25 DBs instantiated.
2024-11-24 15:31:36,436 - pyALS-RF - INFO: Tree 33: 24 DBs instantiated.
2024-11-24 15:31:36,437 - pyALS-RF - INFO: Tree 34: 17 DBs instantiated.
2024-11-24 15:31:36,438 - pyALS-RF - INFO: Tree 35: 21 DBs instantiated.
2024-11-24 15:31:36,440 - pyALS-RF - INFO: Tree 36: 24 DBs instantiated.
2024-11-24 15:31:36,441 - pyALS-RF - INFO: Tree 37: 19 DBs instantiated.
2024-11-24 15:31:36,443 - pyALS-RF - INFO: Tree 38: 27 DBs instantiated.
2024-11-24 15:31:36,444 - pyALS-RF - INFO: Tree 39: 22 DBs instantiated.
2024-11-24 15:31:53,480 - pyALS-RF - INFO: Runing the TMR flow.
2024-11-24 15:31:53,509 - pyALS-RF - INFO: Tree 0: 20 DBs instantiated.
2024-11-24 15:31:53,512 - pyALS-RF - INFO: Tree 1: 21 DBs instantiated.
2024-11-24 15:31:53,513 - pyALS-RF - INFO: Tree 2: 23 DBs instantiated.
2024-11-24 15:31:53,514 - pyALS-RF - INFO: Tree 3: 17 DBs instantiated.
2024-11-24 15:31:53,515 - pyALS-RF - INFO: Tree 4: 23 DBs instantiated.
2024-11-24 15:31:53,517 - pyALS-RF - INFO: Tree 5: 20 DBs instantiated.
2024-11-24 15:31:53,518 - pyALS-RF - INFO: Tree 6: 22 DBs instantiated.
2024-11-24 15:31:53,519 - pyALS-RF - INFO: Tree 7: 17 DBs instantiated.
2024-11-24 15:31:53,521 - pyALS-RF - INFO: Tree 8: 23 DBs instantiated.
2024-11-24 15:31:53,522 - pyALS-RF - INFO: Tree 9: 21 DBs instantiated.
2024-11-24 15:31:53,523 - pyALS-RF - INFO: Tree 10: 25 DBs instantiated.
2024-11-24 15:31:53,525 - pyALS-RF - INFO: Tree 11: 27 DBs instantiated.
2024-11-24 15:31:53,527 - pyALS-RF - INFO: Tree 12: 26 DBs instantiated.
2024-11-24 15:31:53,528 - pyALS-RF - INFO: Tree 13: 24 DBs instantiated.
2024-11-24 15:31:53,530 - pyALS-RF - INFO: Tree 14: 21 DBs instantiated.
2024-11-24 15:31:53,531 - pyALS-RF - INFO: Tree 15: 23 DBs instantiated.
2024-11-24 15:31:53,532 - pyALS-RF - INFO: Tree 16: 18 DBs instantiated.
2024-11-24 15:31:53,533 - pyALS-RF - INFO: Tree 17: 16 DBs instantiated.
2024-11-24 15:31:53,535 - pyALS-RF - INFO: Tree 18: 20 DBs instantiated.
2024-11-24 15:31:53,536 - pyALS-RF - INFO: Tree 19: 22 DBs instantiated.
2024-11-24 15:31:53,537 - pyALS-RF - INFO: Tree 20: 19 DBs instantiated.
2024-11-24 15:31:53,539 - pyALS-RF - INFO: Tree 21: 19 DBs instantiated.
2024-11-24 15:31:53,540 - pyALS-RF - INFO: Tree 22: 19 DBs instantiated.
2024-11-24 15:31:53,541 - pyALS-RF - INFO: Tree 23: 18 DBs instantiated.
2024-11-24 15:31:53,542 - pyALS-RF - INFO: Tree 24: 18 DBs instantiated.
2024-11-24 15:31:53,544 - pyALS-RF - INFO: Tree 25: 22 DBs instantiated.
2024-11-24 15:31:53,545 - pyALS-RF - INFO: Tree 26: 24 DBs instantiated.
2024-11-24 15:31:53,546 - pyALS-RF - INFO: Tree 27: 21 DBs instantiated.
2024-11-24 15:31:53,548 - pyALS-RF - INFO: Tree 28: 24 DBs instantiated.
2024-11-24 15:31:53,549 - pyALS-RF - INFO: Tree 29: 15 DBs instantiated.
2024-11-24 15:31:53,550 - pyALS-RF - INFO: Tree 30: 17 DBs instantiated.
2024-11-24 15:31:53,551 - pyALS-RF - INFO: Tree 31: 21 DBs instantiated.
2024-11-24 15:31:53,553 - pyALS-RF - INFO: Tree 32: 25 DBs instantiated.
2024-11-24 15:31:53,555 - pyALS-RF - INFO: Tree 33: 24 DBs instantiated.
2024-11-24 15:31:53,556 - pyALS-RF - INFO: Tree 34: 17 DBs instantiated.
2024-11-24 15:31:53,557 - pyALS-RF - INFO: Tree 35: 21 DBs instantiated.
2024-11-24 15:31:53,558 - pyALS-RF - INFO: Tree 36: 24 DBs instantiated.
2024-11-24 15:31:53,560 - pyALS-RF - INFO: Tree 37: 19 DBs instantiated.
2024-11-24 15:31:53,561 - pyALS-RF - INFO: Tree 38: 27 DBs instantiated.
2024-11-24 15:31:53,563 - pyALS-RF - INFO: Tree 39: 22 DBs instantiated.
2024-11-24 15:32:02,638 - pyALS-RF - INFO: Runing the TMR flow.
2024-11-24 15:32:03,571 - pyALS-RF - INFO: Tree 0: 399 DBs instantiated.
2024-11-24 15:32:03,650 - pyALS-RF - INFO: Tree 1: 392 DBs instantiated.
2024-11-24 15:32:03,717 - pyALS-RF - INFO: Tree 2: 409 DBs instantiated.
2024-11-24 15:32:03,785 - pyALS-RF - INFO: Tree 3: 394 DBs instantiated.
2024-11-24 15:32:03,853 - pyALS-RF - INFO: Tree 4: 396 DBs instantiated.
2024-11-24 15:32:03,916 - pyALS-RF - INFO: Tree 5: 369 DBs instantiated.
2024-11-24 15:32:03,977 - pyALS-RF - INFO: Tree 6: 373 DBs instantiated.
2024-11-24 15:32:04,038 - pyALS-RF - INFO: Tree 7: 389 DBs instantiated.
2024-11-24 15:32:04,100 - pyALS-RF - INFO: Tree 8: 358 DBs instantiated.
2024-11-24 15:32:04,159 - pyALS-RF - INFO: Tree 9: 365 DBs instantiated.
2024-11-24 15:32:04,222 - pyALS-RF - INFO: Tree 10: 407 DBs instantiated.
2024-11-24 15:32:04,299 - pyALS-RF - INFO: Tree 11: 398 DBs instantiated.
2024-11-24 15:32:04,364 - pyALS-RF - INFO: Tree 12: 365 DBs instantiated.
2024-11-24 15:32:04,423 - pyALS-RF - INFO: Tree 13: 370 DBs instantiated.
2024-11-24 15:32:04,488 - pyALS-RF - INFO: Tree 14: 399 DBs instantiated.
2024-11-24 15:32:04,550 - pyALS-RF - INFO: Tree 15: 366 DBs instantiated.
2024-11-24 15:32:04,604 - pyALS-RF - INFO: Tree 16: 364 DBs instantiated.
2024-11-24 15:32:04,662 - pyALS-RF - INFO: Tree 17: 391 DBs instantiated.
2024-11-24 15:32:04,729 - pyALS-RF - INFO: Tree 18: 384 DBs instantiated.
2024-11-24 15:32:04,790 - pyALS-RF - INFO: Tree 19: 372 DBs instantiated.
2024-11-24 15:32:04,850 - pyALS-RF - INFO: Tree 20: 383 DBs instantiated.
2024-11-24 15:32:04,911 - pyALS-RF - INFO: Tree 21: 372 DBs instantiated.
2024-11-24 15:32:04,970 - pyALS-RF - INFO: Tree 22: 366 DBs instantiated.
2024-11-24 15:32:05,043 - pyALS-RF - INFO: Tree 23: 439 DBs instantiated.
2024-11-24 15:32:05,117 - pyALS-RF - INFO: Tree 24: 379 DBs instantiated.
2024-11-24 15:32:05,187 - pyALS-RF - INFO: Tree 25: 434 DBs instantiated.
2024-11-24 15:32:05,275 - pyALS-RF - INFO: Tree 26: 393 DBs instantiated.
2024-11-24 15:32:05,341 - pyALS-RF - INFO: Tree 27: 380 DBs instantiated.
2024-11-24 15:32:05,402 - pyALS-RF - INFO: Tree 28: 386 DBs instantiated.
2024-11-24 15:32:05,463 - pyALS-RF - INFO: Tree 29: 388 DBs instantiated.
2024-11-24 15:32:05,532 - pyALS-RF - INFO: Tree 30: 402 DBs instantiated.
2024-11-24 15:32:05,590 - pyALS-RF - INFO: Tree 31: 347 DBs instantiated.
2024-11-24 15:32:05,640 - pyALS-RF - INFO: Tree 32: 332 DBs instantiated.
2024-11-24 15:32:05,699 - pyALS-RF - INFO: Tree 33: 396 DBs instantiated.
2024-11-24 15:32:05,763 - pyALS-RF - INFO: Tree 34: 389 DBs instantiated.
2024-11-24 15:32:05,825 - pyALS-RF - INFO: Tree 35: 367 DBs instantiated.
2024-11-24 15:32:05,887 - pyALS-RF - INFO: Tree 36: 364 DBs instantiated.
2024-11-24 15:32:05,952 - pyALS-RF - INFO: Tree 37: 385 DBs instantiated.
2024-11-24 15:32:06,022 - pyALS-RF - INFO: Tree 38: 395 DBs instantiated.
2024-11-24 15:32:06,093 - pyALS-RF - INFO: Tree 39: 375 DBs instantiated.
2024-11-24 15:36:07,630 - pyALS-RF - INFO: Runing the TMR flow.
2024-11-24 15:36:08,589 - pyALS-RF - INFO: Tree 0: 399 DBs instantiated.
2024-11-24 15:36:08,667 - pyALS-RF - INFO: Tree 1: 392 DBs instantiated.
2024-11-24 15:36:08,735 - pyALS-RF - INFO: Tree 2: 409 DBs instantiated.
2024-11-24 15:36:08,803 - pyALS-RF - INFO: Tree 3: 394 DBs instantiated.
2024-11-24 15:36:08,872 - pyALS-RF - INFO: Tree 4: 396 DBs instantiated.
2024-11-24 15:36:08,936 - pyALS-RF - INFO: Tree 5: 369 DBs instantiated.
2024-11-24 15:36:08,997 - pyALS-RF - INFO: Tree 6: 373 DBs instantiated.
2024-11-24 15:36:09,057 - pyALS-RF - INFO: Tree 7: 389 DBs instantiated.
2024-11-24 15:36:09,119 - pyALS-RF - INFO: Tree 8: 358 DBs instantiated.
2024-11-24 15:36:09,177 - pyALS-RF - INFO: Tree 9: 365 DBs instantiated.
2024-11-24 15:36:09,239 - pyALS-RF - INFO: Tree 10: 407 DBs instantiated.
2024-11-24 15:36:09,309 - pyALS-RF - INFO: Tree 11: 398 DBs instantiated.
2024-11-24 15:36:09,372 - pyALS-RF - INFO: Tree 12: 365 DBs instantiated.
2024-11-24 15:36:09,431 - pyALS-RF - INFO: Tree 13: 370 DBs instantiated.
2024-11-24 15:36:09,495 - pyALS-RF - INFO: Tree 14: 399 DBs instantiated.
2024-11-24 15:36:09,556 - pyALS-RF - INFO: Tree 15: 366 DBs instantiated.
2024-11-24 15:36:09,610 - pyALS-RF - INFO: Tree 16: 364 DBs instantiated.
2024-11-24 15:36:09,667 - pyALS-RF - INFO: Tree 17: 391 DBs instantiated.
2024-11-24 15:36:09,733 - pyALS-RF - INFO: Tree 18: 384 DBs instantiated.
2024-11-24 15:36:09,800 - pyALS-RF - INFO: Tree 19: 372 DBs instantiated.
2024-11-24 15:36:09,863 - pyALS-RF - INFO: Tree 20: 383 DBs instantiated.
2024-11-24 15:36:09,924 - pyALS-RF - INFO: Tree 21: 372 DBs instantiated.
2024-11-24 15:36:09,982 - pyALS-RF - INFO: Tree 22: 366 DBs instantiated.
2024-11-24 15:36:10,054 - pyALS-RF - INFO: Tree 23: 439 DBs instantiated.
2024-11-24 15:36:10,127 - pyALS-RF - INFO: Tree 24: 379 DBs instantiated.
2024-11-24 15:36:10,196 - pyALS-RF - INFO: Tree 25: 434 DBs instantiated.
2024-11-24 15:36:10,271 - pyALS-RF - INFO: Tree 26: 393 DBs instantiated.
2024-11-24 15:36:10,337 - pyALS-RF - INFO: Tree 27: 380 DBs instantiated.
2024-11-24 15:36:10,397 - pyALS-RF - INFO: Tree 28: 386 DBs instantiated.
2024-11-24 15:36:10,458 - pyALS-RF - INFO: Tree 29: 388 DBs instantiated.
2024-11-24 15:36:10,525 - pyALS-RF - INFO: Tree 30: 402 DBs instantiated.
2024-11-24 15:36:10,583 - pyALS-RF - INFO: Tree 31: 347 DBs instantiated.
2024-11-24 15:36:10,634 - pyALS-RF - INFO: Tree 32: 332 DBs instantiated.
2024-11-24 15:36:10,692 - pyALS-RF - INFO: Tree 33: 396 DBs instantiated.
2024-11-24 15:36:10,757 - pyALS-RF - INFO: Tree 34: 389 DBs instantiated.
2024-11-24 15:36:10,819 - pyALS-RF - INFO: Tree 35: 367 DBs instantiated.
2024-11-24 15:36:10,884 - pyALS-RF - INFO: Tree 36: 364 DBs instantiated.
2024-11-24 15:36:10,949 - pyALS-RF - INFO: Tree 37: 385 DBs instantiated.
2024-11-24 15:36:11,018 - pyALS-RF - INFO: Tree 38: 395 DBs instantiated.
2024-11-24 15:36:11,089 - pyALS-RF - INFO: Tree 39: 375 DBs instantiated.
2024-11-24 15:37:17,849 - pyALS-RF - INFO: Runing the TMR flow.
2024-11-24 15:37:17,878 - pyALS-RF - INFO: Tree 0: 20 DBs instantiated.
2024-11-24 15:37:17,880 - pyALS-RF - INFO: Tree 1: 21 DBs instantiated.
2024-11-24 15:37:17,882 - pyALS-RF - INFO: Tree 2: 23 DBs instantiated.
2024-11-24 15:37:17,883 - pyALS-RF - INFO: Tree 3: 17 DBs instantiated.
2024-11-24 15:37:17,884 - pyALS-RF - INFO: Tree 4: 23 DBs instantiated.
2024-11-24 15:37:17,886 - pyALS-RF - INFO: Tree 5: 20 DBs instantiated.
2024-11-24 15:37:17,887 - pyALS-RF - INFO: Tree 6: 22 DBs instantiated.
2024-11-24 15:37:17,888 - pyALS-RF - INFO: Tree 7: 17 DBs instantiated.
2024-11-24 15:37:17,890 - pyALS-RF - INFO: Tree 8: 23 DBs instantiated.
2024-11-24 15:37:17,891 - pyALS-RF - INFO: Tree 9: 21 DBs instantiated.
2024-11-24 15:37:17,892 - pyALS-RF - INFO: Tree 10: 25 DBs instantiated.
2024-11-24 15:37:17,894 - pyALS-RF - INFO: Tree 11: 27 DBs instantiated.
2024-11-24 15:37:17,896 - pyALS-RF - INFO: Tree 12: 26 DBs instantiated.
2024-11-24 15:37:17,898 - pyALS-RF - INFO: Tree 13: 24 DBs instantiated.
2024-11-24 15:37:17,899 - pyALS-RF - INFO: Tree 14: 21 DBs instantiated.
2024-11-24 15:37:17,900 - pyALS-RF - INFO: Tree 15: 23 DBs instantiated.
2024-11-24 15:37:17,902 - pyALS-RF - INFO: Tree 16: 18 DBs instantiated.
2024-11-24 15:37:17,903 - pyALS-RF - INFO: Tree 17: 16 DBs instantiated.
2024-11-24 15:37:17,904 - pyALS-RF - INFO: Tree 18: 20 DBs instantiated.
2024-11-24 15:37:17,905 - pyALS-RF - INFO: Tree 19: 22 DBs instantiated.
2024-11-24 15:37:17,907 - pyALS-RF - INFO: Tree 20: 19 DBs instantiated.
2024-11-24 15:37:17,908 - pyALS-RF - INFO: Tree 21: 19 DBs instantiated.
2024-11-24 15:37:17,909 - pyALS-RF - INFO: Tree 22: 19 DBs instantiated.
2024-11-24 15:37:17,910 - pyALS-RF - INFO: Tree 23: 18 DBs instantiated.
2024-11-24 15:37:17,912 - pyALS-RF - INFO: Tree 24: 18 DBs instantiated.
2024-11-24 15:37:17,913 - pyALS-RF - INFO: Tree 25: 22 DBs instantiated.
2024-11-24 15:37:17,914 - pyALS-RF - INFO: Tree 26: 24 DBs instantiated.
2024-11-24 15:37:17,916 - pyALS-RF - INFO: Tree 27: 21 DBs instantiated.
2024-11-24 15:37:17,917 - pyALS-RF - INFO: Tree 28: 24 DBs instantiated.
2024-11-24 15:37:17,919 - pyALS-RF - INFO: Tree 29: 15 DBs instantiated.
2024-11-24 15:37:17,920 - pyALS-RF - INFO: Tree 30: 17 DBs instantiated.
2024-11-24 15:37:17,921 - pyALS-RF - INFO: Tree 31: 21 DBs instantiated.
2024-11-24 15:37:17,922 - pyALS-RF - INFO: Tree 32: 25 DBs instantiated.
2024-11-24 15:37:17,924 - pyALS-RF - INFO: Tree 33: 24 DBs instantiated.
2024-11-24 15:37:17,925 - pyALS-RF - INFO: Tree 34: 17 DBs instantiated.
2024-11-24 15:37:17,927 - pyALS-RF - INFO: Tree 35: 21 DBs instantiated.
2024-11-24 15:37:17,928 - pyALS-RF - INFO: Tree 36: 24 DBs instantiated.
2024-11-24 15:37:17,930 - pyALS-RF - INFO: Tree 37: 19 DBs instantiated.
2024-11-24 15:37:17,931 - pyALS-RF - INFO: Tree 38: 27 DBs instantiated.
2024-11-24 15:37:17,932 - pyALS-RF - INFO: Tree 39: 22 DBs instantiated.
2024-11-24 15:37:22,102 - pyALS-RF - INFO: Runing the TMR flow.
2024-11-24 15:37:22,132 - pyALS-RF - INFO: Tree 0: 20 DBs instantiated.
2024-11-24 15:37:22,134 - pyALS-RF - INFO: Tree 1: 21 DBs instantiated.
2024-11-24 15:37:22,136 - pyALS-RF - INFO: Tree 2: 23 DBs instantiated.
2024-11-24 15:37:22,137 - pyALS-RF - INFO: Tree 3: 17 DBs instantiated.
2024-11-24 15:37:22,138 - pyALS-RF - INFO: Tree 4: 23 DBs instantiated.
2024-11-24 15:37:22,139 - pyALS-RF - INFO: Tree 5: 20 DBs instantiated.
2024-11-24 15:37:22,141 - pyALS-RF - INFO: Tree 6: 22 DBs instantiated.
2024-11-24 15:37:22,142 - pyALS-RF - INFO: Tree 7: 17 DBs instantiated.
2024-11-24 15:37:22,143 - pyALS-RF - INFO: Tree 8: 23 DBs instantiated.
2024-11-24 15:37:22,145 - pyALS-RF - INFO: Tree 9: 21 DBs instantiated.
2024-11-24 15:37:22,146 - pyALS-RF - INFO: Tree 10: 25 DBs instantiated.
2024-11-24 15:37:22,148 - pyALS-RF - INFO: Tree 11: 27 DBs instantiated.
2024-11-24 15:37:22,149 - pyALS-RF - INFO: Tree 12: 26 DBs instantiated.
2024-11-24 15:37:22,151 - pyALS-RF - INFO: Tree 13: 24 DBs instantiated.
2024-11-24 15:37:22,152 - pyALS-RF - INFO: Tree 14: 21 DBs instantiated.
2024-11-24 15:37:22,154 - pyALS-RF - INFO: Tree 15: 23 DBs instantiated.
2024-11-24 15:37:22,155 - pyALS-RF - INFO: Tree 16: 18 DBs instantiated.
2024-11-24 15:37:22,156 - pyALS-RF - INFO: Tree 17: 16 DBs instantiated.
2024-11-24 15:37:22,157 - pyALS-RF - INFO: Tree 18: 20 DBs instantiated.
2024-11-24 15:37:22,159 - pyALS-RF - INFO: Tree 19: 22 DBs instantiated.
2024-11-24 15:37:22,160 - pyALS-RF - INFO: Tree 20: 19 DBs instantiated.
2024-11-24 15:37:22,161 - pyALS-RF - INFO: Tree 21: 19 DBs instantiated.
2024-11-24 15:37:22,163 - pyALS-RF - INFO: Tree 22: 19 DBs instantiated.
2024-11-24 15:37:22,164 - pyALS-RF - INFO: Tree 23: 18 DBs instantiated.
2024-11-24 15:37:22,165 - pyALS-RF - INFO: Tree 24: 18 DBs instantiated.
2024-11-24 15:37:22,166 - pyALS-RF - INFO: Tree 25: 22 DBs instantiated.
2024-11-24 15:37:22,168 - pyALS-RF - INFO: Tree 26: 24 DBs instantiated.
2024-11-24 15:37:22,169 - pyALS-RF - INFO: Tree 27: 21 DBs instantiated.
2024-11-24 15:37:22,171 - pyALS-RF - INFO: Tree 28: 24 DBs instantiated.
2024-11-24 15:37:22,172 - pyALS-RF - INFO: Tree 29: 15 DBs instantiated.
2024-11-24 15:37:22,173 - pyALS-RF - INFO: Tree 30: 17 DBs instantiated.
2024-11-24 15:37:22,174 - pyALS-RF - INFO: Tree 31: 21 DBs instantiated.
2024-11-24 15:37:22,176 - pyALS-RF - INFO: Tree 32: 25 DBs instantiated.
2024-11-24 15:37:22,178 - pyALS-RF - INFO: Tree 33: 24 DBs instantiated.
2024-11-24 15:37:22,179 - pyALS-RF - INFO: Tree 34: 17 DBs instantiated.
2024-11-24 15:37:22,180 - pyALS-RF - INFO: Tree 35: 21 DBs instantiated.
2024-11-24 15:37:22,182 - pyALS-RF - INFO: Tree 36: 24 DBs instantiated.
2024-11-24 15:37:22,183 - pyALS-RF - INFO: Tree 37: 19 DBs instantiated.
2024-11-24 15:37:22,185 - pyALS-RF - INFO: Tree 38: 27 DBs instantiated.
2024-11-24 15:37:22,186 - pyALS-RF - INFO: Tree 39: 22 DBs instantiated.
2024-11-24 15:37:33,520 - pyALS-RF - INFO: Runing the TMR flow.
2024-11-24 15:37:33,653 - pyALS-RF - INFO: Tree 0: 125 DBs instantiated.
2024-11-24 15:37:33,661 - pyALS-RF - INFO: Tree 1: 104 DBs instantiated.
2024-11-24 15:37:33,670 - pyALS-RF - INFO: Tree 2: 134 DBs instantiated.
2024-11-24 15:37:33,679 - pyALS-RF - INFO: Tree 3: 113 DBs instantiated.
2024-11-24 15:37:33,688 - pyALS-RF - INFO: Tree 4: 133 DBs instantiated.
2024-11-24 15:37:33,696 - pyALS-RF - INFO: Tree 5: 106 DBs instantiated.
2024-11-24 15:37:33,704 - pyALS-RF - INFO: Tree 6: 127 DBs instantiated.
2024-11-24 15:37:33,713 - pyALS-RF - INFO: Tree 7: 114 DBs instantiated.
2024-11-24 15:37:33,722 - pyALS-RF - INFO: Tree 8: 138 DBs instantiated.
2024-11-24 15:37:33,732 - pyALS-RF - INFO: Tree 9: 132 DBs instantiated.
2024-11-24 15:37:33,741 - pyALS-RF - INFO: Tree 10: 124 DBs instantiated.
2024-11-24 15:37:33,751 - pyALS-RF - INFO: Tree 11: 123 DBs instantiated.
2024-11-24 15:37:33,762 - pyALS-RF - INFO: Tree 12: 145 DBs instantiated.
2024-11-24 15:37:33,772 - pyALS-RF - INFO: Tree 13: 118 DBs instantiated.
2024-11-24 15:37:33,780 - pyALS-RF - INFO: Tree 14: 109 DBs instantiated.
2024-11-24 15:37:33,787 - pyALS-RF - INFO: Tree 15: 90 DBs instantiated.
2024-11-24 15:37:33,795 - pyALS-RF - INFO: Tree 16: 121 DBs instantiated.
2024-11-24 15:37:33,802 - pyALS-RF - INFO: Tree 17: 120 DBs instantiated.
2024-11-24 15:37:33,810 - pyALS-RF - INFO: Tree 18: 122 DBs instantiated.
2024-11-24 15:37:33,818 - pyALS-RF - INFO: Tree 19: 112 DBs instantiated.
2024-11-24 15:37:33,827 - pyALS-RF - INFO: Tree 20: 124 DBs instantiated.
2024-11-24 15:37:33,835 - pyALS-RF - INFO: Tree 21: 113 DBs instantiated.
2024-11-24 15:37:33,844 - pyALS-RF - INFO: Tree 22: 119 DBs instantiated.
2024-11-24 15:37:33,852 - pyALS-RF - INFO: Tree 23: 107 DBs instantiated.
2024-11-24 15:37:33,860 - pyALS-RF - INFO: Tree 24: 133 DBs instantiated.
2024-11-24 15:37:33,867 - pyALS-RF - INFO: Tree 25: 102 DBs instantiated.
2024-11-24 15:37:33,875 - pyALS-RF - INFO: Tree 26: 120 DBs instantiated.
2024-11-24 15:37:33,883 - pyALS-RF - INFO: Tree 27: 114 DBs instantiated.
2024-11-24 15:37:33,891 - pyALS-RF - INFO: Tree 28: 127 DBs instantiated.
2024-11-24 15:37:33,898 - pyALS-RF - INFO: Tree 29: 94 DBs instantiated.
2024-11-24 15:37:33,907 - pyALS-RF - INFO: Tree 30: 143 DBs instantiated.
2024-11-24 15:37:33,916 - pyALS-RF - INFO: Tree 31: 107 DBs instantiated.
2024-11-24 15:37:33,924 - pyALS-RF - INFO: Tree 32: 117 DBs instantiated.
2024-11-24 15:37:33,932 - pyALS-RF - INFO: Tree 33: 108 DBs instantiated.
2024-11-24 15:37:33,939 - pyALS-RF - INFO: Tree 34: 92 DBs instantiated.
2024-11-24 15:37:33,947 - pyALS-RF - INFO: Tree 35: 140 DBs instantiated.
2024-11-24 15:37:33,958 - pyALS-RF - INFO: Tree 36: 134 DBs instantiated.
2024-11-24 15:37:33,970 - pyALS-RF - INFO: Tree 37: 158 DBs instantiated.
2024-11-24 15:37:33,981 - pyALS-RF - INFO: Tree 38: 117 DBs instantiated.
2024-11-24 15:37:33,990 - pyALS-RF - INFO: Tree 39: 118 DBs instantiated.
2024-11-24 15:37:51,350 - pyALS-RF - INFO: Runing the TMR flow.
2024-11-24 15:37:51,387 - pyALS-RF - INFO: Tree 0: 110 DBs instantiated.
2024-11-24 15:37:51,396 - pyALS-RF - INFO: Tree 1: 129 DBs instantiated.
2024-11-24 15:37:51,405 - pyALS-RF - INFO: Tree 2: 115 DBs instantiated.
2024-11-24 15:37:51,412 - pyALS-RF - INFO: Tree 3: 108 DBs instantiated.
2024-11-24 15:37:51,420 - pyALS-RF - INFO: Tree 4: 117 DBs instantiated.
2024-11-24 15:39:05,938 - pyALS-RF - INFO: Runing the TMR flow.
2024-11-24 15:39:06,890 - pyALS-RF - INFO: Tree 0: 399 DBs instantiated.
2024-11-24 15:39:06,966 - pyALS-RF - INFO: Tree 1: 392 DBs instantiated.
2024-11-24 15:39:07,034 - pyALS-RF - INFO: Tree 2: 409 DBs instantiated.
2024-11-24 15:39:07,102 - pyALS-RF - INFO: Tree 3: 394 DBs instantiated.
2024-11-24 15:39:07,170 - pyALS-RF - INFO: Tree 4: 396 DBs instantiated.
2024-11-24 15:39:07,233 - pyALS-RF - INFO: Tree 5: 369 DBs instantiated.
2024-11-24 15:39:07,294 - pyALS-RF - INFO: Tree 6: 373 DBs instantiated.
2024-11-24 15:39:07,356 - pyALS-RF - INFO: Tree 7: 389 DBs instantiated.
2024-11-24 15:39:07,419 - pyALS-RF - INFO: Tree 8: 358 DBs instantiated.
2024-11-24 15:39:07,476 - pyALS-RF - INFO: Tree 9: 365 DBs instantiated.
2024-11-24 15:39:07,548 - pyALS-RF - INFO: Tree 10: 407 DBs instantiated.
2024-11-24 15:39:07,618 - pyALS-RF - INFO: Tree 11: 398 DBs instantiated.
2024-11-24 15:39:07,683 - pyALS-RF - INFO: Tree 12: 365 DBs instantiated.
2024-11-24 15:39:07,741 - pyALS-RF - INFO: Tree 13: 370 DBs instantiated.
2024-11-24 15:39:07,806 - pyALS-RF - INFO: Tree 14: 399 DBs instantiated.
2024-11-24 15:39:07,866 - pyALS-RF - INFO: Tree 15: 366 DBs instantiated.
2024-11-24 15:39:07,920 - pyALS-RF - INFO: Tree 16: 364 DBs instantiated.
2024-11-24 15:39:07,979 - pyALS-RF - INFO: Tree 17: 391 DBs instantiated.
2024-11-24 15:39:08,045 - pyALS-RF - INFO: Tree 18: 384 DBs instantiated.
2024-11-24 15:39:08,106 - pyALS-RF - INFO: Tree 19: 372 DBs instantiated.
2024-11-24 15:39:08,167 - pyALS-RF - INFO: Tree 20: 383 DBs instantiated.
2024-11-24 15:39:08,228 - pyALS-RF - INFO: Tree 21: 372 DBs instantiated.
2024-11-24 15:39:08,289 - pyALS-RF - INFO: Tree 22: 366 DBs instantiated.
2024-11-24 15:39:08,362 - pyALS-RF - INFO: Tree 23: 439 DBs instantiated.
2024-11-24 15:39:08,435 - pyALS-RF - INFO: Tree 24: 379 DBs instantiated.
2024-11-24 15:39:08,505 - pyALS-RF - INFO: Tree 25: 434 DBs instantiated.
2024-11-24 15:39:08,580 - pyALS-RF - INFO: Tree 26: 393 DBs instantiated.
2024-11-24 15:39:08,648 - pyALS-RF - INFO: Tree 27: 380 DBs instantiated.
2024-11-24 15:39:08,709 - pyALS-RF - INFO: Tree 28: 386 DBs instantiated.
2024-11-24 15:39:08,770 - pyALS-RF - INFO: Tree 29: 388 DBs instantiated.
2024-11-24 15:39:08,836 - pyALS-RF - INFO: Tree 30: 402 DBs instantiated.
2024-11-24 15:39:08,894 - pyALS-RF - INFO: Tree 31: 347 DBs instantiated.
2024-11-24 15:39:08,946 - pyALS-RF - INFO: Tree 32: 332 DBs instantiated.
2024-11-24 15:39:09,005 - pyALS-RF - INFO: Tree 33: 396 DBs instantiated.
2024-11-24 15:39:09,069 - pyALS-RF - INFO: Tree 34: 389 DBs instantiated.
2024-11-24 15:39:09,130 - pyALS-RF - INFO: Tree 35: 367 DBs instantiated.
2024-11-24 15:39:09,193 - pyALS-RF - INFO: Tree 36: 364 DBs instantiated.
2024-11-24 15:39:09,258 - pyALS-RF - INFO: Tree 37: 385 DBs instantiated.
2024-11-24 15:39:09,327 - pyALS-RF - INFO: Tree 38: 395 DBs instantiated.
2024-11-24 15:39:09,398 - pyALS-RF - INFO: Tree 39: 375 DBs instantiated.
2024-11-24 15:39:50,188 - pyALS-RF - INFO: Runing the TMR flow.
2024-11-24 15:39:51,150 - pyALS-RF - INFO: Tree 0: 399 DBs instantiated.
2024-11-24 15:39:51,226 - pyALS-RF - INFO: Tree 1: 392 DBs instantiated.
2024-11-24 15:39:51,293 - pyALS-RF - INFO: Tree 2: 409 DBs instantiated.
2024-11-24 15:39:51,362 - pyALS-RF - INFO: Tree 3: 394 DBs instantiated.
2024-11-24 15:39:51,442 - pyALS-RF - INFO: Tree 4: 396 DBs instantiated.
2024-11-24 15:39:51,508 - pyALS-RF - INFO: Tree 5: 369 DBs instantiated.
2024-11-24 15:39:51,569 - pyALS-RF - INFO: Tree 6: 373 DBs instantiated.
2024-11-24 15:39:51,629 - pyALS-RF - INFO: Tree 7: 389 DBs instantiated.
2024-11-24 15:39:51,692 - pyALS-RF - INFO: Tree 8: 358 DBs instantiated.
2024-11-24 15:39:51,750 - pyALS-RF - INFO: Tree 9: 365 DBs instantiated.
2024-11-24 15:39:51,813 - pyALS-RF - INFO: Tree 10: 407 DBs instantiated.
2024-11-24 15:39:51,884 - pyALS-RF - INFO: Tree 11: 398 DBs instantiated.
2024-11-24 15:39:51,948 - pyALS-RF - INFO: Tree 12: 365 DBs instantiated.
2024-11-24 15:39:52,006 - pyALS-RF - INFO: Tree 13: 370 DBs instantiated.
2024-11-24 15:39:52,071 - pyALS-RF - INFO: Tree 14: 399 DBs instantiated.
2024-11-24 15:39:52,132 - pyALS-RF - INFO: Tree 15: 366 DBs instantiated.
2024-11-24 15:39:52,185 - pyALS-RF - INFO: Tree 16: 364 DBs instantiated.
2024-11-24 15:39:52,243 - pyALS-RF - INFO: Tree 17: 391 DBs instantiated.
2024-11-24 15:39:52,309 - pyALS-RF - INFO: Tree 18: 384 DBs instantiated.
2024-11-24 15:39:52,370 - pyALS-RF - INFO: Tree 19: 372 DBs instantiated.
2024-11-24 15:39:52,431 - pyALS-RF - INFO: Tree 20: 383 DBs instantiated.
2024-11-24 15:39:52,492 - pyALS-RF - INFO: Tree 21: 372 DBs instantiated.
2024-11-24 15:39:52,551 - pyALS-RF - INFO: Tree 22: 366 DBs instantiated.
2024-11-24 15:39:52,624 - pyALS-RF - INFO: Tree 23: 439 DBs instantiated.
2024-11-24 15:39:52,697 - pyALS-RF - INFO: Tree 24: 379 DBs instantiated.
2024-11-24 15:39:52,767 - pyALS-RF - INFO: Tree 25: 434 DBs instantiated.
2024-11-24 15:39:52,845 - pyALS-RF - INFO: Tree 26: 393 DBs instantiated.
2024-11-24 15:39:52,912 - pyALS-RF - INFO: Tree 27: 380 DBs instantiated.
2024-11-24 15:39:52,973 - pyALS-RF - INFO: Tree 28: 386 DBs instantiated.
2024-11-24 15:39:53,035 - pyALS-RF - INFO: Tree 29: 388 DBs instantiated.
2024-11-24 15:39:53,103 - pyALS-RF - INFO: Tree 30: 402 DBs instantiated.
2024-11-24 15:39:53,162 - pyALS-RF - INFO: Tree 31: 347 DBs instantiated.
2024-11-24 15:39:53,213 - pyALS-RF - INFO: Tree 32: 332 DBs instantiated.
2024-11-24 15:39:53,271 - pyALS-RF - INFO: Tree 33: 396 DBs instantiated.
2024-11-24 15:39:53,336 - pyALS-RF - INFO: Tree 34: 389 DBs instantiated.
2024-11-24 15:39:53,398 - pyALS-RF - INFO: Tree 35: 367 DBs instantiated.
2024-11-24 15:39:53,461 - pyALS-RF - INFO: Tree 36: 364 DBs instantiated.
2024-11-24 15:39:53,524 - pyALS-RF - INFO: Tree 37: 385 DBs instantiated.
2024-11-24 15:39:53,595 - pyALS-RF - INFO: Tree 38: 395 DBs instantiated.
2024-11-24 15:39:53,665 - pyALS-RF - INFO: Tree 39: 375 DBs instantiated.
2024-11-24 15:41:02,531 - pyALS-RF - INFO: Runing the TMR flow.
2024-11-24 15:41:02,872 - pyALS-RF - INFO: Tree 0: 245 DBs instantiated.
2024-11-24 15:41:02,894 - pyALS-RF - INFO: Tree 1: 240 DBs instantiated.
2024-11-24 15:41:02,916 - pyALS-RF - INFO: Tree 2: 249 DBs instantiated.
2024-11-24 15:41:02,937 - pyALS-RF - INFO: Tree 3: 232 DBs instantiated.
2024-11-24 15:41:02,957 - pyALS-RF - INFO: Tree 4: 226 DBs instantiated.
2024-11-24 15:41:02,978 - pyALS-RF - INFO: Tree 5: 241 DBs instantiated.
2024-11-24 15:41:03,001 - pyALS-RF - INFO: Tree 6: 229 DBs instantiated.
2024-11-24 15:41:03,022 - pyALS-RF - INFO: Tree 7: 241 DBs instantiated.
2024-11-24 15:41:03,045 - pyALS-RF - INFO: Tree 8: 256 DBs instantiated.
2024-11-24 15:41:03,067 - pyALS-RF - INFO: Tree 9: 241 DBs instantiated.
2024-11-24 15:41:03,088 - pyALS-RF - INFO: Tree 10: 240 DBs instantiated.
2024-11-24 15:41:03,109 - pyALS-RF - INFO: Tree 11: 242 DBs instantiated.
2024-11-24 15:41:03,130 - pyALS-RF - INFO: Tree 12: 235 DBs instantiated.
2024-11-24 15:41:03,151 - pyALS-RF - INFO: Tree 13: 253 DBs instantiated.
2024-11-24 15:41:03,174 - pyALS-RF - INFO: Tree 14: 244 DBs instantiated.
2024-11-24 15:41:03,195 - pyALS-RF - INFO: Tree 15: 237 DBs instantiated.
2024-11-24 15:41:03,216 - pyALS-RF - INFO: Tree 16: 234 DBs instantiated.
2024-11-24 15:41:03,238 - pyALS-RF - INFO: Tree 17: 275 DBs instantiated.
2024-11-24 15:41:03,262 - pyALS-RF - INFO: Tree 18: 220 DBs instantiated.
2024-11-24 15:41:03,282 - pyALS-RF - INFO: Tree 19: 245 DBs instantiated.
2024-11-24 15:41:03,303 - pyALS-RF - INFO: Tree 20: 230 DBs instantiated.
2024-11-24 15:41:03,324 - pyALS-RF - INFO: Tree 21: 249 DBs instantiated.
2024-11-24 15:41:03,346 - pyALS-RF - INFO: Tree 22: 242 DBs instantiated.
2024-11-24 15:41:03,369 - pyALS-RF - INFO: Tree 23: 254 DBs instantiated.
2024-11-24 15:41:03,394 - pyALS-RF - INFO: Tree 24: 226 DBs instantiated.
2024-11-24 15:41:03,418 - pyALS-RF - INFO: Tree 25: 257 DBs instantiated.
2024-11-24 15:41:03,440 - pyALS-RF - INFO: Tree 26: 219 DBs instantiated.
2024-11-24 15:41:03,460 - pyALS-RF - INFO: Tree 27: 239 DBs instantiated.
2024-11-24 15:41:03,481 - pyALS-RF - INFO: Tree 28: 250 DBs instantiated.
2024-11-24 15:41:03,504 - pyALS-RF - INFO: Tree 29: 243 DBs instantiated.
2024-11-24 15:41:03,526 - pyALS-RF - INFO: Tree 30: 241 DBs instantiated.
2024-11-24 15:41:03,548 - pyALS-RF - INFO: Tree 31: 226 DBs instantiated.
2024-11-24 15:41:03,568 - pyALS-RF - INFO: Tree 32: 228 DBs instantiated.
2024-11-24 15:41:03,587 - pyALS-RF - INFO: Tree 33: 219 DBs instantiated.
2024-11-24 15:41:03,606 - pyALS-RF - INFO: Tree 34: 228 DBs instantiated.
2024-11-24 15:41:03,626 - pyALS-RF - INFO: Tree 35: 245 DBs instantiated.
2024-11-24 15:41:03,647 - pyALS-RF - INFO: Tree 36: 236 DBs instantiated.
2024-11-24 15:41:03,666 - pyALS-RF - INFO: Tree 37: 213 DBs instantiated.
2024-11-24 15:41:03,684 - pyALS-RF - INFO: Tree 38: 230 DBs instantiated.
2024-11-24 15:41:03,704 - pyALS-RF - INFO: Tree 39: 238 DBs instantiated.
2024-11-24 15:42:33,530 - pyALS-RF - INFO: Runing the TMR flow.
2024-11-24 15:42:33,874 - pyALS-RF - INFO: Tree 0: 245 DBs instantiated.
2024-11-24 15:42:33,896 - pyALS-RF - INFO: Tree 1: 240 DBs instantiated.
2024-11-24 15:42:33,918 - pyALS-RF - INFO: Tree 2: 249 DBs instantiated.
2024-11-24 15:42:33,939 - pyALS-RF - INFO: Tree 3: 232 DBs instantiated.
2024-11-24 15:42:33,959 - pyALS-RF - INFO: Tree 4: 226 DBs instantiated.
2024-11-24 15:42:33,979 - pyALS-RF - INFO: Tree 5: 241 DBs instantiated.
2024-11-24 15:42:33,999 - pyALS-RF - INFO: Tree 6: 229 DBs instantiated.
2024-11-24 15:42:34,019 - pyALS-RF - INFO: Tree 7: 241 DBs instantiated.
2024-11-24 15:42:34,040 - pyALS-RF - INFO: Tree 8: 256 DBs instantiated.
2024-11-24 15:42:34,062 - pyALS-RF - INFO: Tree 9: 241 DBs instantiated.
2024-11-24 15:42:34,083 - pyALS-RF - INFO: Tree 10: 240 DBs instantiated.
2024-11-24 15:42:34,104 - pyALS-RF - INFO: Tree 11: 242 DBs instantiated.
2024-11-24 15:42:34,125 - pyALS-RF - INFO: Tree 12: 235 DBs instantiated.
2024-11-24 15:42:34,147 - pyALS-RF - INFO: Tree 13: 253 DBs instantiated.
2024-11-24 15:42:34,168 - pyALS-RF - INFO: Tree 14: 244 DBs instantiated.
2024-11-24 15:42:34,190 - pyALS-RF - INFO: Tree 15: 237 DBs instantiated.
2024-11-24 15:42:34,210 - pyALS-RF - INFO: Tree 16: 234 DBs instantiated.
2024-11-24 15:42:34,233 - pyALS-RF - INFO: Tree 17: 275 DBs instantiated.
2024-11-24 15:42:34,256 - pyALS-RF - INFO: Tree 18: 220 DBs instantiated.
2024-11-24 15:42:34,276 - pyALS-RF - INFO: Tree 19: 245 DBs instantiated.
2024-11-24 15:42:34,297 - pyALS-RF - INFO: Tree 20: 230 DBs instantiated.
2024-11-24 15:42:34,317 - pyALS-RF - INFO: Tree 21: 249 DBs instantiated.
2024-11-24 15:42:34,339 - pyALS-RF - INFO: Tree 22: 242 DBs instantiated.
2024-11-24 15:42:34,361 - pyALS-RF - INFO: Tree 23: 254 DBs instantiated.
2024-11-24 15:42:34,382 - pyALS-RF - INFO: Tree 24: 226 DBs instantiated.
2024-11-24 15:42:34,403 - pyALS-RF - INFO: Tree 25: 257 DBs instantiated.
2024-11-24 15:42:34,423 - pyALS-RF - INFO: Tree 26: 219 DBs instantiated.
2024-11-24 15:42:34,442 - pyALS-RF - INFO: Tree 27: 239 DBs instantiated.
2024-11-24 15:42:34,464 - pyALS-RF - INFO: Tree 28: 250 DBs instantiated.
2024-11-24 15:42:34,486 - pyALS-RF - INFO: Tree 29: 243 DBs instantiated.
2024-11-24 15:42:34,508 - pyALS-RF - INFO: Tree 30: 241 DBs instantiated.
2024-11-24 15:42:34,528 - pyALS-RF - INFO: Tree 31: 226 DBs instantiated.
2024-11-24 15:42:34,547 - pyALS-RF - INFO: Tree 32: 228 DBs instantiated.
2024-11-24 15:42:34,566 - pyALS-RF - INFO: Tree 33: 219 DBs instantiated.
2024-11-24 15:42:34,585 - pyALS-RF - INFO: Tree 34: 228 DBs instantiated.
2024-11-24 15:42:34,605 - pyALS-RF - INFO: Tree 35: 245 DBs instantiated.
2024-11-24 15:42:34,625 - pyALS-RF - INFO: Tree 36: 236 DBs instantiated.
2024-11-24 15:42:34,645 - pyALS-RF - INFO: Tree 37: 213 DBs instantiated.
2024-11-24 15:42:34,664 - pyALS-RF - INFO: Tree 38: 230 DBs instantiated.
2024-11-24 15:42:34,685 - pyALS-RF - INFO: Tree 39: 238 DBs instantiated.
2024-11-24 15:44:47,018 - pyALS-RF - INFO: Runing the TMR flow.
2024-11-24 15:44:47,052 - pyALS-RF - INFO: Tree 0: 117 DBs instantiated.
2024-11-24 15:44:47,059 - pyALS-RF - INFO: Tree 1: 114 DBs instantiated.
2024-11-24 15:44:47,066 - pyALS-RF - INFO: Tree 2: 116 DBs instantiated.
2024-11-24 15:44:47,073 - pyALS-RF - INFO: Tree 3: 117 DBs instantiated.
2024-11-24 15:44:47,081 - pyALS-RF - INFO: Tree 4: 128 DBs instantiated.
2024-11-24 15:51:33,134 - pyALS-RF - INFO: Runing the TMR flow.
2024-11-24 15:51:33,472 - pyALS-RF - INFO: Tree 0: 245 DBs instantiated.
2024-11-24 15:51:33,495 - pyALS-RF - INFO: Tree 1: 240 DBs instantiated.
2024-11-24 15:51:33,517 - pyALS-RF - INFO: Tree 2: 249 DBs instantiated.
2024-11-24 15:51:33,539 - pyALS-RF - INFO: Tree 3: 232 DBs instantiated.
2024-11-24 15:51:33,558 - pyALS-RF - INFO: Tree 4: 226 DBs instantiated.
2024-11-24 15:51:33,578 - pyALS-RF - INFO: Tree 5: 241 DBs instantiated.
2024-11-24 15:51:33,598 - pyALS-RF - INFO: Tree 6: 229 DBs instantiated.
2024-11-24 15:51:33,618 - pyALS-RF - INFO: Tree 7: 241 DBs instantiated.
2024-11-24 15:51:33,640 - pyALS-RF - INFO: Tree 8: 256 DBs instantiated.
2024-11-24 15:51:33,662 - pyALS-RF - INFO: Tree 9: 241 DBs instantiated.
2024-11-24 15:51:33,684 - pyALS-RF - INFO: Tree 10: 240 DBs instantiated.
2024-11-24 15:51:33,704 - pyALS-RF - INFO: Tree 11: 242 DBs instantiated.
2024-11-24 15:51:33,724 - pyALS-RF - INFO: Tree 12: 235 DBs instantiated.
2024-11-24 15:51:33,746 - pyALS-RF - INFO: Tree 13: 253 DBs instantiated.
2024-11-24 15:51:33,768 - pyALS-RF - INFO: Tree 14: 244 DBs instantiated.
2024-11-24 15:51:33,789 - pyALS-RF - INFO: Tree 15: 237 DBs instantiated.
2024-11-24 15:51:33,810 - pyALS-RF - INFO: Tree 16: 234 DBs instantiated.
2024-11-24 15:51:33,832 - pyALS-RF - INFO: Tree 17: 275 DBs instantiated.
2024-11-24 15:51:33,855 - pyALS-RF - INFO: Tree 18: 220 DBs instantiated.
2024-11-24 15:51:33,874 - pyALS-RF - INFO: Tree 19: 245 DBs instantiated.
2024-11-24 15:51:33,895 - pyALS-RF - INFO: Tree 20: 230 DBs instantiated.
2024-11-24 15:51:33,915 - pyALS-RF - INFO: Tree 21: 249 DBs instantiated.
2024-11-24 15:51:33,937 - pyALS-RF - INFO: Tree 22: 242 DBs instantiated.
2024-11-24 15:51:33,960 - pyALS-RF - INFO: Tree 23: 254 DBs instantiated.
2024-11-24 15:51:33,982 - pyALS-RF - INFO: Tree 24: 226 DBs instantiated.
2024-11-24 15:51:34,002 - pyALS-RF - INFO: Tree 25: 257 DBs instantiated.
2024-11-24 15:51:34,023 - pyALS-RF - INFO: Tree 26: 219 DBs instantiated.
2024-11-24 15:51:34,042 - pyALS-RF - INFO: Tree 27: 239 DBs instantiated.
2024-11-24 15:51:34,063 - pyALS-RF - INFO: Tree 28: 250 DBs instantiated.
2024-11-24 15:51:34,086 - pyALS-RF - INFO: Tree 29: 243 DBs instantiated.
2024-11-24 15:51:34,109 - pyALS-RF - INFO: Tree 30: 241 DBs instantiated.
2024-11-24 15:51:34,129 - pyALS-RF - INFO: Tree 31: 226 DBs instantiated.
2024-11-24 15:51:34,148 - pyALS-RF - INFO: Tree 32: 228 DBs instantiated.
2024-11-24 15:51:34,167 - pyALS-RF - INFO: Tree 33: 219 DBs instantiated.
2024-11-24 15:51:34,187 - pyALS-RF - INFO: Tree 34: 228 DBs instantiated.
2024-11-24 15:51:34,207 - pyALS-RF - INFO: Tree 35: 245 DBs instantiated.
2024-11-24 15:51:34,227 - pyALS-RF - INFO: Tree 36: 236 DBs instantiated.
2024-11-24 15:51:34,246 - pyALS-RF - INFO: Tree 37: 213 DBs instantiated.
2024-11-24 15:51:34,264 - pyALS-RF - INFO: Tree 38: 230 DBs instantiated.
2024-11-24 15:51:34,284 - pyALS-RF - INFO: Tree 39: 238 DBs instantiated.
2024-11-24 15:52:15,087 - pyALS-RF - INFO: Runing the TMR flow.
2024-11-24 15:52:15,442 - pyALS-RF - INFO: Tree 0: 245 DBs instantiated.
2024-11-24 15:52:15,464 - pyALS-RF - INFO: Tree 1: 240 DBs instantiated.
2024-11-24 15:52:15,485 - pyALS-RF - INFO: Tree 2: 249 DBs instantiated.
2024-11-24 15:52:15,507 - pyALS-RF - INFO: Tree 3: 232 DBs instantiated.
2024-11-24 15:52:15,526 - pyALS-RF - INFO: Tree 4: 226 DBs instantiated.
2024-11-24 15:52:15,546 - pyALS-RF - INFO: Tree 5: 241 DBs instantiated.
2024-11-24 15:52:15,567 - pyALS-RF - INFO: Tree 6: 229 DBs instantiated.
2024-11-24 15:52:15,587 - pyALS-RF - INFO: Tree 7: 241 DBs instantiated.
2024-11-24 15:52:15,609 - pyALS-RF - INFO: Tree 8: 256 DBs instantiated.
2024-11-24 15:52:15,631 - pyALS-RF - INFO: Tree 9: 241 DBs instantiated.
2024-11-24 15:52:15,652 - pyALS-RF - INFO: Tree 10: 240 DBs instantiated.
2024-11-24 15:52:15,673 - pyALS-RF - INFO: Tree 11: 242 DBs instantiated.
2024-11-24 15:52:15,693 - pyALS-RF - INFO: Tree 12: 235 DBs instantiated.
2024-11-24 15:52:15,715 - pyALS-RF - INFO: Tree 13: 253 DBs instantiated.
2024-11-24 15:52:15,738 - pyALS-RF - INFO: Tree 14: 244 DBs instantiated.
2024-11-24 15:52:15,758 - pyALS-RF - INFO: Tree 15: 237 DBs instantiated.
2024-11-24 15:52:15,779 - pyALS-RF - INFO: Tree 16: 234 DBs instantiated.
2024-11-24 15:52:15,802 - pyALS-RF - INFO: Tree 17: 275 DBs instantiated.
2024-11-24 15:52:15,824 - pyALS-RF - INFO: Tree 18: 220 DBs instantiated.
2024-11-24 15:52:15,844 - pyALS-RF - INFO: Tree 19: 245 DBs instantiated.
2024-11-24 15:52:15,865 - pyALS-RF - INFO: Tree 20: 230 DBs instantiated.
2024-11-24 15:52:15,886 - pyALS-RF - INFO: Tree 21: 249 DBs instantiated.
2024-11-24 15:52:15,908 - pyALS-RF - INFO: Tree 22: 242 DBs instantiated.
2024-11-24 15:52:15,931 - pyALS-RF - INFO: Tree 23: 254 DBs instantiated.
2024-11-24 15:52:15,952 - pyALS-RF - INFO: Tree 24: 226 DBs instantiated.
2024-11-24 15:52:15,973 - pyALS-RF - INFO: Tree 25: 257 DBs instantiated.
2024-11-24 15:52:15,993 - pyALS-RF - INFO: Tree 26: 219 DBs instantiated.
2024-11-24 15:52:16,013 - pyALS-RF - INFO: Tree 27: 239 DBs instantiated.
2024-11-24 15:52:16,034 - pyALS-RF - INFO: Tree 28: 250 DBs instantiated.
2024-11-24 15:52:16,056 - pyALS-RF - INFO: Tree 29: 243 DBs instantiated.
2024-11-24 15:52:16,077 - pyALS-RF - INFO: Tree 30: 241 DBs instantiated.
2024-11-24 15:52:16,097 - pyALS-RF - INFO: Tree 31: 226 DBs instantiated.
2024-11-24 15:52:16,116 - pyALS-RF - INFO: Tree 32: 228 DBs instantiated.
2024-11-24 15:52:16,135 - pyALS-RF - INFO: Tree 33: 219 DBs instantiated.
2024-11-24 15:52:16,155 - pyALS-RF - INFO: Tree 34: 228 DBs instantiated.
2024-11-24 15:52:16,175 - pyALS-RF - INFO: Tree 35: 245 DBs instantiated.
2024-11-24 15:52:16,196 - pyALS-RF - INFO: Tree 36: 236 DBs instantiated.
2024-11-24 15:52:16,215 - pyALS-RF - INFO: Tree 37: 213 DBs instantiated.
2024-11-24 15:52:16,233 - pyALS-RF - INFO: Tree 38: 230 DBs instantiated.
2024-11-24 15:52:16,254 - pyALS-RF - INFO: Tree 39: 238 DBs instantiated.
2024-11-24 16:12:34,160 - pyALS-RF - INFO: Runing the TMR flow.
2024-11-24 16:12:34,506 - pyALS-RF - INFO: Tree 0: 245 DBs instantiated.
2024-11-24 16:12:34,528 - pyALS-RF - INFO: Tree 1: 240 DBs instantiated.
2024-11-24 16:12:34,549 - pyALS-RF - INFO: Tree 2: 249 DBs instantiated.
2024-11-24 16:12:34,570 - pyALS-RF - INFO: Tree 3: 232 DBs instantiated.
2024-11-24 16:12:34,589 - pyALS-RF - INFO: Tree 4: 226 DBs instantiated.
2024-11-24 16:12:34,609 - pyALS-RF - INFO: Tree 5: 241 DBs instantiated.
2024-11-24 16:12:34,629 - pyALS-RF - INFO: Tree 6: 229 DBs instantiated.
2024-11-24 16:12:34,649 - pyALS-RF - INFO: Tree 7: 241 DBs instantiated.
2024-11-24 16:12:34,670 - pyALS-RF - INFO: Tree 8: 256 DBs instantiated.
2024-11-24 16:12:34,692 - pyALS-RF - INFO: Tree 9: 241 DBs instantiated.
2024-11-24 16:12:34,713 - pyALS-RF - INFO: Tree 10: 240 DBs instantiated.
2024-11-24 16:12:34,733 - pyALS-RF - INFO: Tree 11: 242 DBs instantiated.
2024-11-24 16:12:34,754 - pyALS-RF - INFO: Tree 12: 235 DBs instantiated.
2024-11-24 16:12:34,775 - pyALS-RF - INFO: Tree 13: 253 DBs instantiated.
2024-11-24 16:12:34,797 - pyALS-RF - INFO: Tree 14: 244 DBs instantiated.
2024-11-24 16:12:34,818 - pyALS-RF - INFO: Tree 15: 237 DBs instantiated.
2024-11-24 16:12:34,839 - pyALS-RF - INFO: Tree 16: 234 DBs instantiated.
2024-11-24 16:12:34,863 - pyALS-RF - INFO: Tree 17: 275 DBs instantiated.
2024-11-24 16:12:34,885 - pyALS-RF - INFO: Tree 18: 220 DBs instantiated.
2024-11-24 16:12:34,905 - pyALS-RF - INFO: Tree 19: 245 DBs instantiated.
2024-11-24 16:12:34,926 - pyALS-RF - INFO: Tree 20: 230 DBs instantiated.
2024-11-24 16:12:34,947 - pyALS-RF - INFO: Tree 21: 249 DBs instantiated.
2024-11-24 16:12:34,969 - pyALS-RF - INFO: Tree 22: 242 DBs instantiated.
2024-11-24 16:12:34,992 - pyALS-RF - INFO: Tree 23: 254 DBs instantiated.
2024-11-24 16:12:35,013 - pyALS-RF - INFO: Tree 24: 226 DBs instantiated.
2024-11-24 16:12:35,033 - pyALS-RF - INFO: Tree 25: 257 DBs instantiated.
2024-11-24 16:12:35,054 - pyALS-RF - INFO: Tree 26: 219 DBs instantiated.
2024-11-24 16:12:35,073 - pyALS-RF - INFO: Tree 27: 239 DBs instantiated.
2024-11-24 16:12:35,095 - pyALS-RF - INFO: Tree 28: 250 DBs instantiated.
2024-11-24 16:12:35,117 - pyALS-RF - INFO: Tree 29: 243 DBs instantiated.
2024-11-24 16:12:35,138 - pyALS-RF - INFO: Tree 30: 241 DBs instantiated.
2024-11-24 16:12:35,158 - pyALS-RF - INFO: Tree 31: 226 DBs instantiated.
2024-11-24 16:12:35,177 - pyALS-RF - INFO: Tree 32: 228 DBs instantiated.
2024-11-24 16:12:35,195 - pyALS-RF - INFO: Tree 33: 219 DBs instantiated.
2024-11-24 16:12:35,215 - pyALS-RF - INFO: Tree 34: 228 DBs instantiated.
2024-11-24 16:12:35,235 - pyALS-RF - INFO: Tree 35: 245 DBs instantiated.
2024-11-24 16:12:35,256 - pyALS-RF - INFO: Tree 36: 236 DBs instantiated.
2024-11-24 16:12:35,275 - pyALS-RF - INFO: Tree 37: 213 DBs instantiated.
2024-11-24 16:12:35,294 - pyALS-RF - INFO: Tree 38: 230 DBs instantiated.
2024-11-24 16:12:35,315 - pyALS-RF - INFO: Tree 39: 238 DBs instantiated.
2024-11-24 16:12:58,608 - pyALS-RF - INFO: Runing the TMR flow.
2024-11-24 16:12:58,635 - pyALS-RF - INFO: Tree 0: 117 DBs instantiated.
2024-11-24 16:12:58,643 - pyALS-RF - INFO: Tree 1: 114 DBs instantiated.
2024-11-24 16:12:58,650 - pyALS-RF - INFO: Tree 2: 116 DBs instantiated.
2024-11-24 16:12:58,657 - pyALS-RF - INFO: Tree 3: 117 DBs instantiated.
2024-11-24 16:12:58,664 - pyALS-RF - INFO: Tree 4: 128 DBs instantiated.
2024-11-24 16:13:07,886 - pyALS-RF - INFO: Runing the TMR flow.
2024-11-24 16:13:07,998 - pyALS-RF - INFO: Tree 0: 130 DBs instantiated.
2024-11-24 16:13:08,007 - pyALS-RF - INFO: Tree 1: 146 DBs instantiated.
2024-11-24 16:13:08,016 - pyALS-RF - INFO: Tree 2: 119 DBs instantiated.
2024-11-24 16:13:08,024 - pyALS-RF - INFO: Tree 3: 138 DBs instantiated.
2024-11-24 16:13:08,032 - pyALS-RF - INFO: Tree 4: 122 DBs instantiated.
2024-11-24 16:13:08,041 - pyALS-RF - INFO: Tree 5: 136 DBs instantiated.
2024-11-24 16:13:08,050 - pyALS-RF - INFO: Tree 6: 137 DBs instantiated.
2024-11-24 16:13:08,058 - pyALS-RF - INFO: Tree 7: 123 DBs instantiated.
2024-11-24 16:13:08,066 - pyALS-RF - INFO: Tree 8: 127 DBs instantiated.
2024-11-24 16:13:08,075 - pyALS-RF - INFO: Tree 9: 143 DBs instantiated.
2024-11-24 16:13:08,084 - pyALS-RF - INFO: Tree 10: 132 DBs instantiated.
2024-11-24 16:13:08,092 - pyALS-RF - INFO: Tree 11: 133 DBs instantiated.
2024-11-24 16:13:08,101 - pyALS-RF - INFO: Tree 12: 123 DBs instantiated.
2024-11-24 16:13:08,109 - pyALS-RF - INFO: Tree 13: 126 DBs instantiated.
2024-11-24 16:13:08,118 - pyALS-RF - INFO: Tree 14: 119 DBs instantiated.
2024-11-24 16:13:08,125 - pyALS-RF - INFO: Tree 15: 118 DBs instantiated.
2024-11-24 16:13:08,134 - pyALS-RF - INFO: Tree 16: 142 DBs instantiated.
2024-11-24 16:13:08,144 - pyALS-RF - INFO: Tree 17: 136 DBs instantiated.
2024-11-24 16:13:08,152 - pyALS-RF - INFO: Tree 18: 124 DBs instantiated.
2024-11-24 16:13:08,160 - pyALS-RF - INFO: Tree 19: 133 DBs instantiated.
2024-11-24 16:13:18,274 - pyALS-RF - INFO: Runing the TMR flow.
2024-11-24 16:13:18,300 - pyALS-RF - INFO: Tree 0: 117 DBs instantiated.
2024-11-24 16:13:18,308 - pyALS-RF - INFO: Tree 1: 114 DBs instantiated.
2024-11-24 16:13:18,315 - pyALS-RF - INFO: Tree 2: 116 DBs instantiated.
2024-11-24 16:13:18,322 - pyALS-RF - INFO: Tree 3: 117 DBs instantiated.
2024-11-24 16:13:18,330 - pyALS-RF - INFO: Tree 4: 128 DBs instantiated.
2024-11-24 16:13:20,866 - pyALS-RF - INFO: Runing the TMR flow.
2024-11-24 16:13:20,892 - pyALS-RF - INFO: Tree 0: 117 DBs instantiated.
2024-11-24 16:13:20,900 - pyALS-RF - INFO: Tree 1: 114 DBs instantiated.
2024-11-24 16:13:20,907 - pyALS-RF - INFO: Tree 2: 116 DBs instantiated.
2024-11-24 16:13:20,914 - pyALS-RF - INFO: Tree 3: 117 DBs instantiated.
2024-11-24 16:13:20,923 - pyALS-RF - INFO: Tree 4: 128 DBs instantiated.
2024-11-24 16:13:31,617 - pyALS-RF - INFO: Runing the TMR flow.
2024-11-24 16:13:31,635 - pyALS-RF - INFO: Tree 0: 23 DBs instantiated.
2024-11-24 16:13:31,637 - pyALS-RF - INFO: Tree 1: 22 DBs instantiated.
2024-11-24 16:13:31,639 - pyALS-RF - INFO: Tree 2: 24 DBs instantiated.
2024-11-24 16:13:31,640 - pyALS-RF - INFO: Tree 3: 21 DBs instantiated.
2024-11-24 16:13:31,641 - pyALS-RF - INFO: Tree 4: 25 DBs instantiated.
2024-11-24 16:18:13,817 - pyALS-RF - INFO: Runing the TMR flow.
2024-11-24 16:18:14,007 - pyALS-RF - INFO: Tree 0: 509 DBs instantiated.
2024-11-24 16:18:14,112 - pyALS-RF - INFO: Tree 1: 475 DBs instantiated.
2024-11-24 16:18:14,203 - pyALS-RF - INFO: Tree 2: 525 DBs instantiated.
2024-11-24 16:18:14,298 - pyALS-RF - INFO: Tree 3: 451 DBs instantiated.
2024-11-24 16:18:14,396 - pyALS-RF - INFO: Tree 4: 508 DBs instantiated.
2024-11-24 16:34:03,514 - pyALS-RF - INFO: Runing the TMR flow.
2024-11-24 16:34:03,698 - pyALS-RF - INFO: Tree 0: 509 DBs instantiated.
2024-11-24 16:34:03,802 - pyALS-RF - INFO: Tree 1: 475 DBs instantiated.
2024-11-24 16:34:03,896 - pyALS-RF - INFO: Tree 2: 525 DBs instantiated.
2024-11-24 16:34:03,989 - pyALS-RF - INFO: Tree 3: 451 DBs instantiated.
2024-11-24 16:34:04,084 - pyALS-RF - INFO: Tree 4: 508 DBs instantiated.
2024-11-24 17:13:56,243 - pyALS-RF - INFO: Runing the TMR flow.
2024-11-24 17:13:56,434 - pyALS-RF - INFO: Tree 0: 509 DBs instantiated.
2024-11-24 17:13:56,539 - pyALS-RF - INFO: Tree 1: 475 DBs instantiated.
2024-11-24 17:13:56,633 - pyALS-RF - INFO: Tree 2: 525 DBs instantiated.
2024-11-24 17:13:56,727 - pyALS-RF - INFO: Tree 3: 451 DBs instantiated.
2024-11-24 17:13:56,824 - pyALS-RF - INFO: Tree 4: 508 DBs instantiated.
2024-11-24 17:14:07,442 - pyALS-RF - INFO: Runing the TMR flow.
2024-11-24 17:14:07,629 - pyALS-RF - INFO: Tree 0: 509 DBs instantiated.
2024-11-24 17:14:07,734 - pyALS-RF - INFO: Tree 1: 475 DBs instantiated.
2024-11-24 17:14:07,827 - pyALS-RF - INFO: Tree 2: 525 DBs instantiated.
2024-11-24 17:14:07,921 - pyALS-RF - INFO: Tree 3: 451 DBs instantiated.
2024-11-24 17:14:08,014 - pyALS-RF - INFO: Tree 4: 508 DBs instantiated.
2024-11-24 17:14:27,669 - pyALS-RF - INFO: Runing the TMR flow.
2024-11-24 17:14:28,633 - pyALS-RF - INFO: Tree 0: 399 DBs instantiated.
2024-11-24 17:14:28,709 - pyALS-RF - INFO: Tree 1: 392 DBs instantiated.
2024-11-24 17:14:28,776 - pyALS-RF - INFO: Tree 2: 409 DBs instantiated.
2024-11-24 17:14:28,845 - pyALS-RF - INFO: Tree 3: 394 DBs instantiated.
2024-11-24 17:14:28,913 - pyALS-RF - INFO: Tree 4: 396 DBs instantiated.
2024-11-24 17:14:28,978 - pyALS-RF - INFO: Tree 5: 369 DBs instantiated.
2024-11-24 17:14:29,039 - pyALS-RF - INFO: Tree 6: 373 DBs instantiated.
2024-11-24 17:14:29,099 - pyALS-RF - INFO: Tree 7: 389 DBs instantiated.
2024-11-24 17:14:29,163 - pyALS-RF - INFO: Tree 8: 358 DBs instantiated.
2024-11-24 17:14:29,219 - pyALS-RF - INFO: Tree 9: 365 DBs instantiated.
2024-11-24 17:14:29,282 - pyALS-RF - INFO: Tree 10: 407 DBs instantiated.
2024-11-24 17:14:29,353 - pyALS-RF - INFO: Tree 11: 398 DBs instantiated.
2024-11-24 17:14:29,419 - pyALS-RF - INFO: Tree 12: 365 DBs instantiated.
2024-11-24 17:14:29,480 - pyALS-RF - INFO: Tree 13: 370 DBs instantiated.
2024-11-24 17:14:29,545 - pyALS-RF - INFO: Tree 14: 399 DBs instantiated.
2024-11-24 17:14:29,606 - pyALS-RF - INFO: Tree 15: 366 DBs instantiated.
2024-11-24 17:14:29,660 - pyALS-RF - INFO: Tree 16: 364 DBs instantiated.
2024-11-24 17:14:29,716 - pyALS-RF - INFO: Tree 17: 391 DBs instantiated.
2024-11-24 17:14:29,784 - pyALS-RF - INFO: Tree 18: 384 DBs instantiated.
2024-11-24 17:14:29,847 - pyALS-RF - INFO: Tree 19: 372 DBs instantiated.
2024-11-24 17:14:29,908 - pyALS-RF - INFO: Tree 20: 383 DBs instantiated.
2024-11-24 17:14:29,970 - pyALS-RF - INFO: Tree 21: 372 DBs instantiated.
2024-11-24 17:14:30,029 - pyALS-RF - INFO: Tree 22: 366 DBs instantiated.
2024-11-24 17:14:30,102 - pyALS-RF - INFO: Tree 23: 439 DBs instantiated.
2024-11-24 17:14:30,176 - pyALS-RF - INFO: Tree 24: 379 DBs instantiated.
2024-11-24 17:14:30,247 - pyALS-RF - INFO: Tree 25: 434 DBs instantiated.
2024-11-24 17:14:30,323 - pyALS-RF - INFO: Tree 26: 393 DBs instantiated.
2024-11-24 17:14:30,387 - pyALS-RF - INFO: Tree 27: 380 DBs instantiated.
2024-11-24 17:14:30,449 - pyALS-RF - INFO: Tree 28: 386 DBs instantiated.
2024-11-24 17:14:30,509 - pyALS-RF - INFO: Tree 29: 388 DBs instantiated.
2024-11-24 17:14:30,574 - pyALS-RF - INFO: Tree 30: 402 DBs instantiated.
2024-11-24 17:14:30,633 - pyALS-RF - INFO: Tree 31: 347 DBs instantiated.
2024-11-24 17:14:30,684 - pyALS-RF - INFO: Tree 32: 332 DBs instantiated.
2024-11-24 17:14:30,742 - pyALS-RF - INFO: Tree 33: 396 DBs instantiated.
2024-11-24 17:14:30,806 - pyALS-RF - INFO: Tree 34: 389 DBs instantiated.
2024-11-24 17:14:30,868 - pyALS-RF - INFO: Tree 35: 367 DBs instantiated.
2024-11-24 17:14:30,931 - pyALS-RF - INFO: Tree 36: 364 DBs instantiated.
2024-11-24 17:14:30,996 - pyALS-RF - INFO: Tree 37: 385 DBs instantiated.
2024-11-24 17:14:31,067 - pyALS-RF - INFO: Tree 38: 395 DBs instantiated.
2024-11-24 17:14:31,142 - pyALS-RF - INFO: Tree 39: 375 DBs instantiated.
